Date,Price,Open,High,Low,Volume,Chg%
"Nov 02, 2015",10.3453,10.3515,10.3616,10.3111,0,-0.09%
"Nov 03, 2015",10.3485,10.3443,10.3842,10.3189,0,0.03%
"Nov 04, 2015",10.3552,10.3501,10.3588,10.3091,0,0.06%
"Nov 05, 2015",10.3779,10.3532,10.3843,10.3223,0,0.22%
"Nov 06, 2015",10.4108,10.3676,10.4108,10.347,0,0.32%
"Nov 09, 2015",10.4485,10.3872,10.4569,10.3828,0,0.36%
"Nov 10, 2015",10.4059,10.4465,10.4621,10.4018,0,-0.41%
"Nov 11, 2015",10.3762,10.4027,10.4133,10.3664,0,-0.29%
"Nov 12, 2015",10.371,10.3712,10.3898,10.3591,0,-0.05%
"Nov 13, 2015",10.3642,10.3688,10.3928,10.3558,0,-0.07%
"Nov 16, 2015",10.3412,10.3654,10.3884,10.3328,0,-0.22%
"Nov 17, 2015",10.3441,10.3408,10.3634,10.3349,0,0.03%
"Nov 18, 2015",10.342,10.3443,10.3878,10.338,0,-0.02%
"Nov 19, 2015",10.3541,10.3418,10.3817,10.3379,0,0.12%
"Nov 20, 2015",10.3458,10.3513,10.3806,10.3407,0,-0.08%
"Nov 23, 2015",10.3918,10.3476,10.4058,10.3307,0,0.44%
"Nov 24, 2015",10.37,10.3902,10.408,10.3657,0,-0.21%
"Nov 25, 2015",10.3875,10.3658,10.3923,10.3657,0,0.17%
"Nov 26, 2015",10.4178,10.3848,10.435,10.3812,0,0.29%
"Nov 27, 2015",10.4626,10.4093,10.4629,10.4059,0,0.43%
"Nov 30, 2015",10.3878,10.4489,10.4678,10.3798,0,-0.71%
"Dec 01, 2015",10.3822,10.3861,10.4105,10.3726,0,-0.05%
"Dec 02, 2015",10.4069,10.3802,10.4207,10.3801,0,0.24%
"Dec 03, 2015",10.44,10.4063,10.457,10.4005,0,0.32%
"Dec 04, 2015",10.4112,10.4381,10.472,10.4092,0,-0.28%
"Dec 07, 2015",10.4199,10.4094,10.4346,10.3838,0,0.08%
"Dec 08, 2015",10.4184,10.4188,10.4242,10.3913,0,-0.01%
"Dec 09, 2015",10.4006,10.416,10.4197,10.3819,0,-0.17%
"Dec 10, 2015",10.3695,10.3974,10.4139,10.3537,0,-0.30%
"Dec 11, 2015",10.402,10.3662,10.402,10.3376,0,0.31%
"Dec 14, 2015",10.3876,10.383,10.4011,10.3641,0,-0.14%
"Dec 15, 2015",10.3487,10.3856,10.3891,10.3312,0,-0.37%
"Dec 16, 2015",10.2692,10.346,10.3671,10.2592,0,-0.77%
"Dec 17, 2015",10.2443,10.2628,10.2893,10.2156,0,-0.24%
"Dec 18, 2015",10.2222,10.2389,10.2638,10.2141,0,-0.22%
"Dec 21, 2015",10.2226,10.2281,10.244,10.2091,0,0.00%
"Dec 22, 2015",10.2247,10.2214,10.2426,10.2111,0,0.02%
"Dec 23, 2015",10.1944,10.2213,10.237,10.1864,0,-0.30%
"Dec 24, 2015",10.1813,10.1937,10.2136,10.1773,0,-0.13%
"Dec 25, 2015",10.1948,10.1774,10.208,10.1772,0,0.13%
"Dec 28, 2015",10.1927,10.1916,10.2183,10.1823,0,-0.02%
"Dec 29, 2015",10.214,10.1912,10.244,10.1886,0,0.21%
"Dec 30, 2015",10.2409,10.2134,10.244,10.2099,0,0.26%
"Dec 31, 2015",10.1959,10.2383,10.2423,10.1737,0,-0.44%
"Jan 01, 2016",10.2,10.192,10.205,10.1798,0,0.04%
"Jan 04, 2016",10.1875,10.1853,10.2218,10.1658,0,-0.12%
"Jan 05, 2016",10.1926,10.1866,10.2206,10.18,0,0.05%
"Jan 06, 2016",10.1727,10.193,10.219,10.1692,0,-0.20%
"Jan 07, 2016",10.1459,10.1713,10.1857,10.094,0,-0.26%
"Jan 08, 2016",10.1338,10.144,10.1806,10.1033,0,-0.12%
"Jan 11, 2016",10.1622,10.1314,10.1754,10.1294,0,0.28%
"Jan 12, 2016",10.1858,10.1584,10.1884,10.1466,0,0.23%
"Jan 13, 2016",10.1769,10.1806,10.1838,10.1409,0,-0.09%
"Jan 14, 2016",10.2145,10.1737,10.2418,10.1592,0,0.37%
"Jan 15, 2016",10.2925,10.2133,10.3068,10.2032,0,0.76%
"Jan 18, 2016",10.2847,10.292,10.299,10.2552,0,-0.08%
"Jan 19, 2016",10.2962,10.2831,10.3063,10.2602,0,0.11%
"Jan 20, 2016",10.3304,10.2942,10.3623,10.2938,0,0.33%
"Jan 21, 2016",10.3039,10.328,10.3544,10.301,0,-0.26%
"Jan 22, 2016",10.2673,10.3054,10.3151,10.2651,0,-0.36%
"Jan 25, 2016",10.2981,10.27,10.3125,10.2537,0,0.30%
"Jan 26, 2016",10.2908,10.2919,10.3196,10.2812,0,-0.07%
"Jan 27, 2016",10.3597,10.2916,10.366,10.2875,0,0.67%
"Jan 28, 2016",10.35,10.3583,10.3802,10.339,0,-0.09%
"Jan 29, 2016",10.322,10.3473,10.3696,10.3049,0,-0.27%
"Feb 01, 2016",10.3118,10.3191,10.3324,10.2769,0,-0.10%
"Feb 02, 2016",10.331,10.3065,10.3413,10.2954,0,0.19%
"Feb 03, 2016",10.3291,10.3293,10.3756,10.3247,0,-0.02%
"Feb 04, 2016",10.2889,10.307,10.324,10.2652,0,-0.39%
"Feb 05, 2016",10.315,10.286,10.3196,10.26,0,0.25%
"Feb 08, 2016",10.3491,10.3196,10.3542,10.3044,0,0.33%
"Feb 09, 2016",10.3288,10.3461,10.3773,10.3198,0,-0.20%
"Feb 10, 2016",10.3227,10.3241,10.3434,10.3071,0,-0.06%
"Feb 11, 2016",10.4155,10.3168,10.4184,10.3051,0,0.90%
"Feb 12, 2016",10.3619,10.4094,10.4193,10.3546,0,-0.51%
"Feb 15, 2016",10.488,10.3559,10.5029,10.3559,0,1.22%
"Feb 16, 2016",10.507,10.4848,10.513,10.4525,0,0.18%
"Feb 17, 2016",10.4667,10.5045,10.5271,10.4608,0,-0.38%
"Feb 18, 2016",10.5145,10.4621,10.5294,10.4611,0,0.46%
"Feb 19, 2016",10.5091,10.5075,10.5337,10.5041,0,-0.05%
"Feb 22, 2016",10.5083,10.5263,10.5418,10.5013,0,-0.01%
"Feb 23, 2016",10.504,10.5064,10.5234,10.486,0,-0.04%
"Feb 24, 2016",10.4768,10.5013,10.516,10.4641,0,-0.26%
"Feb 25, 2016",10.5254,10.4709,10.5495,10.4637,0,0.46%
"Feb 26, 2016",10.5097,10.5231,10.5403,10.4928,0,-0.15%
"Feb 29, 2016",10.4071,10.5059,10.5141,10.4024,0,-0.98%
"Mar 01, 2016",10.3407,10.4028,10.4536,10.3242,0,-0.64%
"Mar 02, 2016",10.2879,10.316,10.3453,10.2842,0,-0.51%
"Mar 03, 2016",10.2767,10.2847,10.3089,10.2747,0,-0.11%
"Mar 04, 2016",10.2854,10.2749,10.3361,10.2725,0,0.08%
"Mar 07, 2016",10.2795,10.2894,10.3088,10.2673,0,-0.06%
"Mar 08, 2016",10.351,10.276,10.3696,10.2759,0,0.70%
"Mar 09, 2016",10.3061,10.3489,10.3665,10.2912,0,-0.43%
"Mar 10, 2016",10.3437,10.3006,10.3514,10.2497,0,0.36%
"Mar 11, 2016",10.303,10.3391,10.3643,10.2929,0,-0.39%
"Mar 14, 2016",10.329,10.3075,10.3455,10.2964,0,0.25%
"Mar 15, 2016",10.3418,10.325,10.357,10.3185,0,0.12%
"Mar 16, 2016",10.2994,10.3345,10.3527,10.293,0,-0.41%
"Mar 17, 2016",10.2888,10.3346,10.3387,10.2582,0,-0.10%
"Mar 18, 2016",10.2577,10.2894,10.3162,10.2282,0,-0.30%
"Mar 21, 2016",10.2551,10.2507,10.2745,10.2332,0,-0.03%
"Mar 22, 2016",10.2858,10.2482,10.2937,10.2345,0,0.30%
"Mar 23, 2016",10.2871,10.2804,10.3078,10.2467,0,0.01%
"Mar 24, 2016",10.2716,10.2812,10.2864,10.252,0,-0.15%
"Mar 25, 2016",10.2562,10.2665,10.2745,10.2413,0,-0.15%
"Mar 28, 2016",10.2356,10.2441,10.2733,10.2074,0,-0.20%
"Mar 29, 2016",10.2014,10.2306,10.2402,10.198,0,-0.33%
"Mar 30, 2016",10.2667,10.1956,10.2667,10.1956,0,0.64%
"Mar 31, 2016",10.2737,10.2621,10.2753,10.2242,0,0.07%
"Apr 01, 2016",10.2438,10.2467,10.2807,10.2364,0,-0.29%
"Apr 04, 2016",10.2037,10.2321,10.2472,10.1881,0,-0.39%
"Apr 05, 2016",10.2546,10.2016,10.2757,10.1979,0,0.50%
"Apr 06, 2016",10.2637,10.2508,10.3018,10.2437,0,0.09%
"Apr 07, 2016",10.3291,10.2576,10.3398,10.2552,0,0.64%
"Apr 08, 2016",10.2928,10.3227,10.3338,10.2715,0,-0.35%
"Apr 11, 2016",10.2619,10.2871,10.3042,10.2517,0,-0.30%
"Apr 12, 2016",10.2517,10.2601,10.2996,10.2458,0,-0.10%
"Apr 13, 2016",10.2643,10.2466,10.3011,10.2457,0,0.12%
"Apr 14, 2016",10.2732,10.2617,10.2888,10.2541,0,0.09%
"Apr 15, 2016",10.2942,10.2691,10.2942,10.2589,0,0.20%
"Apr 18, 2016",10.2571,10.2886,10.3017,10.2499,0,-0.36%
"Apr 19, 2016",10.2429,10.2501,10.2762,10.225,0,-0.14%
"Apr 20, 2016",10.2253,10.2379,10.2679,10.2077,0,-0.17%
"Apr 21, 2016",10.2577,10.2185,10.2637,10.2122,0,0.32%
"Apr 22, 2016",10.2539,10.2567,10.2665,10.2332,0,-0.04%
"Apr 25, 2016",10.2703,10.2515,10.2812,10.2367,0,0.16%
"Apr 26, 2016",10.2263,10.2653,10.2992,10.2188,0,-0.43%
"Apr 27, 2016",10.2174,10.2203,10.2627,10.2115,0,-0.09%
"Apr 28, 2016",10.2536,10.2187,10.2776,10.204,0,0.35%
"Apr 29, 2016",10.2601,10.2473,10.2828,10.2148,0,0.06%
"May 02, 2016",10.248,10.2583,10.2663,10.242,0,-0.12%
"May 03, 2016",10.2527,10.2456,10.2625,10.2241,0,0.05%
"May 04, 2016",10.2585,10.2516,10.2681,10.2276,0,0.06%
"May 05, 2016",10.2342,10.2566,10.2659,10.2056,0,-0.24%
"May 06, 2016",10.246,10.2339,10.2636,10.2208,0,0.12%
"May 09, 2016",10.2429,10.2396,10.2503,10.2047,0,-0.03%
"May 10, 2016",10.2221,10.2368,10.2488,10.2058,0,-0.20%
"May 11, 2016",10.2528,10.2154,10.2649,10.2154,0,0.30%
"May 12, 2016",10.2439,10.2497,10.2664,10.212,0,-0.09%
"May 13, 2016",10.235,10.2381,10.2555,10.2266,0,-0.09%
"May 16, 2016",10.2503,10.2387,10.2597,10.225,0,0.15%
"May 17, 2016",10.2485,10.2444,10.2601,10.2226,0,-0.02%
"May 18, 2016",10.2679,10.2416,10.2723,10.2314,0,0.19%
"May 19, 2016",10.3003,10.2641,10.3285,10.251,0,0.32%
"May 20, 2016",10.2929,10.294,10.3196,10.2812,0,-0.07%
"May 23, 2016",10.2826,10.294,10.315,10.2701,0,-0.10%
"May 24, 2016",10.314,10.2802,10.3437,10.2784,0,0.31%
"May 25, 2016",10.2643,10.3093,10.3241,10.2439,0,-0.48%
"May 26, 2016",10.2069,10.2666,10.2848,10.197,0,-0.56%
"May 27, 2016",10.213,10.203,10.2393,10.182,0,0.06%
"May 30, 2016",10.2033,10.2102,10.2406,10.183,0,-0.09%
"May 31, 2016",10.2096,10.1982,10.2419,10.1888,0,0.06%
"Jun 01, 2016",10.256,10.203,10.268,10.1774,0,0.45%
"Jun 02, 2016",10.216,10.2618,10.2719,10.2018,0,-0.39%
"Jun 03, 2016",10.2058,10.2126,10.2308,10.1835,0,-0.10%
"Jun 06, 2016",10.1756,10.216,10.2217,10.1698,0,-0.30%
"Jun 07, 2016",10.1435,10.1729,10.1907,10.1377,0,-0.32%
"Jun 08, 2016",10.1334,10.1412,10.1762,10.1203,0,-0.10%
"Jun 09, 2016",10.1727,10.1267,10.1791,10.124,0,0.39%
"Jun 10, 2016",10.2031,10.1713,10.2119,10.1611,0,0.30%
"Jun 13, 2016",10.202,10.1982,10.207,10.1545,0,-0.01%
"Jun 14, 2016",10.2012,10.1955,10.2227,10.1762,0,-0.01%
"Jun 15, 2016",10.1915,10.1942,10.2097,10.173,0,-0.10%
"Jun 16, 2016",10.2116,10.1849,10.2355,10.1836,0,0.20%
"Jun 17, 2016",10.1806,10.2074,10.2262,10.1676,0,-0.30%
"Jun 20, 2016",10.2707,10.1736,10.2868,10.1735,0,0.89%
"Jun 21, 2016",10.261,10.2606,10.2826,10.2394,0,-0.09%
"Jun 22, 2016",10.2546,10.2605,10.2801,10.2336,0,-0.06%
"Jun 23, 2016",10.2291,10.2481,10.2699,10.2103,0,-0.25%
"Jun 24, 2016",10.2517,10.2222,10.3343,10.1671,0,0.22%
"Jun 27, 2016",10.2103,10.2402,10.2598,10.1953,0,-0.40%
"Jun 28, 2016",10.1856,10.2011,10.2279,10.1696,0,-0.24%
"Jun 29, 2016",10.1588,10.1794,10.2075,10.1398,0,-0.26%
"Jun 30, 2016",10.1539,10.1505,10.1861,10.1386,0,-0.05%
"Jul 01, 2016",10.0951,10.1499,10.1537,10.0818,0,-0.58%
"Jul 04, 2016",10.0918,10.092,10.1111,10.0704,0,-0.03%
"Jul 05, 2016",10.0955,10.0846,10.1245,10.0766,0,0.04%
"Jul 06, 2016",10.0718,10.0905,10.1087,10.0582,0,-0.23%
"Jul 07, 2016",10.1025,10.0648,10.1091,10.0553,0,0.30%
"Jul 08, 2016",10.0387,10.0978,10.103,10.0265,0,-0.63%
"Jul 11, 2016",10.0297,10.0368,10.0551,10.0103,0,-0.09%
"Jul 12, 2016",10.0133,10.0277,10.057,10.0058,0,-0.16%
"Jul 13, 2016",10.0229,10.0208,10.06,10.0012,0,0.10%
"Jul 14, 2016",10.0011,10.0152,10.029,9.9883,0,-0.22%
"Jul 15, 2016",10.0378,9.9945,10.0498,9.9945,0,0.37%
"Jul 18, 2016",10.0137,10.0264,10.0393,9.999,0,-0.24%
"Jul 19, 2016",10.036,10.0075,10.047,10.0072,0,0.22%
"Jul 20, 2016",10.0578,10.0274,10.0748,10.0267,0,0.22%
"Jul 21, 2016",10.0597,10.0553,10.0854,10.0444,0,0.02%
"Jul 22, 2016",10.0538,10.0567,10.0828,10.0374,0,-0.06%
"Jul 25, 2016",10.0938,10.0463,10.1025,10.0419,0,0.40%
"Jul 26, 2016",10.09,10.0924,10.1105,10.0733,0,-0.04%
"Jul 27, 2016",10.0558,10.08,10.0994,10.0468,0,-0.34%
"Jul 28, 2016",10.0691,10.0492,10.0824,10.0491,0,0.13%
"Jul 29, 2016",10.0424,10.0657,10.0889,10.0383,0,-0.27%
"Aug 01, 2016",10.049,10.0503,10.0725,10.026,0,0.07%
"Aug 02, 2016",10.0619,10.0452,10.066,10.0349,0,0.13%
"Aug 03, 2016",10.064,10.0561,10.1111,10.0553,0,0.02%
"Aug 04, 2016",10.0634,10.0613,10.0992,10.0432,0,-0.01%
"Aug 05, 2016",10.0417,10.0578,10.0729,10.0227,0,-0.22%
"Aug 08, 2016",10.0294,10.0347,10.0422,10.0095,0,-0.12%
"Aug 09, 2016",10.0327,10.0262,10.0597,10.0214,0,0.03%
"Aug 10, 2016",10.0581,10.0267,10.0715,10.0176,0,0.25%
"Aug 11, 2016",10.0715,10.0513,10.0767,10.0503,0,0.13%
"Aug 12, 2016",10.0835,10.0695,10.0863,10.0474,0,0.12%
"Aug 15, 2016",10.0712,10.0778,10.0831,10.0587,0,-0.12%
"Aug 16, 2016",10.093,10.0701,10.1017,10.0594,0,0.22%
"Aug 17, 2016",10.0828,10.0875,10.1029,10.071,0,-0.10%
"Aug 18, 2016",10.0781,10.0807,10.1049,10.0562,0,-0.05%
"Aug 19, 2016",10.091,10.0732,10.1016,10.0574,0,0.13%
"Aug 22, 2016",10.1045,10.0872,10.1298,10.0628,0,0.13%
"Aug 23, 2016",10.1074,10.097,10.1143,10.0875,0,0.03%
"Aug 24, 2016",10.0866,10.0994,10.1247,10.0647,0,-0.21%
"Aug 25, 2016",10.0636,10.0808,10.0946,10.0562,0,-0.23%
"Aug 26, 2016",10.0626,10.0569,10.0684,10.011,0,-0.01%
"Aug 29, 2016",10.0503,10.0568,10.0752,10.0375,0,-0.12%
"Aug 30, 2016",10.0498,10.0458,10.0647,10.0185,0,0.00%
"Aug 31, 2016",10.0269,10.0438,10.0596,10.0168,0,-0.23%
"Sep 01, 2016",10.0128,10.0212,10.0446,10.0044,0,-0.14%
"Sep 02, 2016",9.9985,10.011,10.0238,9.9632,0,-0.14%
"Sep 05, 2016",9.9557,9.99,9.9999,9.9385,0,-0.43%
"Sep 06, 2016",9.9288,9.947,9.9731,9.9193,0,-0.27%
"Sep 07, 2016",9.9779,9.929,9.9823,9.929,0,0.49%
"Sep 08, 2016",9.9982,9.9727,10.0051,9.9557,0,0.20%
"Sep 09, 2016",10.0172,9.9974,10.0172,9.9468,0,0.19%
"Sep 12, 2016",9.9905,10.0105,10.0312,9.9853,0,-0.27%
"Sep 13, 2016",10.0519,9.987,10.053,9.986,0,0.61%
"Sep 14, 2016",10.0096,10.0473,10.0636,10.0024,0,-0.42%
"Sep 15, 2016",10.019,10.0041,10.0526,9.9996,0,0.09%
"Sep 16, 2016",10.0512,10.014,10.0579,10.0007,0,0.32%
"Sep 19, 2016",10.0442,10.0458,10.0625,10.021,0,-0.07%
"Sep 20, 2016",10.0397,10.0375,10.0586,10.024,0,-0.04%
"Sep 21, 2016",10.0034,10.0357,10.0652,9.9972,0,-0.36%
"Sep 22, 2016",9.9978,10.0008,10.0343,9.9757,0,-0.06%
"Sep 23, 2016",10.0019,9.9938,10.0083,9.9813,0,0.04%
"Sep 26, 2016",9.9885,9.9996,10.0169,9.9764,0,-0.13%
"Sep 27, 2016",9.9586,9.9864,10.0072,9.9532,0,-0.30%
"Sep 28, 2016",9.9397,9.9544,9.9726,9.9346,0,-0.19%
"Sep 29, 2016",10.021,9.9346,10.0404,9.9318,0,0.82%
"Sep 30, 2016",9.976,10.0145,10.0313,9.9612,0,-0.45%
"Oct 03, 2016",9.9745,9.9698,9.9841,9.951,0,-0.02%
"Oct 04, 2016",9.984,9.9606,9.9871,9.9424,0,0.10%
"Oct 05, 2016",9.9785,9.9784,9.9939,9.9622,0,-0.06%
"Oct 06, 2016",9.9971,9.9725,10.0121,9.9695,0,0.19%
"Oct 07, 2016",9.983,9.9908,10.026,9.9667,0,-0.14%
"Oct 10, 2016",9.9132,9.9767,9.9916,9.9049,0,-0.70%
"Oct 11, 2016",9.9427,9.9101,9.9467,9.8999,0,0.30%
"Oct 12, 2016",9.9438,9.9343,9.9593,9.9239,0,0.01%
"Oct 13, 2016",9.9287,9.943,9.9619,9.9155,0,-0.15%
"Oct 14, 2016",9.9151,9.9234,9.9504,9.9004,0,-0.14%
"Oct 17, 2016",9.913,9.912,9.9338,9.9036,0,-0.02%
"Oct 18, 2016",9.8996,9.9078,9.9159,9.8861,0,-0.14%
"Oct 19, 2016",9.891,9.898,9.9091,9.8829,0,-0.09%
"Oct 20, 2016",9.9075,9.8871,9.9198,9.8829,0,0.17%
"Oct 21, 2016",9.8904,9.9072,9.9122,9.8817,0,-0.17%
"Oct 24, 2016",9.8661,9.8864,9.8949,9.8496,0,-0.25%
"Oct 25, 2016",9.8517,9.8622,9.8827,9.8358,0,-0.15%
"Oct 26, 2016",9.8747,9.8464,9.8803,9.841,0,0.23%
"Oct 27, 2016",9.857,9.8722,9.8853,9.8447,0,-0.18%
"Oct 28, 2016",9.8509,9.8531,9.8796,9.8326,0,-0.06%
"Oct 31, 2016",9.8417,9.8451,9.8713,9.8353,0,-0.09%
"Nov 01, 2016",9.8567,9.8369,9.865,9.8353,0,0.15%
"Nov 02, 2016",9.8803,9.8501,9.8888,9.8464,0,0.24%
"Nov 03, 2016",9.8554,9.8774,9.8867,9.8434,0,-0.25%
"Nov 04, 2016",9.8862,9.8486,9.8872,9.8463,0,0.31%
"Nov 07, 2016",9.8493,9.8802,9.8855,9.8339,0,-0.37%
"Nov 08, 2016",9.7601,9.8441,9.8513,9.7531,0,-0.91%
"Nov 09, 2016",9.8104,9.7537,9.9119,9.751,0,0.52%
"Nov 10, 2016",9.8304,9.7851,9.8379,9.7657,0,0.20%
"Nov 11, 2016",9.9178,9.8097,9.9244,9.8093,0,0.89%
"Nov 14, 2016",9.9002,9.9076,9.9122,9.8713,0,-0.18%
"Nov 15, 2016",9.8826,9.8957,9.9071,9.8433,0,-0.18%
"Nov 16, 2016",9.8829,9.876,9.9061,9.8417,0,0.00%
"Nov 17, 2016",9.8896,9.8746,9.902,9.8603,0,0.07%
"Nov 18, 2016",9.899,9.8845,9.9083,9.8621,0,0.10%
"Nov 21, 2016",9.8984,9.8948,9.9079,9.8647,0,-0.01%
"Nov 22, 2016",9.9268,9.8951,9.9405,9.8759,0,0.29%
"Nov 23, 2016",9.9396,9.9224,9.9648,9.9164,0,0.13%
"Nov 24, 2016",9.9371,9.9409,9.9577,9.9085,0,-0.03%
"Nov 25, 2016",9.9018,9.9298,9.949,9.8749,0,-0.36%
"Nov 28, 2016",9.9265,9.8972,9.973,9.8972,0,0.25%
"Nov 29, 2016",9.9489,9.9197,9.9823,9.9176,0,0.23%
"Nov 30, 2016",9.9608,9.9423,9.9853,9.9292,0,0.12%
"Dec 01, 2016",9.9086,9.9543,9.9612,9.8955,0,-0.52%
"Dec 02, 2016",9.8788,9.902,9.9398,9.8694,0,-0.30%
"Dec 05, 2016",9.8859,9.8717,9.9186,9.871,0,0.07%
"Dec 06, 2016",9.8432,9.8795,9.9296,9.8279,0,-0.43%
"Dec 07, 2016",9.8012,9.8371,9.878,9.7944,0,-0.43%
"Dec 08, 2016",9.8179,9.7973,9.8261,9.7826,0,0.17%
"Dec 09, 2016",9.7675,9.7928,9.808,9.7551,0,-0.51%
"Dec 12, 2016",9.7628,9.7612,9.7853,9.7454,0,-0.05%
"Dec 13, 2016",9.7673,9.7575,9.7974,9.7537,0,0.05%
"Dec 14, 2016",9.7719,9.7611,9.7945,9.7574,0,0.05%
"Dec 15, 2016",9.7716,9.7646,9.7936,9.7236,0,0.00%
"Dec 16, 2016",9.749,9.7654,9.7752,9.731,0,-0.23%
"Dec 19, 2016",9.7561,9.7423,9.78,9.7415,0,0.07%
"Dec 20, 2016",9.7714,9.7504,9.8008,9.7504,0,0.16%
"Dec 21, 2016",9.7717,9.7651,9.796,9.7559,0,0.00%
"Dec 22, 2016",9.7617,9.7661,9.796,9.7519,0,-0.10%
"Dec 23, 2016",9.7658,9.7555,9.7814,9.746,0,0.04%
"Dec 26, 2016",9.7512,9.7604,9.7666,9.7406,0,-0.15%
"Dec 27, 2016",9.7774,9.7571,9.7972,9.7483,0,0.27%
"Dec 28, 2016",9.8044,9.7712,9.8188,9.7694,0,0.28%
"Dec 29, 2016",9.7675,9.7981,9.8168,9.7592,0,-0.38%
"Dec 30, 2016",9.7846,9.7636,9.7904,9.7625,0,0.18%
"Jan 02, 2017",9.8121,9.7804,9.8245,9.774,0,0.28%
"Jan 03, 2017",9.8062,9.8085,9.8316,9.7816,0,-0.06%
"Jan 04, 2017",9.7887,9.8027,9.8249,9.778,0,-0.18%
"Jan 05, 2017",9.8321,9.7845,9.8795,9.7841,0,0.44%
"Jan 06, 2017",9.8422,9.8259,9.8743,9.7926,0,0.10%
"Jan 09, 2017",9.8163,9.8364,9.8511,9.8069,0,-0.26%
"Jan 10, 2017",9.8718,9.8127,9.8751,9.8098,0,0.57%
"Jan 11, 2017",9.8464,9.865,9.8828,9.8262,0,-0.26%
"Jan 12, 2017",9.8877,9.8263,9.8919,9.8235,0,0.42%
"Jan 13, 2017",9.8804,9.8826,9.9113,9.8661,0,-0.07%
"Jan 16, 2017",9.8686,9.8744,9.9088,9.8565,0,-0.12%
"Jan 17, 2017",9.9002,9.8638,9.9276,9.8594,0,0.32%
"Jan 18, 2017",9.9752,9.894,9.9752,9.8862,0,0.76%
"Jan 19, 2017",9.9109,9.9697,9.9845,9.9003,0,-0.64%
"Jan 20, 2017",9.8997,9.9047,9.9334,9.8769,0,-0.11%
"Jan 23, 2017",9.9286,9.8941,9.9559,9.8895,0,0.29%
"Jan 24, 2017",9.934,9.9234,9.9543,9.9162,0,0.05%
"Jan 25, 2017",9.8767,9.9275,9.9468,9.8693,0,-0.58%
"Jan 26, 2017",9.9069,9.8715,9.9154,9.87,0,0.31%
"Jan 27, 2017",9.8966,9.8984,9.9184,9.8729,0,-0.10%
"Jan 30, 2017",9.8565,9.8884,9.8988,9.8374,0,-0.41%
"Jan 31, 2017",9.8109,9.8481,9.8694,9.7916,0,-0.46%
"Feb 01, 2017",9.7964,9.8236,9.8384,9.7866,0,-0.15%
"Feb 02, 2017",9.7666,9.7844,9.8102,9.7589,0,-0.30%
"Feb 03, 2017",9.7798,9.7582,9.818,9.7582,0,0.14%
"Feb 06, 2017",9.7909,9.7787,9.8123,9.7763,0,0.11%
"Feb 07, 2017",9.7831,9.7844,9.8077,9.7729,0,-0.08%
"Feb 08, 2017",9.7567,9.7723,9.8018,9.7527,0,-0.27%
"Feb 09, 2017",9.7198,9.7537,9.7784,9.7072,0,-0.38%
"Feb 10, 2017",9.7192,9.7013,9.7441,9.7002,0,-0.01%
"Feb 13, 2017",9.7326,9.7136,9.7573,9.695,0,0.14%
"Feb 14, 2017",9.7322,9.7162,9.7609,9.7132,0,0.00%
"Feb 15, 2017",9.7328,9.7178,9.7562,9.7178,0,0.01%
"Feb 16, 2017",9.7874,9.7348,9.7955,9.7348,0,0.56%
"Feb 17, 2017",9.7691,9.7725,9.786,9.7482,0,-0.19%
"Feb 20, 2017",9.7267,9.7539,9.771,9.7217,0,-0.43%
"Feb 21, 2017",9.7304,9.7255,9.7413,9.7105,0,0.04%
"Feb 22, 2017",9.7342,9.7211,9.7505,9.7167,0,0.04%
"Feb 23, 2017",9.7129,9.7253,9.7402,9.6975,0,-0.22%
"Feb 24, 2017",9.7022,9.7039,9.7174,9.6879,0,-0.11%
"Feb 27, 2017",9.7077,9.683,9.7254,9.683,0,0.06%
"Feb 28, 2017",9.7157,9.7023,9.7306,9.6986,0,0.08%
"Mar 01, 2017",9.7161,9.7088,9.7302,9.697,0,0.00%
"Mar 02, 2017",9.6932,9.7079,9.7209,9.6791,0,-0.24%
"Mar 03, 2017",9.6822,9.6813,9.6982,9.6706,0,-0.11%
"Mar 06, 2017",9.6668,9.6837,9.6941,9.6578,0,-0.16%
"Mar 07, 2017",9.6523,9.6537,9.6702,9.6466,0,-0.15%
"Mar 08, 2017",9.6577,9.649,9.6651,9.6477,0,0.06%
"Mar 09, 2017",9.6494,9.6523,9.6747,9.6372,0,-0.09%
"Mar 10, 2017",9.6324,9.6386,9.6637,9.6169,0,-0.18%
"Mar 13, 2017",9.5711,9.6295,9.6434,9.5612,0,-0.64%
"Mar 14, 2017",9.512,9.5665,9.5812,9.5047,0,-0.62%
"Mar 15, 2017",9.4914,9.5071,9.5164,9.4586,0,-0.22%
"Mar 16, 2017",9.4788,9.4879,9.5283,9.4612,0,-0.13%
"Mar 17, 2017",9.4845,9.4711,9.5192,9.4622,0,0.06%
"Mar 20, 2017",9.4587,9.4828,9.4913,9.4475,0,-0.27%
"Mar 21, 2017",9.4881,9.4502,9.4881,9.4502,0,0.31%
"Mar 22, 2017",9.5099,9.4777,9.5305,9.4719,0,0.23%
"Mar 23, 2017",9.5053,9.5125,9.5265,9.486,0,-0.05%
"Mar 24, 2017",9.5044,9.4991,9.5144,9.4884,0,-0.01%
"Mar 27, 2017",9.4567,9.4944,9.5289,9.4453,0,-0.50%
"Mar 28, 2017",9.4539,9.4474,9.4615,9.4334,0,-0.03%
"Mar 29, 2017",9.4158,9.4471,9.4536,9.4089,0,-0.40%
"Mar 30, 2017",9.4145,9.4079,9.4314,9.4026,0,-0.01%
"Mar 31, 2017",9.4176,9.4097,9.4407,9.3919,0,0.03%
"Apr 03, 2017",9.4358,9.4036,9.4538,9.3978,0,0.19%
"Apr 04, 2017",9.4496,9.4268,9.4597,9.4268,0,0.15%
"Apr 05, 2017",9.4093,9.4428,9.468,9.4034,0,-0.43%
"Apr 06, 2017",9.3663,9.4049,9.4334,9.3478,0,-0.46%
"Apr 07, 2017",9.314,9.3616,9.3851,9.2984,0,-0.56%
"Apr 10, 2017",9.3589,9.2991,9.3616,9.299,0,0.48%
"Apr 11, 2017",9.3663,9.3481,9.3737,9.3305,0,0.08%
"Apr 12, 2017",9.387,9.3614,9.3948,9.3545,0,0.22%
"Apr 13, 2017",9.3534,9.3828,9.4166,9.3406,0,-0.36%
"Apr 14, 2017",9.3648,9.3465,9.3672,9.3465,0,0.12%
"Apr 17, 2017",9.3689,9.3624,9.3791,9.3275,0,0.04%
"Apr 18, 2017",9.3877,9.3629,9.3948,9.3536,0,0.20%
"Apr 19, 2017",9.388,9.3741,9.3909,9.3697,0,0.00%
"Apr 20, 2017",9.3894,9.3803,9.4025,9.3726,0,0.01%
"Apr 21, 2017",9.3887,9.3849,9.4032,9.3756,0,-0.01%
"Apr 24, 2017",9.3671,9.3883,9.3941,9.3532,0,-0.23%
"Apr 25, 2017",9.3439,9.3653,9.3709,9.3249,0,-0.25%
"Apr 26, 2017",9.3041,9.3364,9.3443,9.2815,0,-0.43%
"Apr 27, 2017",9.2949,9.3001,9.3113,9.2741,0,-0.10%
"Apr 28, 2017",9.3262,9.2917,9.3422,9.2917,0,0.34%
"May 01, 2017",9.3211,9.3185,9.3254,9.3142,0,-0.05%
"May 02, 2017",9.3047,9.3142,9.3198,9.2971,0,-0.18%
"May 03, 2017",9.3008,9.3026,9.3151,9.2958,0,-0.04%
"May 04, 2017",9.3117,9.2976,9.3215,9.2976,0,0.12%
"May 05, 2017",9.3169,9.3134,9.3326,9.3069,0,0.06%
"May 08, 2017",9.3215,9.3198,9.325,9.2947,0,0.05%
"May 09, 2017",9.3638,9.3111,9.3712,9.3111,0,0.45%
"May 10, 2017",9.3602,9.3604,9.381,9.344,0,-0.04%
"May 11, 2017",9.3291,9.3522,9.3562,9.3185,0,-0.33%
"May 12, 2017",9.3115,9.3299,9.3353,9.3072,0,-0.19%
"May 15, 2017",9.2942,9.3078,9.3198,9.2748,0,-0.19%
"May 16, 2017",9.2998,9.2864,9.3135,9.2864,0,0.06%
"May 17, 2017",9.3186,9.2941,9.3244,9.2893,0,0.20%
"May 18, 2017",9.4176,9.3103,9.4213,9.3066,0,1.06%
"May 19, 2017",9.3776,9.4144,9.4374,9.3715,0,-0.42%
"May 22, 2017",9.3678,9.3742,9.3868,9.3492,0,-0.10%
"May 23, 2017",9.4187,9.3586,9.4238,9.3565,0,0.54%
"May 24, 2017",9.4007,9.4124,9.431,9.3883,0,-0.19%
"May 25, 2017",9.3982,9.3956,9.429,9.3795,0,-0.03%
"May 26, 2017",9.4099,9.3952,9.4331,9.3874,0,0.12%
"May 29, 2017",9.4143,9.4013,9.4223,9.397,0,0.05%
"May 30, 2017",9.4281,9.4232,9.4387,9.4174,0,0.15%
"May 31, 2017",9.4727,9.4188,9.4744,9.4188,0,0.47%
"Jun 01, 2017",9.4713,9.4846,9.5158,9.4516,0,-0.01%
"Jun 02, 2017",9.4566,9.4619,9.48,9.4388,0,-0.16%
"Jun 05, 2017",9.4576,9.4716,9.4765,9.4481,0,0.01%
"Jun 06, 2017",9.4816,9.4533,9.4921,9.4532,0,0.25%
"Jun 07, 2017",9.4817,9.4818,9.4993,9.4564,0,0.00%
"Jun 08, 2017",9.4482,9.4778,9.4831,9.445,0,-0.35%
"Jun 09, 2017",9.4505,9.4528,9.4645,9.4352,0,0.02%
"Jun 12, 2017",9.4849,9.4471,9.487,9.4471,0,0.36%
"Jun 13, 2017",9.4638,9.4785,9.4926,9.4577,0,-0.22%
"Jun 14, 2017",9.4579,9.4603,9.4747,9.4484,0,-0.06%
"Jun 15, 2017",9.4839,9.4619,9.4984,9.4531,0,0.27%
"Jun 16, 2017",9.4657,9.4799,9.4995,9.4472,0,-0.19%
"Jun 19, 2017",9.4574,9.4596,9.4733,9.4384,0,-0.09%
"Jun 20, 2017",9.4506,9.4517,9.4535,9.4222,0,-0.07%
"Jun 21, 2017",9.4487,9.4489,9.4737,9.442,0,-0.02%
"Jun 22, 2017",9.4523,9.4459,9.4594,9.4321,0,0.04%
"Jun 23, 2017",9.4352,9.4467,9.4541,9.4177,0,-0.18%
"Jun 26, 2017",9.4188,9.4269,9.4422,9.4114,0,-0.17%
"Jun 27, 2017",9.4641,9.4141,9.4728,9.4126,0,0.48%
"Jun 28, 2017",9.4893,9.4597,9.5093,9.4597,0,0.27%
"Jun 29, 2017",9.527,9.4836,9.5429,9.4836,0,0.40%
"Jun 30, 2017",9.5297,9.5221,9.5729,9.5208,0,0.03%
"Jul 03, 2017",9.5351,9.5354,9.5541,9.5191,0,0.06%
"Jul 04, 2017",9.5268,9.5311,9.5488,9.509,0,-0.09%
"Jul 05, 2017",9.5273,9.5215,9.5423,9.5163,0,0.01%
"Jul 06, 2017",9.5163,9.5238,9.5389,9.5084,0,-0.12%
"Jul 07, 2017",9.4954,9.5121,9.5307,9.4847,0,-0.22%
"Jul 10, 2017",9.4766,9.4888,9.5059,9.4694,0,-0.20%
"Jul 11, 2017",9.4914,9.4715,9.5025,9.4682,0,0.16%
"Jul 12, 2017",9.4987,9.4871,9.5189,9.4871,0,0.08%
"Jul 13, 2017",9.5025,9.4933,9.513,9.4931,0,0.04%
"Jul 14, 2017",9.5078,9.5005,9.5185,9.4907,0,0.06%
"Jul 17, 2017",9.5045,9.4984,9.5186,9.4984,0,-0.03%
"Jul 18, 2017",9.5335,9.4993,9.5427,9.4993,0,0.31%
"Jul 19, 2017",9.5189,9.5242,9.5282,9.5101,0,-0.15%
"Jul 20, 2017",9.5236,9.5149,9.5287,9.4973,0,0.05%
"Jul 21, 2017",9.5147,9.5194,9.5251,9.4978,0,-0.09%
"Jul 24, 2017",9.5383,9.5131,9.5465,9.5131,0,0.25%
"Jul 25, 2017",9.5371,9.5284,9.5449,9.5233,0,-0.01%
"Jul 26, 2017",9.5285,9.5341,9.5465,9.5211,0,-0.09%
"Jul 27, 2017",9.5099,9.5211,9.5593,9.5048,0,-0.20%
"Jul 28, 2017",9.5162,9.5048,9.5213,9.4992,0,0.07%
"Jul 31, 2017",9.5442,9.5138,9.5551,9.5138,0,0.29%
"Aug 01, 2017",9.5406,9.5362,9.5572,9.5247,0,-0.04%
"Aug 02, 2017",9.4668,9.5382,9.5416,9.4579,0,-0.77%
"Aug 03, 2017",9.4842,9.4634,9.485,9.4467,0,0.18%
"Aug 04, 2017",9.4628,9.4792,9.4941,9.4528,0,-0.23%
"Aug 07, 2017",9.4981,9.4564,9.5027,9.4562,0,0.37%
"Aug 08, 2017",9.4971,9.4942,9.5254,9.4896,0,-0.01%
"Aug 09, 2017",9.5686,9.4942,9.5711,9.4885,0,0.75%
"Aug 10, 2017",9.642,9.5651,9.642,9.5651,0,0.77%
"Aug 11, 2017",9.6238,9.6392,9.645,9.5985,0,-0.19%
"Aug 14, 2017",9.607,9.6169,9.6392,9.5972,0,-0.17%
"Aug 15, 2017",9.5909,9.6061,9.6109,9.5893,0,-0.17%
"Aug 16, 2017",9.5897,9.5917,9.62,9.5806,0,-0.01%
"Aug 17, 2017",9.6128,9.591,9.6334,9.591,0,0.24%
"Aug 18, 2017",9.6076,9.611,9.6166,9.5942,0,-0.05%
"Aug 21, 2017",9.618,9.6096,9.6189,9.5982,0,0.11%
"Aug 22, 2017",9.617,9.6177,9.6409,9.617,0,-0.01%
"Aug 23, 2017",9.6181,9.6164,9.6314,9.6136,0,0.01%
"Aug 24, 2017",9.6135,9.6181,9.6299,9.609,0,-0.05%
"Aug 25, 2017",9.6251,9.6152,9.6296,9.609,0,0.12%
"Aug 28, 2017",9.6699,9.6208,9.6699,9.6164,0,0.47%
"Aug 29, 2017",9.7041,9.6538,9.7142,9.6507,0,0.35%
"Aug 30, 2017",9.7038,9.7045,9.7322,9.6922,0,0.00%
"Aug 31, 2017",9.702,9.7087,9.7139,9.6784,0,-0.02%
"Sep 01, 2017",9.7613,9.7061,9.7833,9.7018,0,0.61%
"Sep 04, 2017",9.8056,9.7615,9.8431,9.7615,0,0.45%
"Sep 05, 2017",9.8039,9.8059,9.8352,9.7844,0,-0.02%
"Sep 06, 2017",9.8192,9.8003,9.8447,9.8003,0,0.16%
"Sep 07, 2017",9.8689,9.8219,9.8743,9.8148,0,0.51%
"Sep 08, 2017",9.8408,9.8701,9.9351,9.8408,0,-0.28%
"Sep 11, 2017",9.7914,9.8059,9.8274,9.789,0,-0.50%
"Sep 12, 2017",9.7975,9.788,9.8021,9.7655,0,0.06%
"Sep 13, 2017",9.783,9.7998,9.8243,9.7828,0,-0.15%
"Sep 14, 2017",9.7807,9.7834,9.8088,9.769,0,-0.02%
"Sep 15, 2017",9.784,9.779,9.8079,9.779,0,0.03%
"Sep 18, 2017",9.7591,9.7872,9.7959,9.75,0,-0.25%
"Sep 19, 2017",9.7665,9.7622,9.7793,9.7278,0,0.08%
"Sep 20, 2017",9.7785,9.7683,9.8165,9.7683,0,0.12%
"Sep 21, 2017",9.8346,9.7777,9.8477,9.736,0,0.57%
"Sep 22, 2017",9.8308,9.8299,9.887,9.8216,0,-0.04%
"Sep 25, 2017",9.8362,9.8243,9.846,9.8021,0,0.05%
"Sep 26, 2017",9.8583,9.8358,9.884,9.8328,0,0.22%
"Sep 27, 2017",9.8931,9.869,9.9134,9.8515,0,0.35%
"Sep 28, 2017",9.8244,9.9059,9.9168,9.8237,0,-0.69%
"Sep 29, 2017",9.816,9.8225,9.8583,9.7744,0,-0.09%
"Oct 02, 2017",9.816,0.0009,0.0009,0.0009,0,0.00%
"Oct 03, 2017",9.8423,9.8589,9.8653,9.8393,0,0.27%
"Oct 04, 2017",9.7739,9.8212,9.8272,9.7619,0,-0.69%
"Oct 05, 2017",9.7912,9.7837,9.7988,9.7657,0,0.18%
"Oct 06, 2017",9.8295,9.7995,9.8303,9.7995,0,0.39%
"Oct 09, 2017",9.8642,9.8316,9.8786,9.8248,0,0.35%
"Oct 10, 2017",9.9293,9.8615,9.9345,9.8615,0,0.66%
"Oct 11, 2017",9.8873,9.9353,9.9353,9.8776,0,-0.42%
"Oct 12, 2017",9.8755,9.8863,9.8988,9.8726,0,-0.12%
"Oct 13, 2017",9.8334,9.8725,9.8988,9.8334,0,-0.43%
"Oct 16, 2017",9.8181,9.8286,9.8476,9.8181,0,-0.16%
"Oct 17, 2017",9.8181,9.8184,9.834,9.7956,0,0.00%
"Oct 18, 2017",9.816,9.821,9.8482,9.816,0,-0.02%
"Oct 19, 2017",9.8253,9.8146,9.8349,9.8028,0,0.09%
"Oct 20, 2017",9.824,9.8254,9.8408,9.812,0,-0.01%
"Oct 23, 2017",9.7925,9.8233,9.8233,9.7861,0,-0.32%
"Oct 24, 2017",9.8088,9.7937,9.8208,9.7886,0,0.17%
"Oct 25, 2017",9.7792,9.8107,9.8255,9.766,0,-0.30%
"Oct 26, 2017",9.7612,9.779,9.7976,9.7612,0,-0.18%
"Oct 27, 2017",9.7784,9.7578,9.7875,9.7299,0,0.18%
"Oct 30, 2017",9.7585,9.7899,9.7931,9.7539,0,-0.20%
"Oct 31, 2017",9.759,9.7579,9.7881,9.7579,0,0.01%
"Nov 01, 2017",9.7783,9.7568,9.7796,9.7452,0,0.20%
"Nov 02, 2017",9.7709,9.7797,9.8072,9.7688,0,-0.08%
"Nov 03, 2017",9.7244,9.773,9.7832,9.7244,0,-0.48%
"Nov 06, 2017",9.7418,9.7202,9.7625,9.7202,0,0.18%
"Nov 07, 2017",9.7982,9.7401,9.8097,9.7399,0,0.58%
"Nov 08, 2017",9.7947,9.7991,9.8181,9.792,0,-0.04%
"Nov 09, 2017",9.785,9.7937,9.8035,9.7773,0,-0.10%
"Nov 10, 2017",9.8156,9.7843,9.8186,9.7796,0,0.31%
"Nov 13, 2017",9.8547,9.8015,9.87,9.7993,0,0.40%
"Nov 14, 2017",9.8565,9.8536,9.8709,9.8308,0,0.02%
"Nov 15, 2017",9.8543,9.8598,9.8753,9.8417,0,-0.02%
"Nov 16, 2017",9.8473,9.8535,9.862,9.8248,0,-0.07%
"Nov 17, 2017",9.811,9.8455,9.862,9.7551,0,-0.37%
"Nov 20, 2017",9.8117,9.815,9.8293,9.7991,0,0.01%
"Nov 21, 2017",9.7864,9.8096,9.8186,9.7835,0,-0.26%
"Nov 22, 2017",9.8151,9.7841,9.8235,9.7724,0,0.29%
"Nov 23, 2017",9.8079,9.8201,9.856,9.8064,0,-0.07%
"Nov 24, 2017",9.7967,9.8188,9.8308,9.7902,0,-0.11%
"Nov 27, 2017",9.7738,9.7928,9.8232,9.7594,0,-0.23%
"Nov 28, 2017",9.7478,9.7689,9.7874,9.7465,0,-0.27%
"Nov 29, 2017",9.7377,9.7449,9.7761,9.7163,0,-0.10%
"Nov 30, 2017",9.7523,9.7407,9.7773,9.7348,0,0.15%
"Dec 01, 2017",9.7501,9.7589,9.7706,9.7456,0,-0.02%
"Dec 04, 2017",9.7255,9.7583,9.7612,9.714,0,-0.25%
"Dec 05, 2017",9.7234,9.7295,9.7487,9.7167,0,-0.02%
"Dec 06, 2017",9.7553,9.7239,9.7599,9.7238,0,0.33%
"Dec 07, 2017",9.7548,9.7477,9.7684,9.7476,0,-0.01%
"Dec 08, 2017",9.7384,9.754,9.7606,9.7316,0,-0.17%
"Dec 11, 2017",9.7233,9.7411,9.7482,9.7192,0,-0.16%
"Dec 12, 2017",9.7274,9.7299,9.744,9.7179,0,0.04%
"Dec 13, 2017",9.741,9.7297,9.7548,9.7225,0,0.14%
"Dec 14, 2017",9.7344,9.7569,9.7611,9.7211,0,-0.07%
"Dec 15, 2017",9.6953,9.7317,9.7379,9.6875,0,-0.40%
"Dec 18, 2017",9.7047,9.6945,9.7932,9.6889,0,0.10%
"Dec 19, 2017",9.6992,9.7069,9.7104,9.6808,0,-0.06%
"Dec 20, 2017",9.7461,9.7029,9.7501,9.697,0,0.48%
"Dec 21, 2017",9.7225,9.7721,9.7825,9.721,0,-0.24%
"Dec 22, 2017",9.7334,9.733,9.7572,9.7245,0,0.11%
"Dec 25, 2017",9.7894,9.7415,9.7918,9.7415,0,0.58%
"Dec 26, 2017",9.7858,9.7873,9.7987,9.7627,0,-0.04%
"Dec 27, 2017",9.7792,9.7811,9.7925,9.7621,0,-0.07%
"Dec 28, 2017",9.8081,9.7813,9.8264,9.7733,0,0.30%
"Dec 29, 2017",9.8115,9.8062,9.8369,9.7978,0,0.03%
"Jan 01, 2018",9.7869,9.8138,9.8153,9.78,0,-0.25%
"Jan 02, 2018",9.7731,9.8013,9.8149,9.7696,0,-0.14%
"Jan 03, 2018",9.7655,9.7641,9.7792,9.7505,0,-0.08%
"Jan 04, 2018",9.7638,9.7697,9.7769,9.738,0,-0.02%
"Jan 05, 2018",9.7615,9.7805,9.7864,9.7606,0,-0.02%
"Jan 08, 2018",9.7658,9.7836,9.7836,9.7507,0,0.04%
"Jan 09, 2018",9.7509,9.7599,9.7769,9.7448,0,-0.15%
"Jan 10, 2018",9.777,9.7415,9.7923,9.7415,0,0.27%
"Jan 11, 2018",9.8047,9.7617,9.811,9.7617,0,0.28%
"Jan 12, 2018",9.8453,9.8064,9.8611,9.7916,0,0.41%
"Jan 15, 2018",9.867,9.8523,9.8981,9.8463,0,0.22%
"Jan 16, 2018",9.9348,9.8778,9.9633,9.8625,0,0.69%
"Jan 17, 2018",9.9288,9.9531,9.9746,9.9104,0,-0.06%
"Jan 18, 2018",9.9482,9.9326,9.9502,9.9149,0,0.20%
"Jan 19, 2018",9.9672,9.9857,9.9944,9.95,0,0.19%
"Jan 22, 2018",9.9746,9.9569,9.9898,9.9523,0,0.07%
"Jan 23, 2018",9.9551,9.9933,10.0009,9.9465,0,-0.20%
"Jan 24, 2018",9.9937,9.9719,10.0155,9.9575,0,0.39%
"Jan 25, 2018",10.0438,10.0165,10.0725,10.0165,0,0.50%
"Jan 26, 2018",10.0615,10.0336,10.0662,10.0252,0,0.18%
"Jan 29, 2018",10.0356,10.0452,10.0651,10.0325,0,-0.26%
"Jan 30, 2018",10.0712,10.0381,10.0808,10.0379,0,0.35%
"Jan 31, 2018",10.1052,10.0707,10.1409,10.0645,0,0.34%
"Feb 01, 2018",10.1564,10.0914,10.1819,10.0913,0,0.51%
"Feb 02, 2018",10.177,10.1915,10.22,10.1615,0,0.20%
"Feb 05, 2018",10.1972,10.1712,10.2098,10.1712,0,0.20%
"Feb 06, 2018",10.2224,10.1775,10.2473,10.1775,0,0.25%
"Feb 07, 2018",10.2529,10.2278,10.2761,10.2262,0,0.30%
"Feb 08, 2018",10.1628,10.2233,10.2401,10.1327,0,-0.88%
"Feb 09, 2018",10.2234,10.1496,10.2305,10.1496,0,0.60%
"Feb 12, 2018",10.1588,10.2256,10.2409,10.1526,0,-0.63%
"Feb 13, 2018",10.1349,10.154,10.1724,10.1266,0,-0.24%
"Feb 14, 2018",10.0974,10.1354,10.1582,10.0906,0,-0.37%
"Feb 15, 2018",10.066,10.0754,10.0785,10.0619,0,-0.31%
"Feb 16, 2018",10.1156,10.062,10.118,10.0526,0,0.49%
"Feb 19, 2018",10.1211,10.1211,10.1211,10.1211,0,0.05%
"Feb 20, 2018",10.2172,10.1621,10.2175,10.1479,0,0.95%
"Feb 21, 2018",10.2085,10.2243,10.2305,10.1939,0,-0.09%
"Feb 22, 2018",10.2322,10.2101,10.2544,10.2052,0,0.23%
"Feb 23, 2018",10.2111,10.2391,10.2602,10.2111,0,-0.21%
"Feb 26, 2018",10.2548,10.2411,10.2836,10.2386,0,0.43%
"Feb 27, 2018",10.2771,10.2742,10.3017,10.2661,0,0.22%
"Feb 28, 2018",10.3001,10.2546,10.3288,10.2515,0,0.22%
"Mar 01, 2018",10.2592,10.3072,10.3072,10.2512,0,-0.40%
"Mar 02, 2018",10.2783,10.2857,10.2953,10.2562,0,0.19%
"Mar 05, 2018",10.2409,10.299,10.3062,10.2409,0,-0.36%
"Mar 06, 2018",10.2865,10.2612,10.2904,10.236,0,0.45%
"Mar 07, 2018",10.2569,10.2904,10.2904,10.2538,0,-0.29%
"Mar 08, 2018",10.2653,10.2515,10.2827,10.2476,0,0.08%
"Mar 09, 2018",10.2842,10.2544,10.3026,10.2529,0,0.18%
"Mar 12, 2018",10.2662,10.2947,10.2979,10.2638,0,-0.18%
"Mar 13, 2018",10.2592,10.2672,10.2906,10.2485,0,-0.07%
"Mar 14, 2018",10.2628,10.2639,10.3044,10.2608,0,0.04%
"Mar 15, 2018",10.2798,10.2795,10.2964,10.2512,0,0.17%
"Mar 16, 2018",10.2589,10.2676,10.2783,10.251,0,-0.20%
"Mar 19, 2018",10.2997,10.2591,10.2997,10.259,0,0.40%
"Mar 20, 2018",10.2951,10.2951,10.316,10.2884,0,-0.04%
"Mar 21, 2018",10.3081,10.2999,10.3136,10.2965,0,0.13%
"Mar 22, 2018",10.277,10.3283,10.3303,10.2753,0,-0.30%
"Mar 23, 2018",10.2897,10.2843,10.3099,10.2792,0,0.12%
"Mar 26, 2018",10.3333,10.3051,10.3531,10.2805,0,0.42%
"Mar 27, 2018",10.3364,10.3669,10.3833,10.3271,0,0.03%
"Mar 28, 2018",10.3463,10.3537,10.3787,10.3395,0,0.10%
"Mar 29, 2018",10.3525,10.3452,10.3701,10.3339,0,0.06%
"Mar 30, 2018",10.3764,10.3583,10.3973,10.3519,0,0.23%
"Apr 02, 2018",10.3703,10.3917,10.3925,10.3634,0,-0.06%
"Apr 03, 2018",10.334,10.3644,10.3704,10.334,0,-0.35%
"Apr 04, 2018",10.3161,10.3301,10.3421,10.3133,0,-0.17%
"Apr 05, 2018",10.2915,10.3153,10.3311,10.2915,0,-0.24%
"Apr 06, 2018",10.2979,10.2987,10.3162,10.2963,0,0.06%
"Apr 09, 2018",10.2989,10.3013,10.3193,10.2882,0,0.01%
"Apr 10, 2018",10.337,10.3039,10.3511,10.3021,0,0.37%
"Apr 11, 2018",10.41,10.3424,10.41,10.3338,0,0.71%
"Apr 12, 2018",10.3775,10.4078,10.4337,10.3719,0,-0.31%
"Apr 13, 2018",10.3992,10.3831,10.4039,10.3669,0,0.21%
"Apr 16, 2018",10.4309,10.3895,10.4326,10.3875,0,0.30%
"Apr 17, 2018",10.4543,10.4302,10.4683,10.4162,0,0.22%
"Apr 18, 2018",10.4743,10.4482,10.4743,10.4379,0,0.19%
"Apr 19, 2018",10.4903,10.4696,10.5132,10.4673,0,0.15%
"Apr 20, 2018",10.5154,10.4782,10.5191,10.4774,0,0.24%
"Apr 23, 2018",10.5318,10.521,10.5421,10.5101,0,0.16%
"Apr 24, 2018",10.5304,10.5283,10.5436,10.5084,0,-0.01%
"Apr 25, 2018",10.5776,10.5302,10.596,10.5301,0,0.45%
"Apr 26, 2018",10.5428,10.582,10.5878,10.5426,0,-0.33%
"Apr 27, 2018",10.5191,10.5404,10.5514,10.5122,0,-0.22%
"Apr 30, 2018",10.4938,10.5159,10.5159,10.4764,0,-0.24%
"May 01, 2018",10.5475,10.4938,10.5491,10.4922,0,0.51%
"May 02, 2018",10.4818,10.516,10.516,10.4749,0,-0.62%
"May 03, 2018",10.4931,10.4739,10.5078,10.4555,0,0.11%
"May 04, 2018",10.5018,10.5079,10.5253,10.4975,0,0.08%
"May 07, 2018",10.5454,10.5224,10.5629,10.5174,0,0.42%
"May 08, 2018",10.5374,10.5473,10.5716,10.5261,0,-0.08%
"May 09, 2018",10.5857,10.5419,10.5857,10.5398,0,0.46%
"May 10, 2018",10.5911,10.5817,10.6086,10.5704,0,0.05%
"May 11, 2018",10.6346,10.6041,10.6365,10.5739,0,0.41%
"May 14, 2018",10.6575,10.6481,10.6729,10.6092,0,0.22%
"May 15, 2018",10.6746,10.6574,10.7139,10.6237,0,0.16%
"May 16, 2018",10.6372,10.6722,10.6971,10.628,0,-0.35%
"May 17, 2018",10.6429,10.6381,10.6667,10.6283,0,0.05%
"May 18, 2018",10.6568,10.6417,10.6858,10.6387,0,0.13%
"May 21, 2018",10.6705,10.6597,10.6847,10.6489,0,0.13%
"May 22, 2018",10.6824,10.6872,10.6937,10.6574,0,0.11%
"May 23, 2018",10.702,10.6751,10.7201,10.6684,0,0.18%
"May 24, 2018",10.7144,10.7017,10.7264,10.6876,0,0.12%
"May 25, 2018",10.5965,10.711,10.711,10.5965,0,-1.10%
"May 28, 2018",10.5325,10.6006,10.6041,10.52,0,-0.60%
"May 29, 2018",10.5709,10.5189,10.5991,10.5046,0,0.36%
"May 30, 2018",10.5063,10.5637,10.5669,10.4972,0,-0.61%
"May 31, 2018",10.519,10.5037,10.5505,10.5035,0,0.12%
"Jun 01, 2018",10.4347,10.5203,10.5266,10.4318,0,-0.80%
"Jun 04, 2018",10.4634,10.4444,10.4954,10.4207,0,0.28%
"Jun 05, 2018",10.4744,10.4648,10.5053,10.4608,0,0.11%
"Jun 06, 2018",10.4627,10.4758,10.507,10.4625,0,-0.11%
"Jun 07, 2018",10.5473,10.4649,10.5535,10.4596,0,0.81%
"Jun 08, 2018",10.5406,10.5432,10.5799,10.5313,0,-0.06%
"Jun 11, 2018",10.5393,10.5414,10.546,10.5022,0,-0.01%
"Jun 12, 2018",10.5392,10.5337,10.5465,10.5226,0,0.00%
"Jun 13, 2018",10.5723,10.53,10.5755,10.53,0,0.31%
"Jun 14, 2018",10.5737,10.5802,10.6006,10.5567,0,0.01%
"Jun 15, 2018",10.5694,10.5372,10.6051,10.5372,0,-0.04%
"Jun 18, 2018",10.5663,10.5849,10.5864,10.5523,0,-0.03%
"Jun 19, 2018",10.5332,10.5711,10.5726,10.5332,0,-0.31%
"Jun 20, 2018",10.5132,10.5627,10.564,10.5112,0,-0.19%
"Jun 21, 2018",10.464,10.5089,10.515,10.4596,0,-0.47%
"Jun 22, 2018",10.4322,10.4718,10.4718,10.4255,0,-0.30%
"Jun 25, 2018",10.4152,10.4466,10.4468,10.3907,0,-0.16%
"Jun 26, 2018",10.3918,10.4267,10.4307,10.3627,0,-0.22%
"Jun 27, 2018",10.3927,10.3941,10.4229,10.3425,0,0.01%
"Jun 28, 2018",10.3878,10.3791,10.4503,10.361,0,-0.05%
"Jun 29, 2018",10.3398,10.3937,10.3937,10.3215,0,-0.46%
"Jul 02, 2018",10.3059,10.3331,10.3407,10.3059,0,-0.33%
"Jul 03, 2018",10.3199,10.257,10.3322,10.2332,0,0.14%
"Jul 04, 2018",10.3566,10.3165,10.3842,10.3165,0,0.36%
"Jul 05, 2018",10.3781,10.3532,10.3964,10.3426,0,0.21%
"Jul 06, 2018",10.3567,10.3789,10.3881,10.3422,0,-0.21%
"Jul 09, 2018",10.3777,10.3696,10.4046,10.3529,0,0.20%
"Jul 10, 2018",10.3705,10.3729,10.4239,10.3568,0,-0.07%
"Jul 11, 2018",10.2871,10.3169,10.3521,10.284,0,-0.80%
"Jul 12, 2018",10.2764,10.2613,10.3052,10.2485,0,-0.10%
"Jul 13, 2018",10.2366,10.2715,10.2996,10.2132,0,-0.39%
"Jul 16, 2018",10.2449,10.2407,10.2979,10.2205,0,0.08%
"Jul 17, 2018",10.2035,10.2554,10.2781,10.2021,0,-0.40%
"Jul 18, 2018",10.2126,10.2129,10.2293,10.1983,0,0.09%
"Jul 19, 2018",10.1874,10.2126,10.2239,10.1775,0,-0.25%
"Jul 20, 2018",10.1524,10.1954,10.1954,10.1369,0,-0.34%
"Jul 23, 2018",10.1348,10.1705,10.1921,10.1172,0,-0.17%
"Jul 24, 2018",10.1521,10.0921,10.1521,10.08,0,0.17%
"Jul 25, 2018",10.1526,10.1576,10.1837,10.1248,0,0.00%
"Jul 26, 2018",10.1078,10.2065,10.2118,10.1044,0,-0.44%
"Jul 27, 2018",10.0686,10.0869,10.1047,10.0427,0,-0.39%
"Jul 30, 2018",10.0668,10.0666,10.0887,10.0345,0,-0.02%
"Jul 31, 2018",10.0489,10.0619,10.083,10.0256,0,-0.18%
"Aug 01, 2018",10.0181,10.0363,10.1057,10.0181,0,-0.31%
"Aug 02, 2018",10.0288,10.0503,10.0582,10.0181,0,0.11%
"Aug 03, 2018",10.0312,10.0072,10.0407,9.9819,0,0.02%
"Aug 06, 2018",10.043,10.0403,10.0793,10.0315,0,0.12%
"Aug 07, 2018",10.0457,10.0419,10.0739,10.0312,0,0.03%
"Aug 08, 2018",10.0442,10.0787,10.0924,10.0304,0,-0.01%
"Aug 09, 2018",10.0806,10.0541,10.0806,10.0368,0,0.36%
"Aug 10, 2018",10.0611,10.0589,10.0725,10.0428,0,-0.19%
"Aug 13, 2018",10.1607,10.0237,10.1771,10.0128,0,0.99%
"Aug 14, 2018",10.1623,10.1653,10.1817,10.1224,0,0.02%
"Aug 15, 2018",10.0825,10.1488,10.157,10.0823,0,-0.79%
"Aug 16, 2018",10.1838,10.0985,10.2101,10.0985,0,1.00%
"Aug 17, 2018",10.1927,10.205,10.2116,10.1684,0,0.09%
"Aug 20, 2018",10.1812,10.2165,10.2338,10.1594,0,-0.11%
"Aug 21, 2018",10.2027,10.2173,10.2213,10.1681,0,0.21%
"Aug 22, 2018",10.2123,10.2177,10.2194,10.1972,0,0.09%
"Aug 23, 2018",10.193,10.192,10.212,10.1676,0,-0.19%
"Aug 24, 2018",10.2791,10.1981,10.2791,10.1769,0,0.84%
"Aug 27, 2018",10.2947,10.2642,10.2947,10.2326,0,0.15%
"Aug 28, 2018",10.3042,10.3018,10.3233,10.2714,0,0.09%
"Aug 29, 2018",10.3405,10.2989,10.3497,10.2814,0,0.35%
"Aug 30, 2018",10.3361,10.3402,10.3721,10.3288,0,-0.04%
"Aug 31, 2018",10.3938,10.3225,10.3968,10.3225,0,0.56%
"Sep 03, 2018",10.4378,10.378,10.4393,10.3474,0,0.42%
"Sep 04, 2018",10.4591,10.4351,10.469,10.4185,0,0.20%
"Sep 05, 2018",10.5051,10.481,10.5244,10.4415,0,0.44%
"Sep 06, 2018",10.5259,10.5124,10.5502,10.4801,0,0.20%
"Sep 07, 2018",10.4899,10.5342,10.5411,10.4673,0,-0.34%
"Sep 10, 2018",10.5688,10.4718,10.5932,10.4575,0,0.75%
"Sep 11, 2018",10.5688,10.5505,10.5978,10.5312,0,0.00%
"Sep 12, 2018",10.518,10.5699,10.6115,10.4773,0,-0.48%
"Sep 13, 2018",10.5244,10.5626,10.564,10.5206,0,0.06%
"Sep 14, 2018",10.4644,10.5223,10.5247,10.448,0,-0.57%
"Sep 17, 2018",10.579,10.4663,10.5846,10.4567,0,1.10%
"Sep 18, 2018",10.5968,10.5762,10.6384,10.5473,0,0.17%
"Sep 19, 2018",10.5661,10.5905,10.6356,10.5532,0,-0.29%
"Sep 20, 2018",10.5182,10.5624,10.5679,10.5128,0,-0.45%
"Sep 21, 2018",10.5351,10.5311,10.5979,10.4922,0,0.16%
"Sep 24, 2018",10.5978,10.5701,10.608,10.5496,0,0.60%
"Sep 25, 2018",10.5854,10.5942,10.6359,10.5593,0,-0.12%
"Sep 26, 2018",10.5545,10.5762,10.5895,10.5531,0,-0.29%
"Sep 27, 2018",10.5323,10.5515,10.5846,10.5307,0,-0.21%
"Sep 28, 2018",10.5564,10.5274,10.5622,10.5191,0,0.23%
"Oct 01, 2018",10.6167,10.5701,10.6197,10.5701,0,0.57%
"Oct 02, 2018",10.6167,10.6167,10.6167,10.6167,0,0.00%
"Oct 03, 2018",10.6779,10.6662,10.6903,10.616,0,0.58%
"Oct 04, 2018",10.7194,10.7311,10.7478,10.7005,0,0.39%
"Oct 05, 2018",10.7398,10.718,10.8096,10.6896,0,0.19%
"Oct 08, 2018",10.6865,10.6854,10.7249,10.6817,0,-0.50%
"Oct 09, 2018",10.7385,10.6858,10.744,10.6812,0,0.49%
"Oct 10, 2018",10.7232,10.7385,10.7501,10.7083,0,-0.14%
"Oct 11, 2018",10.7476,10.7233,10.7494,10.6879,0,0.23%
"Oct 12, 2018",10.6335,10.75,10.75,10.6253,0,-1.06%
"Oct 15, 2018",10.6654,10.6346,10.707,10.6343,0,0.30%
"Oct 16, 2018",10.6286,10.6648,10.6837,10.6186,0,-0.35%
"Oct 17, 2018",10.6243,10.6318,10.6362,10.5986,0,-0.04%
"Oct 18, 2018",10.5988,10.613,10.6156,10.591,0,-0.24%
"Oct 19, 2018",10.5884,10.5892,10.6201,10.5732,0,-0.10%
"Oct 22, 2018",10.5881,10.5824,10.5978,10.5612,0,0.00%
"Oct 23, 2018",10.6006,10.5946,10.6366,10.5945,0,0.12%
"Oct 24, 2018",10.5458,10.6003,10.6072,10.5316,0,-0.52%
"Oct 25, 2018",10.5382,10.5445,10.5707,10.5319,0,-0.07%
"Oct 26, 2018",10.5797,10.5261,10.5797,10.5143,0,0.39%
"Oct 29, 2018",10.5431,10.5801,10.5824,10.5395,0,-0.35%
"Oct 30, 2018",10.5753,10.5429,10.5854,10.529,0,0.31%
"Oct 31, 2018",10.6026,10.5764,10.6435,10.5763,0,0.26%
"Nov 01, 2018",10.6098,10.6145,10.6228,10.577,0,0.07%
"Nov 02, 2018",10.5127,10.6238,10.6238,10.5043,0,-0.92%
"Nov 05, 2018",10.5519,10.512,10.5679,10.4768,0,0.37%
"Nov 06, 2018",10.5434,10.5532,10.566,10.5358,0,-0.08%
"Nov 07, 2018",10.4696,10.5321,10.5371,10.4677,0,-0.70%
"Nov 08, 2018",10.4377,10.4657,10.4657,10.4377,0,-0.30%
"Nov 09, 2018",10.4186,10.4324,10.4834,10.4078,0,-0.18%
"Nov 12, 2018",10.4631,10.4339,10.4942,10.4214,0,0.43%
"Nov 13, 2018",10.4392,10.4619,10.4757,10.4276,0,-0.23%
"Nov 14, 2018",10.4035,10.4453,10.4502,10.3603,0,-0.34%
"Nov 15, 2018",10.3635,10.4129,10.4174,10.3618,0,-0.38%
"Nov 16, 2018",10.3748,10.3635,10.378,10.3238,0,0.11%
"Nov 19, 2018",10.3155,10.3801,10.3838,10.3079,0,-0.57%
"Nov 20, 2018",10.2847,10.313,10.3183,10.2688,0,-0.30%
"Nov 21, 2018",10.2938,10.2911,10.2938,10.2692,0,0.09%
"Nov 22, 2018",10.1977,10.2835,10.2959,10.1946,0,-0.93%
"Nov 23, 2018",10.1684,10.1959,10.1959,10.1656,0,-0.29%
"Nov 26, 2018",10.2035,10.1739,10.2202,10.1244,0,0.35%
"Nov 27, 2018",10.1827,10.2037,10.2294,10.1775,0,-0.20%
"Nov 28, 2018",10.1584,10.1811,10.1985,10.1506,0,-0.24%
"Nov 29, 2018",10.0511,10.1713,10.1775,10.0472,0,-1.06%
"Nov 30, 2018",10.0065,10.0485,10.0737,10.0029,0,-0.44%
"Dec 03, 2018",10.2339,10.0615,10.2339,10.0488,0,2.27%
"Dec 04, 2018",10.3155,10.2394,10.3394,10.2271,0,0.80%
"Dec 05, 2018",10.2907,10.2915,10.3093,10.2551,0,-0.24%
"Dec 06, 2018",10.2939,10.2893,10.3431,10.2565,0,0.03%
"Dec 07, 2018",10.3058,10.2936,10.3127,10.254,0,0.12%
"Dec 10, 2018",10.4923,10.2908,10.5107,10.2908,0,1.81%
"Dec 11, 2018",10.4769,10.4891,10.5077,10.3988,0,-0.15%
"Dec 12, 2018",10.4419,10.4743,10.5106,10.4316,0,-0.33%
"Dec 13, 2018",10.3944,10.4448,10.4603,10.3837,0,-0.45%
"Dec 14, 2018",10.4116,10.3986,10.4429,10.3819,0,0.17%
"Dec 17, 2018",10.3825,10.4205,10.4311,10.3666,0,-0.28%
"Dec 18, 2018",10.2421,10.3884,10.3977,10.2088,0,-1.35%
"Dec 19, 2018",10.1968,10.2027,10.218,10.1381,0,-0.44%
"Dec 20, 2018",10.1639,10.2594,10.2594,10.1154,0,-0.32%
"Dec 21, 2018",10.1556,10.1674,10.1877,10.125,0,-0.08%
"Dec 24, 2018",10.1615,10.1567,10.1915,10.1301,0,0.06%
"Dec 25, 2018",10.1712,10.164,10.1981,10.164,0,0.10%
"Dec 26, 2018",10.1766,10.1678,10.1885,10.1251,0,0.05%
"Dec 27, 2018",10.2472,10.1798,10.2551,10.1656,0,0.69%
"Dec 28, 2018",10.1669,10.2192,10.2408,10.1652,0,-0.78%
"Dec 31, 2018",10.1142,10.145,10.1687,10.1142,0,-0.52%
"Jan 01, 2019",10.097,10.1235,10.1395,10.0945,0,-0.17%
"Jan 02, 2019",10.2011,10.0984,10.2521,10.0984,0,1.03%
"Jan 03, 2019",10.2022,10.1997,10.2587,10.1776,0,0.01%
"Jan 04, 2019",10.1249,10.2053,10.2248,10.1249,0,-0.76%
"Jan 07, 2019",10.1888,10.1194,10.212,10.1174,0,0.63%
"Jan 08, 2019",10.2346,10.1898,10.253,10.1787,0,0.45%
"Jan 09, 2019",10.3514,10.2356,10.3541,10.2319,0,1.14%
"Jan 10, 2019",10.3734,10.3412,10.4218,10.3368,0,0.21%
"Jan 11, 2019",10.4093,10.3787,10.4838,10.3787,0,0.35%
"Jan 14, 2019",10.455,10.4063,10.4862,10.4004,0,0.44%
"Jan 15, 2019",10.5162,10.4539,10.5377,10.4524,0,0.59%
"Jan 16, 2019",10.5051,10.5209,10.5537,10.483,0,-0.11%
"Jan 17, 2019",10.4849,10.5203,10.5592,10.4841,0,-0.19%
"Jan 18, 2019",10.5046,10.4828,10.5265,10.4734,0,0.19%
"Jan 21, 2019",10.4719,10.5077,10.5457,10.4683,0,-0.31%
"Jan 22, 2019",10.4671,10.4668,10.5028,10.4583,0,-0.05%
"Jan 23, 2019",10.4815,10.4665,10.5195,10.4606,0,0.14%
"Jan 24, 2019",10.4588,10.4793,10.5163,10.4522,0,-0.22%
"Jan 25, 2019",10.508,10.4565,10.5364,10.4558,0,0.47%
"Jan 28, 2019",10.5362,10.5212,10.571,10.5184,0,0.27%
"Jan 29, 2019",10.6031,10.5399,10.6137,10.5297,0,0.63%
"Jan 30, 2019",10.6059,10.612,10.6483,10.5892,0,0.03%
"Jan 31, 2019",10.5898,10.641,10.6513,10.5769,0,-0.15%
"Feb 01, 2019",10.5911,10.59,10.6055,10.5292,0,0.01%
"Feb 04, 2019",10.6319,10.5961,10.6519,10.5952,0,0.39%
"Feb 05, 2019",10.6052,10.6325,10.6471,10.605,0,-0.25%
"Feb 06, 2019",10.6082,10.6037,10.6279,10.5996,0,0.03%
"Feb 07, 2019",10.5711,10.6213,10.6406,10.5668,0,-0.35%
"Feb 08, 2019",10.5526,10.5852,10.5909,10.5289,0,-0.18%
"Feb 11, 2019",10.4735,10.5511,10.5511,10.4586,0,-0.75%
"Feb 12, 2019",10.4126,10.472,10.506,10.4097,0,-0.58%
"Feb 13, 2019",10.4839,10.4123,10.4846,10.4123,0,0.68%
"Feb 14, 2019",10.4871,10.47,10.5185,10.4635,0,0.03%
"Feb 15, 2019",10.5315,10.4944,10.555,10.4795,0,0.42%
"Feb 18, 2019",10.5497,10.5322,10.5831,10.5322,0,0.17%
"Feb 19, 2019",10.5495,10.5427,10.5833,10.5272,0,0.00%
"Feb 20, 2019",10.565,10.5534,10.6195,10.5534,0,0.15%
"Feb 21, 2019",10.5905,10.5678,10.622,10.5617,0,0.24%
"Feb 22, 2019",10.5799,10.5992,10.6019,10.5734,0,-0.10%
"Feb 25, 2019",10.5891,10.584,10.652,10.584,0,0.09%
"Feb 26, 2019",10.6004,10.586,10.661,10.5745,0,0.11%
"Feb 27, 2019",10.6472,10.6195,10.6938,10.6046,0,0.44%
"Feb 28, 2019",10.5823,10.6486,10.6723,10.5754,0,-0.61%
"Mar 01, 2019",10.5869,10.5759,10.6017,10.5571,0,0.04%
"Mar 04, 2019",10.5721,10.5915,10.6219,10.566,0,-0.14%
"Mar 05, 2019",10.5091,10.5745,10.5966,10.5082,0,-0.60%
"Mar 06, 2019",10.4412,10.5081,10.5296,10.4325,0,-0.65%
"Mar 07, 2019",10.4418,10.4533,10.4616,10.4183,0,0.01%
"Mar 08, 2019",10.4159,10.4249,10.4548,10.3838,0,-0.25%
"Mar 11, 2019",10.3843,10.4238,10.4297,10.3805,0,-0.30%
"Mar 12, 2019",10.3786,10.3747,10.4026,10.3535,0,-0.05%
"Mar 13, 2019",10.3665,10.3745,10.4022,10.346,0,-0.12%
"Mar 14, 2019",10.3176,10.3681,10.3987,10.2996,0,-0.47%
"Mar 15, 2019",10.2729,10.3204,10.3249,10.2654,0,-0.43%
"Mar 18, 2019",10.2226,10.2715,10.2768,10.1937,0,-0.49%
"Mar 19, 2019",10.2824,10.2223,10.2913,10.1783,0,0.58%
"Mar 20, 2019",10.2754,10.2867,10.3074,10.2424,0,-0.07%
"Mar 21, 2019",10.2713,10.3084,10.3202,10.2487,0,-0.04%
"Mar 22, 2019",10.296,10.2678,10.3005,10.2214,0,0.24%
"Mar 25, 2019",10.2677,10.2937,10.306,10.2473,0,-0.27%
"Mar 26, 2019",10.2738,10.2734,10.2851,10.2498,0,0.06%
"Mar 27, 2019",10.2718,10.2798,10.289,10.2285,0,-0.02%
"Mar 28, 2019",10.267,10.2731,10.3057,10.246,0,-0.05%
"Mar 29, 2019",10.3076,10.2652,10.3275,10.2637,0,0.40%
"Apr 01, 2019",10.3114,10.3097,10.3481,10.3044,0,0.04%
"Apr 02, 2019",10.251,10.3001,10.3258,10.2253,0,-0.59%
"Apr 03, 2019",10.199,10.2503,10.2738,10.1914,0,-0.51%
"Apr 04, 2019",10.2689,10.2028,10.3069,10.1926,0,0.69%
"Apr 05, 2019",10.2947,10.2708,10.3217,10.2699,0,0.25%
"Apr 08, 2019",10.356,10.2993,10.3767,10.292,0,0.60%
"Apr 09, 2019",10.3219,10.3537,10.3872,10.316,0,-0.33%
"Apr 10, 2019",10.2964,10.3185,10.3281,10.2829,0,-0.25%
"Apr 11, 2019",10.2718,10.2985,10.3089,10.2462,0,-0.24%
"Apr 12, 2019",10.3201,10.2726,10.326,10.2645,0,0.47%
"Apr 15, 2019",10.3441,10.3208,10.3621,10.2932,0,0.23%
"Apr 16, 2019",10.3589,10.3474,10.3882,10.3414,0,0.14%
"Apr 17, 2019",10.3812,10.3606,10.39,10.3605,0,0.22%
"Apr 18, 2019",10.3435,10.3788,10.3897,10.3341,0,-0.36%
"Apr 19, 2019",10.3529,10.3467,10.3627,10.3424,0,0.09%
"Apr 22, 2019",10.3843,10.3466,10.4148,10.3379,0,0.30%
"Apr 23, 2019",10.3734,10.3869,10.4035,10.3549,0,-0.10%
"Apr 24, 2019",10.4078,10.3762,10.4139,10.3744,0,0.33%
"Apr 25, 2019",10.4063,10.4081,10.4252,10.3846,0,-0.01%
"Apr 26, 2019",10.3793,10.4072,10.431,10.3734,0,-0.26%
"Apr 29, 2019",10.3686,10.3793,10.3848,10.3629,0,-0.10%
"Apr 30, 2019",10.3412,10.3702,10.3727,10.3251,0,-0.26%
"May 01, 2019",10.3261,10.3459,10.3459,10.3143,0,-0.15%
"May 02, 2019",10.3064,10.3241,10.3398,10.2932,0,-0.19%
"May 03, 2019",10.2598,10.3016,10.311,10.2598,0,-0.45%
"May 06, 2019",10.2565,10.2638,10.2708,10.1682,0,-0.03%
"May 07, 2019",10.2768,10.2582,10.2815,10.2254,0,0.20%
"May 08, 2019",10.2789,10.2691,10.2889,10.2561,0,0.02%
"May 09, 2019",10.282,10.2799,10.2994,10.2378,0,0.03%
"May 10, 2019",10.2601,10.2668,10.3081,10.2387,0,-0.21%
"May 13, 2019",10.2597,10.2592,10.2713,10.2035,0,0.00%
"May 14, 2019",10.2286,10.264,10.2826,10.2146,0,-0.30%
"May 15, 2019",10.2163,10.2266,10.2515,10.2071,0,-0.12%
"May 16, 2019",10.1877,10.2098,10.2267,10.1713,0,-0.28%
"May 17, 2019",10.158,10.2006,10.205,10.1332,0,-0.29%
"May 20, 2019",10.0703,10.1866,10.1877,10.0406,0,-0.86%
"May 21, 2019",10.0901,10.101,10.1181,10.0738,0,0.20%
"May 22, 2019",10.0848,10.0927,10.1069,10.0719,0,-0.05%
"May 23, 2019",10.081,10.0884,10.1278,10.0321,0,-0.04%
"May 24, 2019",10.0548,10.079,10.0967,10.0542,0,-0.26%
"May 27, 2019",10.0761,10.0595,10.0988,10.0523,0,0.21%
"May 28, 2019",10.0736,10.0802,10.1011,10.0642,0,-0.02%
"May 29, 2019",10.1013,10.0678,10.1234,10.0668,0,0.27%
"May 30, 2019",10.1168,10.0999,10.1266,10.0838,0,0.15%
"May 31, 2019",10.0768,10.121,10.1279,10.0768,0,-0.40%
"Jun 03, 2019",10.0193,10.0803,10.093,10.0067,0,-0.57%
"Jun 04, 2019",10.0301,10.0047,10.0369,9.9916,0,0.11%
"Jun 05, 2019",10.0426,10.0291,10.0488,10.017,0,0.12%
"Jun 06, 2019",10.0099,10.0466,10.0493,10.0046,0,-0.33%
"Jun 07, 2019",10.0373,10.0108,10.0694,10.0061,0,0.27%
"Jun 10, 2019",10.0326,10.0361,10.0501,10.0023,0,-0.05%
"Jun 11, 2019",10.0392,10.0318,10.0511,10.0239,0,0.07%
"Jun 12, 2019",10.0287,10.0448,10.0449,10.004,0,-0.10%
"Jun 13, 2019",10.0453,10.0275,10.0526,10.0145,0,0.17%
"Jun 14, 2019",10.0834,10.051,10.0905,10.0412,0,0.38%
"Jun 17, 2019",10.0854,10.0818,10.1044,10.0679,0,0.02%
"Jun 18, 2019",10.0838,10.0915,10.093,10.0511,0,-0.02%
"Jun 19, 2019",10.0889,10.0852,10.1164,10.0661,0,0.05%
"Jun 20, 2019",10.1461,10.1037,10.1655,10.0998,0,0.57%
"Jun 21, 2019",10.1332,10.1362,10.1716,10.1068,0,-0.13%
"Jun 24, 2019",10.0731,10.1406,10.1463,10.0718,0,-0.59%
"Jun 25, 2019",10.0778,10.0658,10.0961,10.0597,0,0.05%
"Jun 26, 2019",10.0646,10.0777,10.0946,10.0494,0,-0.13%
"Jun 27, 2019",10.0461,10.058,10.0824,10.0376,0,-0.18%
"Jun 28, 2019",10.0411,10.0416,10.0655,10.0245,0,-0.05%
"Jul 01, 2019",10.0537,10.0411,10.0995,10.0411,0,0.13%
"Jul 02, 2019",10.0234,10.0567,10.0632,10.0166,0,-0.30%
"Jul 03, 2019",9.9984,10.0218,10.0231,9.9907,0,-0.25%
"Jul 04, 2019",9.9726,10.002,10.0323,9.9666,0,-0.26%
"Jul 05, 2019",9.9295,9.9739,10.0036,9.9282,0,-0.43%
"Jul 08, 2019",9.9634,9.9299,9.9947,9.9253,0,0.34%
"Jul 09, 2019",9.9543,9.9654,10.0114,9.9506,0,-0.09%
"Jul 10, 2019",9.955,9.9602,9.9789,9.9311,0,0.01%
"Jul 11, 2019",9.9575,9.9537,9.9772,9.9446,0,0.03%
"Jul 12, 2019",9.964,9.9635,9.9857,9.9522,0,0.07%
"Jul 15, 2019",9.9662,9.9628,9.9821,9.9584,0,0.02%
"Jul 16, 2019",9.9837,9.9657,9.999,9.9655,0,0.18%
"Jul 17, 2019",10.0159,9.9887,10.0192,9.9701,0,0.32%
"Jul 18, 2019",10.0079,10.0063,10.028,9.9924,0,-0.08%
"Jul 19, 2019",10.0056,10.0141,10.025,9.9968,0,-0.02%
"Jul 22, 2019",10.0172,10.0055,10.0411,10.0055,0,0.12%
"Jul 23, 2019",10.035,10.0188,10.035,10.0067,0,0.18%
"Jul 24, 2019",10.0371,10.0335,10.0435,10.02,0,0.02%
"Jul 25, 2019",10.046,10.0394,10.0483,10.0195,0,0.09%
"Jul 26, 2019",10.0129,10.0612,10.0612,10.0039,0,-0.33%
"Jul 29, 2019",9.9741,10.0122,10.0136,9.9645,0,-0.39%
"Jul 30, 2019",10.0024,9.9764,10.0134,9.9738,0,0.28%
"Jul 31, 2019",10.0049,10.0007,10.0233,9.9882,0,0.02%
"Aug 01, 2019",10.0045,10.0627,10.0627,9.9961,0,0.00%
"Aug 02, 2019",10.0426,10.0038,10.0459,9.9293,0,0.38%
"Aug 05, 2019",10.0444,9.9349,10.0633,9.9158,0,0.02%
"Aug 06, 2019",10.1104,10.0447,10.1104,10.0083,0,0.66%
"Aug 07, 2019",10.077,10.0969,10.1045,10.0215,0,-0.33%
"Aug 08, 2019",9.9955,10.0807,10.1134,9.9955,0,-0.81%
"Aug 09, 2019",10.0426,9.9986,10.0482,9.9914,0,0.47%
"Aug 12, 2019",10.0994,10.0546,10.1076,10.0473,0,0.57%
"Aug 13, 2019",10.1396,10.0985,10.1442,10.0572,0,0.40%
"Aug 14, 2019",10.1467,10.1749,10.1751,10.0891,0,0.07%
"Aug 15, 2019",10.209,10.1413,10.2104,10.1238,0,0.61%
"Aug 16, 2019",10.1032,10.2032,10.2068,10.0902,0,-1.04%
"Aug 19, 2019",10.1339,10.105,10.1471,10.0844,0,0.30%
"Aug 20, 2019",10.1338,10.1319,10.1698,10.1086,0,0.00%
"Aug 21, 2019",10.1144,10.132,10.1518,10.0978,0,-0.19%
"Aug 22, 2019",10.1544,10.1106,10.1609,10.0976,0,0.40%
"Aug 23, 2019",10.0778,10.1413,10.1601,10.0776,0,-0.75%
"Aug 26, 2019",10.0716,10.009,10.112,9.9979,0,-0.06%
"Aug 27, 2019",9.9889,10.0737,10.0825,9.9707,0,-0.82%
"Aug 28, 2019",10.0245,9.9926,10.0396,9.9895,0,0.36%
"Aug 29, 2019",10.0343,10.0237,10.0622,10.0125,0,0.10%
"Aug 30, 2019",9.984,10.0351,10.0444,9.9787,0,-0.50%
"Sep 02, 2019",10.0348,9.9832,10.0516,9.9745,0,0.51%
"Sep 03, 2019",10.0531,10.0214,10.0907,10.0146,0,0.18%
"Sep 04, 2019",10.0739,10.0587,10.0976,10.0587,0,0.21%
"Sep 05, 2019",10.0621,10.0688,10.1068,10.0363,0,-0.12%
"Sep 06, 2019",10.0686,10.0577,10.0945,10.0307,0,0.06%
"Sep 09, 2019",10.0784,10.0688,10.0797,10.0249,0,0.10%
"Sep 10, 2019",10.1052,10.0746,10.1253,10.0715,0,0.27%
"Sep 11, 2019",10.0576,10.0998,10.1075,10.0487,0,-0.47%
"Sep 12, 2019",10.0244,10.0579,10.0971,10.0175,0,-0.33%
"Sep 13, 2019",10.027,10.0299,10.0517,10.0103,0,0.03%
"Sep 16, 2019",10.1282,10.0327,10.1424,10.0327,0,1.01%
"Sep 17, 2019",10.0806,10.1275,10.1455,10.0605,0,-0.47%
"Sep 18, 2019",10.0402,10.0842,10.0936,10.0385,0,-0.40%
"Sep 19, 2019",10.0577,10.0376,10.0609,10.0089,0,0.17%
"Sep 20, 2019",10.0224,10.0579,10.0749,9.9756,0,-0.35%
"Sep 23, 2019",9.9458,10.021,10.021,9.9436,0,-0.76%
"Sep 24, 2019",9.9728,9.9475,10.003,9.9426,0,0.27%
"Sep 25, 2019",9.9538,9.9705,9.9938,9.9538,0,-0.19%
"Sep 26, 2019",9.9493,9.9625,9.9743,9.9371,0,-0.05%
"Sep 27, 2019",9.8991,9.9451,9.9524,9.8753,0,-0.50%
"Sep 30, 2019",9.8827,9.8838,9.9271,9.8774,0,-0.17%
"Oct 01, 2019",9.9477,9.8841,9.9561,9.8841,0,0.66%
"Oct 02, 2019",9.9534,9.9488,9.968,9.9464,0,0.06%
"Oct 03, 2019",9.9366,9.9617,9.9841,9.9135,0,-0.17%
"Oct 04, 2019",9.9079,9.9058,9.938,9.8995,0,-0.29%
"Oct 07, 2019",9.9289,9.9266,9.9471,9.9203,0,0.21%
"Oct 08, 2019",9.9687,9.9536,9.9743,9.9473,0,0.40%
"Oct 09, 2019",9.9714,9.9667,9.9756,9.9508,0,0.03%
"Oct 10, 2019",9.9757,9.97,10.0114,9.9627,0,0.04%
"Oct 11, 2019",10.0062,9.9748,10.0183,9.9733,0,0.31%
"Oct 14, 2019",10.0794,10.0101,10.0844,10.0101,0,0.73%
"Oct 15, 2019",10.0964,10.0777,10.1098,10.0683,0,0.17%
"Oct 16, 2019",10.0603,10.0744,10.1092,10.0493,0,-0.36%
"Oct 17, 2019",10.0503,10.059,10.0729,10.0411,0,-0.10%
"Oct 18, 2019",10.0386,10.0541,10.0777,10.0298,0,-0.12%
"Oct 21, 2019",10.0229,10.0381,10.0615,10.0031,0,-0.16%
"Oct 22, 2019",10.0058,10.0201,10.03,10.0058,0,-0.17%
"Oct 23, 2019",10.0098,10.0086,10.0374,9.9951,0,0.04%
"Oct 24, 2019",10.0389,10.0047,10.0549,9.9999,0,0.29%
"Oct 25, 2019",10.0236,10.0317,10.0532,10.0132,0,-0.15%
"Oct 28, 2019",10.0096,10.0229,10.0404,9.9959,0,-0.14%
"Oct 29, 2019",10.0329,10.0096,10.038,10.0084,0,0.23%
"Oct 30, 2019",10.0566,10.0302,10.0662,10.0293,0,0.24%
"Oct 31, 2019",10.0831,10.0736,10.0934,10.0449,0,0.26%
"Nov 01, 2019",10.0547,10.0935,10.0936,10.0454,0,-0.28%
"Nov 04, 2019",10.0689,10.0585,10.0731,10.0412,0,0.14%
"Nov 05, 2019",10.0967,10.0727,10.1192,10.0687,0,0.28%
"Nov 06, 2019",10.147,10.114,10.1496,10.1094,0,0.50%
"Nov 07, 2019",10.1809,10.1463,10.1809,10.112,0,0.33%
"Nov 08, 2019",10.2,10.1919,10.2192,10.1722,0,0.19%
"Nov 11, 2019",10.2088,10.2003,10.2145,10.184,0,0.09%
"Nov 12, 2019",10.2442,10.2095,10.2442,10.2095,0,0.35%
"Nov 13, 2019",10.2727,10.2436,10.2727,10.2049,0,0.28%
"Nov 14, 2019",10.2503,10.2682,10.2911,10.2319,0,-0.22%
"Nov 15, 2019",10.2236,10.249,10.2814,10.2132,0,-0.26%
"Nov 18, 2019",10.2398,10.224,10.2447,10.2086,0,0.16%
"Nov 19, 2019",10.2211,10.2402,10.2493,10.188,0,-0.18%
"Nov 20, 2019",10.1971,10.204,10.2244,10.1881,0,-0.23%
"Nov 21, 2019",10.2073,10.1971,10.2158,10.1846,0,0.10%
"Nov 22, 2019",10.1977,10.2073,10.2172,10.1786,0,-0.09%
"Nov 25, 2019",10.1884,10.1958,10.21,10.1803,0,-0.09%
"Nov 26, 2019",10.1628,10.1878,10.205,10.1527,0,-0.25%
"Nov 27, 2019",10.138,10.177,10.177,10.1342,0,-0.24%
"Nov 28, 2019",10.1637,10.1293,10.1914,10.1293,0,0.25%
"Nov 29, 2019",10.2026,10.1677,10.2348,10.1648,0,0.38%
"Dec 02, 2019",10.1763,10.2119,10.2164,10.1681,0,-0.26%
"Dec 03, 2019",10.1597,10.1743,10.1813,10.148,0,-0.16%
"Dec 04, 2019",10.1383,10.1597,10.1614,10.1274,0,-0.21%
"Dec 05, 2019",10.1141,10.1417,10.1643,10.1084,0,-0.24%
"Dec 06, 2019",10.1326,10.1129,10.1578,10.1037,0,0.18%
"Dec 09, 2019",10.0821,10.1328,10.1381,10.0821,0,-0.50%
"Dec 10, 2019",10.0665,10.0818,10.0952,10.0639,0,-0.15%
"Dec 11, 2019",10.0458,10.0589,10.078,10.0458,0,-0.21%
"Dec 12, 2019",10.1032,10.0618,10.1192,10.0333,0,0.57%
"Dec 13, 2019",10.1292,10.1374,10.1616,10.0959,0,0.26%
"Dec 16, 2019",10.1401,10.1173,10.1479,10.1083,0,0.11%
"Dec 17, 2019",10.1519,10.1314,10.1562,10.1159,0,0.12%
"Dec 18, 2019",10.1357,10.155,10.1664,10.1287,0,-0.16%
"Dec 19, 2019",10.1534,10.1412,10.1616,10.1191,0,0.17%
"Dec 20, 2019",10.1417,10.1531,10.1645,10.1341,0,-0.12%
"Dec 23, 2019",10.1558,10.1403,10.1682,10.1306,0,0.14%
"Dec 24, 2019",10.172,10.1542,10.1788,10.1511,0,0.16%
"Dec 25, 2019",10.1983,10.1704,10.2094,10.1646,0,0.26%
"Dec 26, 2019",10.1908,10.2045,10.209,10.1778,0,-0.07%
"Dec 27, 2019",10.2141,10.1838,10.2212,10.172,0,0.23%
"Dec 30, 2019",10.2079,10.209,10.2296,10.2019,0,-0.06%
"Dec 31, 2019",10.2475,10.2133,10.2576,10.2075,0,0.39%
"Jan 01, 2020",10.2291,10.2527,10.2543,10.2288,0,-0.18%
"Jan 02, 2020",10.2451,10.2276,10.2539,10.2118,0,0.16%
"Jan 03, 2020",10.3036,10.2449,10.3092,10.2357,0,0.57%
"Jan 06, 2020",10.302,10.2974,10.3446,10.289,0,-0.02%
"Jan 07, 2020",10.3445,10.3141,10.3583,10.3027,0,0.41%
"Jan 08, 2020",10.2948,10.3328,10.384,10.2898,0,-0.48%
"Jan 09, 2020",10.2729,10.3142,10.327,10.262,0,-0.21%
"Jan 10, 2020",10.2554,10.2729,10.28,10.2365,0,-0.17%
"Jan 13, 2020",10.2571,10.2668,10.2897,10.2545,0,0.02%
"Jan 14, 2020",10.2918,10.2796,10.318,10.2692,0,0.34%
"Jan 15, 2020",10.2629,10.278,10.2977,10.2573,0,-0.28%
"Jan 16, 2020",10.3182,10.2751,10.3256,10.2715,0,0.54%
"Jan 17, 2020",10.3618,10.3132,10.3666,10.3132,0,0.42%
"Jan 20, 2020",10.3453,10.3496,10.3887,10.3413,0,-0.16%
"Jan 21, 2020",10.3057,10.3302,10.3351,10.2995,0,-0.38%
"Jan 22, 2020",10.2915,10.3097,10.3295,10.291,0,-0.14%
"Jan 23, 2020",10.2932,10.2836,10.3026,10.2614,0,0.02%
"Jan 24, 2020",10.283,10.2845,10.289,10.2673,0,-0.10%
"Jan 27, 2020",10.3003,10.3041,10.3104,10.2894,0,0.17%
"Jan 28, 2020",10.2643,10.2978,10.2978,10.2643,0,-0.35%
"Jan 29, 2020",10.2802,10.2701,10.2947,10.2593,0,0.15%
"Jan 30, 2020",10.3148,10.296,10.3306,10.2917,0,0.34%
"Jan 31, 2020",10.3155,10.3183,10.3188,10.2778,0,0.01%
"Feb 03, 2020",10.1579,10.3116,10.3116,10.1449,0,-1.53%
"Feb 04, 2020",10.1615,10.1463,10.1931,10.1463,0,0.04%
"Feb 05, 2020",10.2082,10.1625,10.2162,10.1524,0,0.46%
"Feb 06, 2020",10.2176,10.1998,10.2358,10.1938,0,0.09%
"Feb 07, 2020",10.2142,10.2076,10.225,10.1964,0,-0.03%
"Feb 10, 2020",10.2071,10.212,10.2345,10.2038,0,-0.07%
"Feb 11, 2020",10.2333,10.2049,10.2333,10.2032,0,0.26%
"Feb 12, 2020",10.2277,10.2264,10.2431,10.2193,0,-0.05%
"Feb 13, 2020",10.2235,10.2128,10.2447,10.2043,0,-0.04%
"Feb 14, 2020",10.2375,10.216,10.2474,10.2067,0,0.14%
"Feb 17, 2020",10.2187,10.2471,10.261,10.208,0,-0.18%
"Feb 18, 2020",10.2306,10.2138,10.2306,10.1959,0,0.12%
"Feb 19, 2020",10.2311,10.214,10.2355,10.2051,0,0.00%
"Feb 20, 2020",10.2066,10.2154,10.2279,10.1941,0,-0.24%
"Feb 21, 2020",10.2291,10.193,10.2449,10.1852,0,0.22%
"Feb 24, 2020",10.2334,10.2073,10.238,10.207,0,0.04%
"Feb 25, 2020",10.2402,10.2574,10.2623,10.2067,0,0.07%
"Feb 26, 2020",10.1929,10.2428,10.2485,10.1858,0,-0.46%
"Feb 27, 2020",10.23,10.2023,10.237,10.1928,0,0.36%
"Feb 28, 2020",10.3747,10.2309,10.3851,10.2248,0,1.41%
"Mar 02, 2020",10.4702,10.3721,10.4804,10.3383,0,0.92%
"Mar 03, 2020",10.4926,10.4718,10.529,10.3957,0,0.21%
"Mar 04, 2020",10.6176,10.5228,10.6189,10.5077,0,1.19%
"Mar 05, 2020",10.5959,10.5991,10.6037,10.5244,0,-0.20%
"Mar 06, 2020",10.6755,10.5887,10.685,10.5651,0,0.75%
"Mar 09, 2020",10.6809,10.7093,10.7129,10.6379,0,0.05%
"Mar 10, 2020",10.6592,10.688,10.7141,10.6487,0,-0.20%
"Mar 11, 2020",10.5857,10.6466,10.6606,10.5803,0,-0.69%
"Mar 12, 2020",10.609,10.5869,10.6616,10.5524,0,0.22%
"Mar 13, 2020",10.5357,10.6126,10.6526,10.5357,0,-0.69%
"Mar 16, 2020",10.582,10.5442,10.6242,10.5417,0,0.44%
"Mar 17, 2020",10.5685,10.5829,10.6122,10.5543,0,-0.13%
"Mar 18, 2020",10.5784,10.5518,10.5985,10.5366,0,0.09%
"Mar 19, 2020",10.5211,10.5784,10.6307,10.5052,0,-0.54%
"Mar 20, 2020",10.6254,10.5222,10.6271,10.5219,0,0.99%
"Mar 23, 2020",10.7627,10.62,10.7817,10.6192,0,1.29%
"Mar 24, 2020",10.8138,10.7711,10.8166,10.7205,0,0.47%
"Mar 25, 2020",10.7347,10.8138,10.8354,10.7298,0,-0.73%
"Mar 26, 2020",10.5873,10.7648,10.7723,10.5653,0,-1.37%
