Date,Close,USD,CRUDE,GOLD,Up-Down
16-Nov-15,7806.6,65.88600101,2720.476083,2555.055049,1
17-Nov-15,7837.55,65.9810009,2741.896335,2519.405723,1
18-Nov-15,7731.8,66.03300078,2726.358987,2509.334725,0
19-Nov-15,7842.75,66.09000057,2724.235882,2525.883996,1
20-Nov-15,7856.55,66.05799945,2793.100289,2535.824866,1
23-Nov-15,7849.25,66.39500046,2781.402157,2516.419638,0
24-Nov-15,7831.6,66.26200021,2850.853099,2527.460862,0
26-Nov-15,7883.8,66.56499972,2872.913785,2531.094496,1
27-Nov-15,7942.7,66.90700107,2836.640502,2516.96434,1
30-Nov-15,7935.25,66.46199916,2822.835375,2507.912464,0
01-Dec-15,7954.9,66.43400151,2794.364891,2533.486356,1
02-Dec-15,7931.35,66.59100153,2758.769056,2519.367639,0
03-Dec-15,7864.15,66.79000108,2734.007017,2507.409395,0
04-Dec-15,7781.9,66.64299952,2740.659491,2545.183368,0
07-Dec-15,7765.4,66.77300044,2604.183772,2562.880267,0
08-Dec-15,7701.7,66.85699963,2529.233087,2548.355037,0
09-Dec-15,7612.5,66.85500166,2554.120004,2558.873277,0
10-Dec-15,7683.3,66.75599955,2487.562306,2546.330483,1
11-Dec-15,7610.45,67.14800145,2439.119096,2546.395323,0
14-Dec-15,7650.05,67.09299794,2402.587656,2548.290097,1
15-Dec-15,7700.9,66.86299872,2479.750596,2530.185108,1
16-Dec-15,7750.9,66.4760002,2455.636306,2535.638398,1
17-Dec-15,7844.35,66.42100195,2359.493929,2503.298095,1
18-Dec-15,7761.95,66.25499786,2369.84846,2499.718782,0
21-Dec-15,7834.45,66.25099907,2390.704373,2525.609682,1
22-Dec-15,7786.1,66.24399904,2415.422607,2531.991715,0
23-Dec-15,7865.95,66.03699947,2474.516081,2515.191758,1
24-Dec-15,7861.05,65.94700024,2519.013332,2517.401538,0
28-Dec-15,7925.15,66.13700187,2474.302809,2515.22339,1
29-Dec-15,7928.95,66.23499993,2496.313906,2519.951718,1
30-Dec-15,7896.25,66.47500151,2462.83106,2509.120654,0
31-Dec-15,7946.35,66.20799971,2456.284298,2493.063052,1
01-Jan-16,7963.2,66.23499993,2483.568794,2497.090889,1
04-Jan-16,7791.3,66.57899988,2504.76255,2531.491757,0
05-Jan-16,7784.65,66.48099853,2445.324947,2541.03776,0
06-Jan-16,7741,66.69800139,2350.548065,2563.484699,0
07-Jan-16,7568.3,66.89100125,2229.599418,2598.610783,0
08-Jan-16,7601.35,66.84700205,2247.157121,2593.811684,1
11-Jan-16,7563.85,66.7600016,2173.536165,2599.056542,0
12-Jan-16,7510.3,66.94600109,2091.430424,2578.575646,0
13-Jan-16,7562.4,66.9169987,2080.837705,2562.151387,1
14-Jan-16,7536.8,67.3160013,2100.120202,2585.997342,0
15-Jan-16,7437.8,67.77500028,2032.118534,2597.240691,0
18-Jan-16,7351,67.66099918,1993.404825,2604.112414,0
19-Jan-16,7435.1,67.73400099,2031.347819,2597.652242,1
20-Jan-16,7309.3,67.95800005,1965.147618,2635.414169,0
21-Jan-16,7276.8,67.79900037,1971.538552,2633.096442,0
22-Jan-16,7422.45,67.54900072,2122.229058,2617.999796,1
25-Jan-16,7436.15,67.75500171,2144.235846,2635.96297,1
27-Jan-16,7437.75,68.14400136,2142.420115,2674.705047,1
28-Jan-16,7424.65,68.05300158,2266.028143,2675.921788,0
29-Jan-16,7563.55,67.87799934,2298.594158,2661.818608,1
01-Feb-16,7555.95,67.83499788,2223.19078,2684.765566,0
02-Feb-16,7455.55,67.97499961,2094.783032,2696.079092,0
03-Feb-16,7361.8,67.93399804,2104.858986,2713.188811,0
04-Feb-16,7404,67.54400019,2217.386314,2732.501742,1
05-Feb-16,7489.1,67.81000207,2163.663881,2744.22204,1
08-Feb-16,7387.25,68.0340004,2081.865024,2805.844012,0
09-Feb-16,7298.2,67.90099817,2038.238088,2836.557554,0
10-Feb-16,7215.7,67.86100221,1934.222753,2820.26189,0
11-Feb-16,6976.35,68.47100079,1854.077791,2937.211235,0
12-Feb-16,6980.95,68.11799781,1940.911717,2953.363438,1
15-Feb-16,7162.95,68.13100175,2041.45009,2879.47939,1
16-Feb-16,7048.25,68.47400141,2069.609012,2881.860991,0
17-Feb-16,7108.45,68.32900196,2071.865225,2888.103325,1
18-Feb-16,7191.75,68.5419986,2170.342399,2896.963692,1
19-Feb-16,7210.75,68.54500075,2127.523793,2946.92297,1
22-Feb-16,7234.55,68.5329984,2296.153399,2898.517119,1
23-Feb-16,7109.55,68.5609979,2262.127163,2924.344289,0
24-Feb-16,7018.7,68.43100034,2167.478301,2959.420427,0
25-Feb-16,6970.6,68.76800131,2208.712256,2962.989301,0
26-Feb-16,7029.75,68.73700226,2334.160178,2949.678485,1
29-Feb-16,6987.05,68.2079992,2283.960505,2958.562375,0
01-Mar-16,7222.3,67.7530002,2333.139001,2955.632993,1
02-Mar-16,7368.85,67.39499994,2326.405283,2922.088358,1
03-Mar-16,7475.6,67.12199994,2349.019427,2942.985541,1
04-Mar-16,7485.35,66.93800209,2368.617642,2980.021933,1
08-Mar-16,7485.3,67.31300162,2536.735694,3000.066001,0
09-Mar-16,7531.8,67.12800162,2526.836523,2955.353475,1
10-Mar-16,7486.15,67.30200205,2555.26358,2949.800299,0
11-Mar-16,7510.2,66.92100217,2603.365329,2971.494454,1
14-Mar-16,7538.75,67.13799779,2525.954557,2941.072668,1
15-Mar-16,7460.6,67.37200212,2467.007209,2905.751936,0
16-Mar-16,7498.75,67.17299882,2534.064194,2904.123274,1
17-Mar-16,7512.55,66.61899855,2646.543347,2948.13059,1
18-Mar-16,7604.35,66.38399917,2729.896748,2923.891114,1
21-Mar-16,7704.25,66.49999993,2750.425529,2896.678379,1
22-Mar-16,7714.9,66.75500133,2770.408198,2915.400897,1
23-Mar-16,7716.5,66.93000052,2731.048035,2874.504867,1
28-Mar-16,7615.1,66.60799834,2654.666726,2846.326815,0
29-Mar-16,7597,66.37500163,2586.353109,2857.542913,0
30-Mar-16,7735.2,66.37500163,2597.901551,2866.882065,1
31-Mar-16,7738.4,66.25499786,2552.236677,2863.549025,1
01-Apr-16,7713.05,66.36499793,2501.867664,2860.297357,0
04-Apr-16,7758.8,66.10599965,2438.993447,2838.127404,1
05-Apr-16,7603.2,66.42199902,2380.255784,2875.347917,0
06-Apr-16,7614.35,66.51699898,2487.833694,2870.643081,1
07-Apr-16,7546.45,66.75699779,2507.388807,2893.995827,0
08-Apr-16,7555.2,66.55100103,2608.952059,2898.105508,1
11-Apr-16,7671.4,66.28700124,2667.577006,2927.391899,1
12-Apr-16,7708.95,66.28299858,2731.64143,2936.848937,1
13-Apr-16,7850.45,66.49599804,2784.894631,2916.991182,1
18-Apr-16,7914.7,66.4159994,2630.240863,2906.824643,1
20-Apr-16,7914.75,66.16600176,2824.415885,2929.312754,1
21-Apr-16,7912.05,66.4889992,2927.268102,2948.704339,0
22-Apr-16,7899.3,66.66000067,2931.903878,2927.271929,0
25-Apr-16,7855.05,66.6850006,2906.646334,2918.617276,0
26-Apr-16,7962.65,66.40399901,2900.024357,2915.511395,1
27-Apr-16,7979.9,66.36199873,2980.562481,2934.194813,1
28-Apr-16,7847.25,66.40100069,3032.827645,2954.977956,0
29-Apr-16,7849.8,66.42499923,3076.558087,3008.505044,1
02-May-16,7805.9,66.34599876,3022.667679,3037.814718,0
03-May-16,7747,66.55799964,2949.752462,3029.853143,0
04-May-16,7706.55,66.62700139,2939.726609,3012.411134,0
05-May-16,7735.5,66.55799964,3008.505836,3005.475977,1
06-May-16,7733.45,66.60000007,2957.707831,3024.099045,0
09-May-16,7866.05,66.75199797,2977.082995,2998.599654,1
10-May-16,7887.8,66.63100131,2932.897817,2976.739756,1
11-May-16,7848.85,66.56099886,3006.052738,2998.186097,0
12-May-16,7900.4,66.75699779,3096.854727,2989.116626,1
13-May-16,7814.9,66.85500166,3090.012465,2994.675467,0
16-May-16,7860.75,66.84399934,3168.32017,3013.445996,1
17-May-16,7890.75,66.82500183,3212.958326,3001.623879,1
18-May-16,7870.15,67.13999918,3255.001627,3001.281547,0
19-May-16,7783.4,67.43599902,3210.43646,2974.375753,0
20-May-16,7749.7,67.4080019,3294.556548,2978.096103,0
23-May-16,7731.05,67.40900156,3243.880801,2967.130132,0
24-May-16,7748.85,67.63000194,3283.762436,2951.576437,1
25-May-16,7934.9,67.2729982,3322.875799,2903.263268,1
26-May-16,8069.65,66.92699931,3346.270779,2897.257456,1
27-May-16,8156.65,67.03099802,3298.686067,2871.838465,1
30-May-16,8178.5,67.17099997,3338.470379,2859.307762,1
31-May-16,8160.1,67.20899848,3345.526213,2878.799656,0
01-Jun-16,8179.95,67.43399813,3283.30123,2899.029695,1
02-Jun-16,8218.95,67.26800225,3292.841806,2893.049737,1
03-Jun-16,8220.8,67.0000006,3286.011315,2920.441337,1
06-Jun-16,8201.05,66.79000108,3312.244831,2943.340692,0
07-Jun-16,8266.45,66.65800113,3342.177584,2931.820514,1
08-Jun-16,8273.05,66.49999993,3394.15096,2957.013889,1
09-Jun-16,8203.6,66.75300055,3393.021172,2977.360153,0
10-Jun-16,8170.05,66.95199823,3328.116206,2996.55097,0
13-Jun-16,8110.6,67.18699862,3271.693364,3036.661616,0
14-Jun-16,8108.85,67.29199774,3255.365394,3044.297574,0
15-Jun-16,8206.6,67.07900129,3233.522599,3042.324823,1
16-Jun-16,8140.75,67.31499987,3162.843079,3097.423254,0
17-Jun-16,8170.2,67.07399811,3171.20116,3047.229002,1
20-Jun-16,8238.5,67.55099932,3315.674084,3052.885129,1
21-Jun-16,8219.9,67.62400162,3350.530829,3041.408781,0
22-Jun-16,8203.7,67.44899861,3371.986743,3015.326907,0
23-Jun-16,8270.45,67.27899976,3351.214402,2999.544069,1
24-Jun-16,8088.6,67.88499874,3261.986622,3153.877693,0
27-Jun-16,8094.7,67.91399779,3202.340067,3160.056881,1
28-Jun-16,8127.85,67.71499868,3224.757616,3129.616184,1
29-Jun-16,8204,67.42199983,3299.586321,3135.43512,1
30-Jun-16,8287.75,67.50399978,3319.562287,3121.761173,1
01-Jul-16,8328.35,67.19000062,3264.377474,3151.164513,1
04-Jul-16,8370.7,67.26499779,3303.380649,3180.176055,1
05-Jul-16,8335.95,67.43399813,3203.858325,3177.932437,0
07-Jul-16,8337.9,67.49500132,3172.985348,3198.198774,1
08-Jul-16,8323.2,67.13899847,3064.731005,3168.457373,0
11-Jul-16,8467.9,67.13799779,3035.085169,3170.265446,1
12-Jul-16,8521.05,66.97500171,3083.017239,3137.688026,1
13-Jul-16,8519.5,67.01599873,3071.893024,3124.921877,0
14-Jul-16,8565,66.8429985,3042.70089,3095.36191,1
15-Jul-16,8541.4,67.14099993,3072.061717,3099.958151,0
18-Jul-16,8508.7,67.13700165,3059.969549,3101.592668,0
19-Jul-16,8528.55,67.20399848,3051.623625,3106.159203,1
20-Jul-16,8565.85,67.16300125,3073.290677,3090.215759,1
21-Jul-16,8510.1,67.15300214,3073.907634,3086.372124,0
22-Jul-16,8541.2,67.15399876,2999.887958,3090.779278,1
25-Jul-16,8635.65,67.41200071,2956.051118,3082.148504,1
26-Jul-16,8590.65,67.32099986,2905.686197,3090.932132,0
27-Jul-16,8615.8,67.07200065,2875.029535,3092.624092,1
28-Jul-16,8666.3,67.01400023,2812.993,3126.573057,1
29-Jul-16,8638.5,66.65500204,2760.595093,3132.871339,0
01-Aug-16,8636.55,66.76399968,2744.45917,3151.432641,0
02-Aug-16,8622.9,66.68199908,2693.466011,3170.969143,0
03-Aug-16,8544.85,66.76699966,2692.12617,3181.70393,0
04-Aug-16,8551.1,66.84000061,2759.752239,3172.347283,1
05-Aug-16,8683.15,66.84200215,2790.107023,3150.290929,1
08-Aug-16,8711.35,66.81000084,2857.148506,3113.35411,1
09-Aug-16,8678.25,66.77399919,2882.96295,3117.275003,0
10-Aug-16,8575.3,66.76499816,2845.546347,3146.088625,0
11-Aug-16,8592.15,66.75000182,2836.97088,3137.520668,1
12-Aug-16,8672.15,66.90799936,2940.281313,3133.283619,1
16-Aug-16,8642.55,66.87000051,3077.238598,3142.341799,0
17-Aug-16,8624.05,66.89300137,3108.707221,3136.428361,0
18-Aug-16,8673.25,66.82999918,3181.034299,3145.930267,1
19-Aug-16,8666.9,67.13700165,3253.684469,3142.282554,0
22-Aug-16,8629.15,67.20199778,3236.915253,3130.096188,0
23-Aug-16,8632.6,67.12199994,3190.824925,3136.172615,1
24-Aug-16,8650.3,67.16699811,3175.398024,3120.61164,1
25-Aug-16,8592.2,67.01599873,3153.983373,3096.943626,0
26-Aug-16,8572.55,67.13600102,3195.202672,3108.061067,0
29-Aug-16,8607.45,67.11299943,3163.293467,3099.218377,1
30-Aug-16,8744.35,67.14399782,3157.192217,3094.40408,1
31-Aug-16,8786.2,66.97300117,3062.756367,3077.245004,1
01-Sep-16,8774.65,66.80099902,2969.707996,3073.745297,0
02-Sep-16,8809.65,66.79500213,2941.183762,3087.229674,1
06-Sep-16,8943,66.279998,2973.379049,3111.571624,1
07-Sep-16,8917.95,66.4780021,3000.435533,3135.572759,0
08-Sep-16,8952.5,66.63100131,3107.423967,3130.203964,1
09-Sep-16,8866.7,66.89500161,3120.435439,3121.85863,0
12-Sep-16,8715.6,66.73800069,3052.35503,3110.565034,0
14-Sep-16,8726.6,66.79800044,2982.109183,3105.320034,1
15-Sep-16,8742.55,66.85999904,2939.213137,3098.747796,1
16-Sep-16,8779.85,67.07500139,2904.470387,3086.838953,1
19-Sep-16,8808.4,66.9799991,2944.304847,3092.604963,1
20-Sep-16,8775.9,66.98500172,2947.092127,3095.227778,0
21-Sep-16,8777.15,66.74400072,3036.989932,3111.629716,1
22-Sep-16,8867.45,66.63299923,3090.754879,3127.795467,1
23-Sep-16,8831.55,66.70700217,3057.579135,3128.656617,0
26-Sep-16,8723.05,66.61299879,3034.315629,3130.223561,0
27-Sep-16,8706.4,66.42499923,3005.208887,3112.142959,0
28-Sep-16,8745.15,66.34900092,3018.27342,3097.250571,1
29-Sep-16,8591.25,66.81200058,3170.813083,3109.878217,0
30-Sep-16,8611.15,66.55600178,3191.340202,3112.259189,1
03-Oct-16,8738.1,66.54600102,3227.441849,3090.760172,1
04-Oct-16,8769.15,66.60900103,3248.579678,3047.944162,1
05-Oct-16,8743.95,66.57200128,3308.034029,2997.835563,0
06-Oct-16,8709.55,66.69700046,3341.145458,2976.597987,0
07-Oct-16,8697.6,66.60200056,3354.130998,2963.586414,0
10-Oct-16,8708.8,66.49200105,3364.776532,2971.512113,1
13-Oct-16,8573.35,66.79399829,3351.486101,2979.498074,0
14-Oct-16,8583.4,66.71699797,3377.317964,2963.120996,1
17-Oct-16,8520.4,66.78900186,3344.422507,2967.279806,0
18-Oct-16,8677.9,66.73299927,3352.238906,2977.067648,1
19-Oct-16,8659.1,66.64499816,3433.800514,2988.848606,0
20-Oct-16,8699.4,66.82999918,3422.794632,2996.102071,1
21-Oct-16,8693.05,66.92600046,3399.621756,2990.260721,0
24-Oct-16,8708.95,66.84500021,3377.879307,2981.194624,1
25-Oct-16,8691.3,66.80600172,3378.055576,2986.304806,0
26-Oct-16,8615.25,66.86299872,3314.625711,2991.27147,0
27-Oct-16,8615.25,66.88099797,3323.157023,2990.117661,0
28-Oct-16,8638,66.77799895,3307.779583,2992.273949,1
01-Nov-16,8626.25,66.69599957,3138.772057,3017.811121,0
02-Nov-16,8514,66.76199835,3057.371576,3049.412683,0
03-Nov-16,8484.95,66.66800003,3030.880892,3040.631965,0
04-Nov-16,8433.75,66.79600154,2967.204595,3052.02792,0
07-Nov-16,8497.05,66.7449986,2984.868446,3018.813244,1
08-Nov-16,8543.55,66.24600015,2997.595826,3004.22093,1
09-Nov-16,8432,66.51499917,2984.679158,3060.340738,0
10-Nov-16,8525.75,66.86500163,3012.911534,2999.814012,1
11-Nov-16,8296.3,67.56500192,2972.235684,2966.364394,0
15-Nov-16,8108.45,67.78599879,3038.215894,2931.382205,0
16-Nov-16,8111.6,67.99899824,3112.204784,2937.38379,1
17-Nov-16,8079.95,68.02299994,3123.493994,2928.935244,0
18-Nov-16,8074.1,68.19099917,3098.757264,2890.925385,0
21-Nov-16,7929.1,68.22800079,3252.377958,2907.838952,0
22-Nov-16,8002.3,68.39600026,3308.369747,2916.242596,1
23-Nov-16,8033.3,68.78399864,3305.979969,2895.41193,1
24-Nov-16,7965.5,68.76099832,3311.345176,2870.741972,0
25-Nov-16,8114.3,68.51900018,3241.501429,2853.579959,1
28-Nov-16,8126.9,68.57900126,3205.378476,2874.92633,1
29-Nov-16,8142.15,68.6149987,3162.252365,2863.778641,1
30-Nov-16,8224.5,68.59800226,3293.194843,2846.610399,1
01-Dec-16,8192.9,68.23599912,3452.339338,2806.001476,0
02-Dec-16,8086.8,68.03100118,3481.008549,2808.704738,0
05-Dec-16,8128.75,68.02499892,3543.361374,2796.764703,1
06-Dec-16,8143.15,67.74199864,3466.691809,2793.163453,1
07-Dec-16,8102.05,67.43800003,3425.900251,2791.097515,0
08-Dec-16,8246.85,67.54599849,3391.928896,2783.236013,1
09-Dec-16,8261.75,67.47000048,3470.12741,2767.760024,1
12-Dec-16,8170.8,67.43100156,3611.36541,2754.441537,0
13-Dec-16,8221.8,67.41100096,3576.45522,2755.428194,1
14-Dec-16,8182.45,67.47499916,3533.808768,2761.302009,0
15-Dec-16,8153.6,67.8570006,3452.062885,2709.5131,0
16-Dec-16,8139.45,67.85500227,3483.55398,2711.57027,0
19-Dec-16,8104.35,67.84399978,3549.602948,2722.23659,0
20-Dec-16,8082.4,67.91700054,3639.995605,2710.071166,0
21-Dec-16,8061.3,67.83699963,3627.931708,2709.212134,0
22-Dec-16,7979.1,67.84799985,3589.518741,2695.781103,0
23-Dec-16,7985.75,67.83699963,3584.682837,2696.050017,1
26-Dec-16,7908.25,67.76000139,3612.205362,2696.988004,0
27-Dec-16,8032.85,67.97799851,3647.746035,2721.673503,1
28-Dec-16,8034.85,68.23300069,3693.73265,2727.709161,1
29-Dec-16,8103.6,67.93499952,3673.854214,2744.387727,1
30-Dec-16,8185.8,67.9549983,3659.877163,2754.198776,1
02-Jan-17,8179.5,68.14499975,3677.449128,2752.333979,0
03-Jan-17,8192.25,68.2600007,3697.97925,2760.829353,1
04-Jan-17,8190.5,67.88599877,3594.170583,2772.271738,0
05-Jan-17,8273.8,67.74299905,3631.346528,2788.210331,1
06-Jan-17,8243.8,68.11500046,3673.900144,2788.591315,0
09-Jan-17,8236.05,68.09999913,3618.817166,2794.271743,0
10-Jan-17,8288.6,68.32699908,3546.354702,2811.681976,1
11-Jan-17,8380.65,68.31200223,3533.773109,2821.423634,1
12-Jan-17,8407.2,68.14100172,3601.894497,2842.637285,1
13-Jan-17,8400.35,68.17999902,3598.182095,2834.169886,0
16-Jan-17,8412.8,68.10299979,3573.186495,2853.922002,1
17-Jan-17,8398,67.86200153,3600.722178,2870.049881,0
18-Jan-17,8417,68.21999968,3540.336989,2875.290045,1
19-Jan-17,8435.1,68.09999913,3529.386509,2856.35124,1
20-Jan-17,8349.35,68.07500231,3620.082078,2861.467761,0
23-Jan-17,8391.5,68.05100096,3606.641817,2878.874245,1
24-Jan-17,8475.8,68.13799771,3633.169759,2874.504867,1
25-Jan-17,8602.75,67.98799985,3618.146796,2849.790398,1
27-Jan-17,8641.25,68.10499884,3644.434813,2819.625723,1
01-Feb-17,8716.4,67.41500013,3594.08462,2880.441514,1
02-Feb-17,8734.25,67.21000128,3630.983776,2893.845081,1
03-Feb-17,8740.95,67.18400139,3621.118743,2884.745753,1
06-Feb-17,8801.05,67.19499854,3610.686234,2907.238734,1
07-Feb-17,8768.3,67.34999976,3542.224869,2927.871876,0
08-Feb-17,8769.05,67.05000046,3493.961457,2933.635302,1
09-Feb-17,8778.4,66.76499816,3538.382291,2923.77998,1
10-Feb-17,8793.55,66.85400049,3588.652853,2903.465577,1
13-Feb-17,8805.05,66.97500171,3576.281771,2907.162667,1
14-Feb-17,8792.3,66.83500176,3567.753693,2907.517678,0
15-Feb-17,8724.7,66.87500013,3552.064725,2901.755272,0
16-Feb-17,8778,67.08000021,3568.91201,2931.193171,1
17-Feb-17,8821.7,67.08000021,3576.572525,2938.005153,1
20-Feb-17,8879.2,66.90500012,3627.30339,2925.148378,1
21-Feb-17,8907.85,66.98500172,3662.97902,2919.111422,1
22-Feb-17,8926.9,66.94999906,3621.877096,2925.38798,1
23-Feb-17,8939.5,66.68999927,3641.367688,2935.236932,1
27-Feb-17,8896.7,66.69999888,3634.601844,2964.060763,0
28-Feb-17,8879.6,66.72500211,3592.484982,2956.541792,0
01-Mar-17,8945.8,66.86500163,3622.865835,2937.789372,1
02-Mar-17,8899.75,66.78500078,3560.20501,2929.304173,0
03-Mar-17,8897.55,66.78000123,3541.733497,2906.520488,0
06-Mar-17,8963.45,66.67500104,3551.590376,2906.841542,1
07-Mar-17,8946.9,66.62499939,3563.942161,2884.795684,0
08-Mar-17,8924.3,66.76499816,3496.306269,2867.342404,0
09-Mar-17,8927,66.68999927,3318.698555,2850.107164,1
10-Mar-17,8934.55,66.55500069,3291.315258,2833.61575,1
14-Mar-17,9087,65.77499886,3160.424245,2815.949538,1
15-Mar-17,9084.8,65.63000142,3190.264235,2797.327992,0
16-Mar-17,9153.7,65.38499864,3209.905278,2843.809453,1
17-Mar-17,9160.05,65.47499984,3204.661692,2849.18143,1
20-Mar-17,9126.85,65.34499872,3176.089657,2854.101201,0
21-Mar-17,9121.5,65.34499872,3205.268295,2858.147292,0
22-Mar-17,9030.45,65.45499864,3140.510812,2886.744359,0
23-Mar-17,9086.3,65.45499864,3157.863772,2885.536537,1
24-Mar-17,9108,65.42500048,3144.123867,2877.888321,1
27-Mar-17,9045.2,64.99499961,3106.327662,2888.053279,0
28-Mar-17,9100.8,65.04499943,3154.27885,2883.789068,1
29-Mar-17,9143.8,64.87500079,3184.30553,2869.671021,1
30-Mar-17,9173.75,64.86000001,3246.229996,2867.103996,1
31-Mar-17,9173.75,64.86000001,3267.954846,2858.220815,0
03-Apr-17,9237.85,64.98500211,3288.420182,2877.813782,1
05-Apr-17,9265.15,64.87500079,3346.54703,2887.261115,1
06-Apr-17,9261.95,64.60599806,3333.358912,2881.537127,0
07-Apr-17,9198.3,64.26999981,3363.390684,2885.902941,0
10-Apr-17,9181.45,64.6050005,3407.398225,2871.022199,0
11-Apr-17,9237,64.55499947,3428.392682,2897.450533,1
12-Apr-17,9203.45,64.68999906,3458.863806,2923.762883,0
13-Apr-17,9150.8,64.44499839,3424.426063,2935.323091,0
17-Apr-17,9139.3,64.47999943,3409.573558,2943.028848,0
18-Apr-17,9105.15,64.6050005,3393.026819,2937.694439,0
19-Apr-17,9103.5,64.66500038,3373.272182,2931.511106,0
20-Apr-17,9136.4,64.62000047,3309.283767,2926.012839,1
21-Apr-17,9119.4,64.65000041,3255.774644,2932.912558,0
24-Apr-17,9217.95,64.49000018,3211.87033,2907.619125,1
25-Apr-17,9306.6,64.32999952,3176.887791,2891.360038,1
26-Apr-17,9351.85,64.13000023,3189.518425,2872.721214,1
27-Apr-17,9342.15,64.11500077,3142.274224,2877.275565,0
28-Apr-17,9304.05,64.2899983,3181.486954,2885.045367,0
02-May-17,9313.8,64.16500158,3133.194084,2860.084659,1
03-May-17,9311.95,64.16500158,3074.74288,2852.220739,0
04-May-17,9359.9,64.21499798,3004.703634,2815.901962,1
05-May-17,9285.3,64.3150015,2937.087142,2816.322277,0
08-May-17,9314.05,64.35999998,2982.448749,2812.820837,1
09-May-17,9316.85,64.67999894,2993.860934,2807.584972,1
10-May-17,9407.3,64.61499832,3033.345759,2806.859966,1
11-May-17,9422.4,64.40499924,3091.192602,2800.01456,1
12-May-17,9400.9,64.24300095,3072.344123,2804.96254,0
15-May-17,9445.4,64.06499984,3152.06737,2806.844209,1
16-May-17,9512.25,64.0450016,3142.739087,2809.572776,1
17-May-17,9525.75,64.13000023,3141.467067,2841.231958,1
18-May-17,9429.45,64.88000119,3170.682817,2881.371072,0
19-May-17,9427.9,64.56499849,3255.832851,2865.970045,0
22-May-17,9438.25,64.5099985,3310.672668,2870.35469,1
23-May-17,9386.15,64.89499859,3318.062666,2886.97771,0
24-May-17,9360.55,64.76999817,3345.014349,2870.297018,0
25-May-17,9509.75,64.55499947,3267.33221,2871.079899,1
26-May-17,9595.1,64.5099985,3171.03595,2883.157172,1
29-May-17,9604.9,64.5400005,3230.090129,2889.714063,1
30-May-17,9624.55,64.63499905,3203.989265,2888.403637,1
31-May-17,9621.25,64.5099985,3139.232413,2883.922134,0
01-Jun-17,9616.1,64.47799966,3145.859222,2891.870086,0
02-Jun-17,9653.5,64.41500164,3062.817494,2896.678379,1
05-Jun-17,9675.1,64.3499981,3065.66235,2923.027906,1
06-Jun-17,9637.15,64.43000067,3061.711628,2946.870865,0
07-Jun-17,9663.9,64.43499913,3030.468227,2947.722148,1
08-Jun-17,9647.25,64.25000138,2948.068676,2922.780148,0
09-Jun-17,9668.25,64.24499856,2947.335139,2901.064981,1
12-Jun-17,9616.4,64.47999943,2986.295484,2898.87002,0
13-Jun-17,9606.9,64.34500039,2974.289412,2890.064824,0
14-Jun-17,9618.15,64.23499938,2925.658928,2898.626341,1
15-Jun-17,9578.05,64.56499849,2878.991507,2879.26383,0
16-Jun-17,9588.05,64.46500205,2886.266919,2873.860514,1
19-Jun-17,9657.55,64.49499964,2887.674797,2859.430401,1
20-Jun-17,9653.5,64.5400005,2831.443107,2853.734683,0
21-Jun-17,9633.6,64.5300009,2808.207121,2856.79188,0
22-Jun-17,9630,64.6050005,2775.535006,2868.543268,0
23-Jun-17,9574.95,64.50500088,2778.660865,2874.521392,0
27-Jun-17,9511.4,64.47499814,2844.526288,2857.379611,0
28-Jun-17,9491.25,64.52500018,2872.217217,2864.22978,0
29-Jun-17,9504.1,64.65999962,2923.783943,2853.930147,1
30-Jun-17,9520.9,64.62000047,2944.113363,2848.337425,1
03-Jul-17,9615,64.84500196,3017.284629,2825.936445,1
04-Jul-17,9613.3,64.78999845,3055.606887,2813.913112,0
05-Jul-17,9637.6,64.79999902,2997.862049,2810.575634,1
06-Jul-17,9674.55,64.72499869,2977.477065,2813.453937,1
07-Jul-17,9665.8,64.62499922,2876.34003,2793.218067,0
10-Jul-17,9771.05,64.47499814,2858.254766,2770.604989,1
11-Jul-17,9786.05,64.56499849,2877.274932,2775.64978,1
12-Jul-17,9816.1,64.47499814,2955.91295,2789.781588,1
13-Jul-17,9891.7,64.45999893,2941.695527,2788.272526,1
14-Jul-17,9886.35,64.42399856,2983.932444,2792.180777,0
17-Jul-17,9915.95,64.34500039,2994.242485,2808.468093,1
18-Jul-17,9827.15,64.31599839,2983.188789,2821.447515,0
19-Jul-17,9899.6,64.26999981,3012.614831,2822.299553,1
20-Jul-17,9873.3,64.37499827,3056.741491,2824.571513,0
21-Jul-17,9915.25,64.38499963,3000.454616,2842.459523,1
24-Jul-17,9966.4,64.39499996,2975.170046,2855.975987,1
25-Jul-17,9964.55,64.38499963,3050.099838,2849.60362,0
26-Jul-17,10020.65,64.35500072,3125.655532,2836.710437,1
27-Jul-17,10020.55,64.12499963,3136.781217,2854.907872,0
28-Jul-17,10014.5,64.11500077,3173.387956,2860.043759,0
01-Aug-17,10114.65,64.09500007,3178.980223,2870.989228,1
02-Aug-17,10081.5,63.63500185,3132.143755,2858.841826,0
03-Aug-17,10013.65,63.70499998,3161.161286,2847.737188,0
04-Aug-17,10066.4,63.67499873,3126.537954,2849.481822,1
07-Aug-17,10057.4,63.84000163,3134.395701,2841.159307,0
08-Aug-17,9978.55,63.69199976,3147.433048,2843.000958,0
09-Aug-17,9908.05,63.85999845,3153.933694,2871.434396,0
10-Aug-17,9820.25,64.09500007,3176.760897,2906.385329,0
11-Aug-17,9710.8,64.13999966,3105.004286,2920.611927,0
14-Aug-17,9794.15,64.09000082,3112.745012,2908.743975,1
16-Aug-17,9897.3,64.17000019,3054.59965,2888.862568,1
17-Aug-17,9904.15,64.17000019,3004.958626,2915.562397,1
18-Aug-17,9837.4,64.09500007,3051.866899,2927.53759,0
21-Aug-17,9754.35,64.1099984,3090.009343,2918.480989,0
22-Aug-17,9765.55,64.07199847,3073.78527,2912.955076,1
23-Aug-17,9852.5,64.0450016,3082.31977,2914.483233,1
24-Aug-17,9857.05,64.0450016,3072.559715,2910.852239,1
28-Aug-17,9912.8,63.90499934,3008.790228,2932.577119,1
29-Aug-17,9796.05,64.01499897,2976.861974,2979.293907,0
30-Aug-17,9884.4,63.98999913,2966.626566,2955.231203,1
31-Aug-17,9917.9,63.93500112,2997.636519,2957.442404,1
01-Sep-17,9974.4,64.02499946,3010.646327,2977.98081,1
04-Sep-17,9912.85,64.04000195,3043.163318,3013.85469,0
05-Sep-17,9952.2,64.10500091,3101.196371,3012.883088,1
06-Sep-17,9916.2,64.06000116,3149.898741,3019.816033,0
07-Sep-17,9929.9,64.01499897,3140.71821,3020.18997,1
08-Sep-17,9934.8,63.78500066,3107.871588,3035.850357,1
11-Sep-17,10006.05,63.93500112,3052.53014,3001.894195,1
12-Sep-17,10093.05,64.03100125,3085.85059,2988.857539,1
13-Sep-17,10079.3,64.0099999,3127.8896,2994.971443,0
14-Sep-17,10086.6,64.12300125,3202.036291,2988.759276,1
15-Sep-17,10085.4,64.1099984,3195.448184,2992.954585,0
18-Sep-17,10153.1,64.15799908,3196.673612,2966.619596,1
19-Sep-17,10147.55,64.29999807,3218.554609,2962.032665,0
20-Sep-17,10141.15,64.29299914,3262.715153,2975.384643,0
21-Sep-17,10121.9,64.80999847,3285.465355,2953.755996,0
22-Sep-17,9964.4,64.79499834,3290.153403,2964.614363,0
25-Sep-17,9872.6,65.12699928,3346.532661,2978.353328,0
26-Sep-17,9871.5,65.45999887,3408.406663,3001.515765,0
27-Sep-17,9735.75,65.71499957,3425.000003,2980.039694,0
28-Sep-17,9768.95,65.47000161,3423.657964,2964.016836,1
29-Sep-17,9788.6,65.30999946,3374.346815,2966.425991,1
03-Oct-17,9859.5,65.4849986,3314.63103,2949.626282,1
04-Oct-17,9914.9,65.03000029,3281.374403,2947.600506,1
05-Oct-17,9888.7,65.14500105,3293.951442,2943.323365,0
06-Oct-17,9979.7,65.39999948,3268.104916,2942.959558,1
09-Oct-17,9988.75,65.35500052,3241.946271,2971.379671,1
10-Oct-17,10016.95,65.25000212,3290.851793,2981.203512,1
11-Oct-17,9984.8,65.15999809,3334.17988,2977.413342,0
12-Oct-17,10096.4,65.06000126,3296.369303,2983.186759,1
13-Oct-17,10167.45,64.69999808,3328.711978,2981.043544,1
16-Oct-17,10230.85,64.69999808,3368.243119,2990.824152,1
17-Oct-17,10234.45,65.03000029,3367.085727,2968.327941,1
18-Oct-17,10210.85,65.05499847,3392.395574,2959.105167,0
19-Oct-17,10146.55,64.99499961,3355.851531,2966.346796,0
23-Oct-17,10184.85,65.02299798,3390.724004,2946.92297,1
24-Oct-17,10207.7,65.09000027,3403.974578,2952.238683,1
25-Oct-17,10295.35,64.92500156,3398.851227,2939.697975,1
26-Oct-17,10343.8,64.83999855,3398.312529,2935.969442,1
27-Oct-17,10323.05,65.03999895,3461.882828,2926.560881,0
30-Oct-17,10363.65,64.86000001,3512.631062,2930.076651,1
31-Oct-17,10335.3,64.75000186,3511.330222,2925.079928,0
01-Nov-17,10440.5,64.56499849,3533.100581,2922.122513,1
02-Nov-17,10423.8,64.5750006,3511.942044,2926.817847,0
03-Nov-17,10452.5,64.56000068,3547.427608,2918.51506,1
06-Nov-17,10451.8,64.62499922,3641.366438,2922.968099,0
07-Nov-17,10350.15,65.06000126,3727.188037,2940.804545,0
08-Nov-17,10303.15,64.91999844,3706.970646,2950.270245,0
09-Nov-17,10308.95,64.97499924,3715.985551,2957.048865,1
10-Nov-17,10321.75,65.19000017,3726.967333,2959.367879,1
13-Nov-17,10224.95,65.43999826,3719.133522,2957.45115,0
14-Nov-17,10186.6,65.41000101,3669.050097,2954.340665,0
15-Nov-17,10118.05,65.27000176,3609.15216,2962.699612,0
16-Nov-17,10214.75,65.29500151,3606.699499,2949.904718,1
17-Nov-17,10283.6,65.01499961,3639.73186,2951.785535,1
20-Nov-17,10298.75,65.10000044,3672.320039,2958.807482,1
21-Nov-17,10326.9,64.88000119,3686.78801,2937.703069,1
22-Nov-17,10342.3,64.88000119,3748.978703,2943.366682,1
23-Nov-17,10348.75,64.57000124,3766.479905,2947.374626,1
24-Nov-17,10389.7,64.67999894,3797.017759,2944.666767,1
27-Nov-17,10399.55,64.47700189,3759.349694,2949.91342,1
28-Nov-17,10370.25,64.40999798,3726.253766,2944.198604,0
29-Nov-17,10361.3,64.35999998,3713.719368,2937.599511,0
30-Nov-17,10226.55,64.49000018,3710.878396,2923.805625,0
01-Dec-17,10121.8,64.52000023,3760.902126,2928.883773,0
04-Dec-17,10127.75,64.38000064,3723.229751,2914.763569,1
05-Dec-17,10118.25,64.35999998,3703.556774,2905.000668,0
06-Dec-17,10044.1,64.5300009,3669.756831,2898.3491,0
07-Dec-17,10166.7,64.57000124,3634.378425,2877.764092,1
08-Dec-17,10265.65,64.47999943,3690.855158,2854.500405,1
11-Dec-17,10322.25,64.35500072,3698.185006,2844.343312,1
12-Dec-17,10240.15,64.40999798,3739.102037,2819.538272,0
13-Dec-17,10192.95,64.45999893,3686.399226,2816.528516,0
14-Dec-17,10252.1,64.33999932,3635.552233,2833.961056,1
15-Dec-17,10333.25,64.08000055,3669.15408,2829.887003,1
18-Dec-17,10388.75,64.2100006,3687.167898,2839.166875,1
19-Dec-17,10463.2,64.06000116,3689.283382,2844.343312,1
20-Dec-17,10444.2,64.11500077,3705.746218,2847.518245,0
21-Dec-17,10440.3,64.01999882,3719.11586,2849.286966,0
22-Dec-17,10493,64.01999882,3725.114232,2857.183674,1
26-Dec-17,10531.5,64.05000204,3786.858374,2876.489302,1
27-Dec-17,10490.75,64.11999981,3824.903907,2890.01471,0
28-Dec-17,10477.9,64.08000055,3822.854538,2902.403771,0
29-Dec-17,10530.7,63.84000163,3845.180845,2904.91628,1
01-Jan-18,10435.55,63.67999833,3824.551322,2913.846306,0
02-Jan-18,10442.2,63.45999907,3836.70322,2917.467755,1
03-Jan-18,10443.2,63.50499835,3871.198635,2922.122513,1
04-Jan-18,10504.8,63.39999864,3923.56972,2914.899509,1
05-Jan-18,10558.85,63.33999923,3893.756509,2922.199364,1
08-Jan-18,10623.6,63.4749998,3908.16958,2923.070627,1
09-Jan-18,10637,63.66999992,3962.762441,2920.654577,1
10-Jan-18,10632.2,63.63000121,4039.257682,2929.329916,0
11-Jan-18,10651.2,63.68999988,4081.322926,2934.246471,1
12-Jan-18,10681.25,63.60999845,4039.904202,2949.652383,1
15-Jan-18,10741.55,63.51500148,4092.156095,2972.042001,1
16-Jan-18,10700.45,64.01999882,4099.012604,2979.986411,0
17-Jan-18,10788.55,63.88499882,4069.573382,2976.332206,1
18-Jan-18,10817,63.86999951,4081.321146,2961.681761,1
19-Jan-18,10894.7,63.83000181,4037.687761,2971.326697,1
22-Jan-18,10966.2,63.8899988,4058.669883,2980.092979,1
23-Jan-18,11083.7,63.76000123,4098.224693,2987.419974,1
24-Jan-18,11086,63.66000059,4123.891306,3010.008278,1
25-Jan-18,11069.65,63.51500148,4202.835264,3033.336367,0
29-Jan-18,11130.4,63.60000178,4182.06353,3006.831521,1
30-Jan-18,11049.65,63.68999988,4122.604351,3005.530176,0
31-Jan-18,11027.7,63.55000092,4089.633999,3007.129905,0
01-Feb-18,11016.9,63.98000139,4172.085463,3026.671025,0
02-Feb-18,10760.6,64.13000023,4198.583019,3044.788844,0
05-Feb-18,10666.55,64.13999966,4156.045122,3029.320796,0
06-Feb-18,10498.25,64.22999889,4096.334813,3043.278463,0
07-Feb-18,10476.7,64.28000163,4039.519487,3013.282549,0
08-Feb-18,10576.85,64.29999807,3948.958886,2993.097916,1
09-Feb-18,10454.95,64.37499827,3866.322097,3000.903272,0
12-Feb-18,10539.75,64.28000163,3864.127716,3011.476738,1
14-Feb-18,10500.9,64.1000001,3786.81039,3035.776628,0
15-Feb-18,10545.5,63.9000011,3879.562199,3060.18153,1
16-Feb-18,10452.3,64.21499798,3938.009669,3076.979883,0
19-Feb-18,10378.4,64.25000138,4023.210203,3075.560367,0
20-Feb-18,10360.4,64.86000001,4025.904127,3062.674572,0
21-Feb-18,10397.45,64.80500046,3987.312088,3046.653404,1
22-Feb-18,10382.7,64.97499924,4035.453571,3047.433299,0
23-Feb-18,10491.05,64.71000019,4090.365045,3047.442586,1
26-Feb-18,10582.6,64.76999817,4131.787672,3059.245345,1
27-Feb-18,10554.3,64.91999844,4130.656329,3047.498309,0
28-Feb-18,10492.85,65.21000131,4088.055902,3037.131976,0
01-Mar-18,10458.35,65.23000197,3991.86988,3020.983753,0
05-Mar-18,10358.85,65.02500211,4033.243954,3046.087301,0
06-Mar-18,10249.25,64.90499791,4072.743611,3052.074495,0
07-Mar-18,10154.2,64.88000119,4020.40825,3053.658894,0
08-Mar-18,10242.65,65.10500167,3960.805645,3046.690532,1
09-Mar-18,10226.85,65.12500158,3974.408714,3037.067408,0
12-Mar-18,10421.4,64.98500211,3993.014817,3033.612426,1
13-Mar-18,10426.85,64.85499849,3958.696021,3033.078757,1
14-Mar-18,10410.9,64.83999855,3945.229387,3044.964998,0
15-Mar-18,10360.15,64.98999836,3974.362715,3035.822708,0
16-Mar-18,10195.15,64.98999836,4012.940799,3025.141955,0
19-Mar-18,10094.25,65.2200001,4041.115176,3028.522626,0
20-Mar-18,10124.35,65.21000131,4132.641502,3028.229152,1
21-Mar-18,10155.25,65.18000207,4210.490911,3039.134941,1
22-Mar-18,10114.75,65.10500167,4223.984828,3057.262527,0
23-Mar-18,9998.05,64.98999836,4236.984599,3083.07975,0
26-Mar-18,10130.65,64.82500134,4253.768357,3088.81263,1
27-Mar-18,10184.15,64.94500068,4259.465984,3081.778063,1
28-Mar-18,10113.7,65.15999809,4197.914311,3071.668162,0
02-Apr-18,10211.8,65.12999817,4175.099833,3077.349171,1
03-Apr-18,10245,65.00000163,4121.656357,3080.297187,1
04-Apr-18,10128.4,65.04499943,4087.714091,3093.89667,0
05-Apr-18,10325.15,64.89000009,4127.420193,3061.418171,1
06-Apr-18,10331.6,64.93000124,4081.632024,3063.800583,1
09-Apr-18,10379.35,64.95499853,4084.535737,3070.442082,1
10-Apr-18,10402.25,64.94999922,4202.675839,3082.044012,1
11-Apr-18,10417.15,65.26000041,4319.024097,3123.350481,1
12-Apr-18,10458.65,65.29000088,4352.549411,3115.255093,1
13-Apr-18,10480.6,65.25500088,4386.707466,3105.069336,1
16-Apr-18,10528.35,65.47000161,4354.902042,3125.673973,1
17-Apr-18,10548.7,65.67999982,4343.915293,3130.635143,1
18-Apr-18,10526.2,65.72000073,4442.404062,3144.446436,0
19-Apr-18,10565.3,65.86999976,4541.772266,3153.987113,1
20-Apr-18,10564.05,66.20999865,4515.321155,3145.326674,0
23-Apr-18,10584.7,66.53000074,4521.090751,3130.321547,1
24-Apr-18,10614.35,66.41000087,4576.49983,3128.411924,1
25-Apr-18,10570.55,66.91999901,4539.247804,3138.032642,0
26-Apr-18,10617.8,66.80500201,4566.414641,3129.253829,1
27-Apr-18,10692.3,66.62000158,4541.450133,3119.92038,1
30-Apr-18,10739.35,66.45999823,4528.864442,3102.997806,1
02-May-18,10718.05,66.68999927,4503.231814,3095.898554,0
03-May-18,10679.65,66.67000017,4529.171504,3100.929038,0
04-May-18,10618.25,66.82000075,4611.234745,3105.551484,0
07-May-18,10715.5,67.13999918,4738.737974,3125.820528,1
08-May-18,10717.8,67.12999791,4650.393716,3117.265286,1
09-May-18,10741.7,67.34999976,4779.760107,3127.159695,1
10-May-18,10716.55,67.24500057,4790.181627,3137.569889,0
11-May-18,10806.5,67.35999864,4794.906296,3151.075147,1
14-May-18,10806.6,67.55999902,4779.539398,3150.638319,1
15-May-18,10801.85,68.07999836,4839.083955,3135.444951,0
16-May-18,10741.1,67.77500028,4820.047166,3104.635531,0
17-May-18,10682.7,67.76500182,4865.563585,3094.882921,0
18-May-18,10596.4,67.99000139,4859.310837,3105.069336,0
21-May-18,10516.7,68.11500046,4892.235999,3102.131475,0
22-May-18,10536.7,68.02000169,4947.159087,3112.055793,1
23-May-18,10430.35,68.37000039,4916.136531,3126.406883,0
24-May-18,10513.85,68.33999888,4871.429552,3141.374414,1
25-May-18,10605.15,67.73000058,4702.358097,3132.478793,1
28-May-18,10688.65,67.40000115,4500.98942,3099.756359,1
29-May-18,10633.3,67.84000017,4537.233024,3123.087109,0
30-May-18,10614.35,67.44000116,4558.49894,3108.737417,0
31-May-18,10736.15,67.43000125,4556.81599,3115.070712,1
01-Jun-18,10696.2,66.99500023,4472.308674,3098.085383,0
04-Jun-18,10628.5,67.06999881,4389.289116,3092.557143,0
05-Jun-18,10593.15,67.09999846,4358.317417,3095.074498,0
06-Jun-18,10684.65,66.84000061,4361.173777,3094.566869,1
07-Jun-18,10768.35,67.41999977,4403.441269,3108.119029,1
08-Jun-18,10767.65,67.53000172,4443.925293,3122.999329,0
11-Jun-18,10786.95,67.47000048,4426.206611,3116.58522,1
12-Jun-18,10842.85,67.47999859,4475.704117,3114.915461,1
13-Jun-18,10856.7,67.64499824,4483.332117,3115.196865,1
14-Jun-18,10808.05,67.68999957,4513.774369,3134.688146,0
15-Jun-18,10817.7,68.06000006,4485.293734,3121.576021,1
18-Jun-18,10799.85,68.03999963,4417.930987,3097.778273,0
19-Jun-18,10710.45,68.31000034,4429.62581,3099.343249,0
20-Jun-18,10772.05,68.06000006,4474.90783,3083.935472,1
21-Jun-18,10741.1,67.94500205,4447.067652,3061.755611,0
22-Jun-18,10821.85,67.8700018,4575.875485,3061.165141,1
25-Jun-18,10762.45,68.11500046,4680.53874,3067.936383,0
26-Jun-18,10769.15,68.37000039,4715.66389,3055.898495,1
27-Jun-18,10671.4,68.63999797,4946.561105,3063.950781,0
28-Jun-18,10589.1,68.84000056,5041.627269,3061.31508,0
29-Jun-18,10714.3,68.45999916,5057.349305,3043.296986,1
02-Jul-18,10657.3,68.720002,5075.96386,3041.427281,0
03-Jul-18,10699.9,68.55000023,5086.236676,3040.567248,1
04-Jul-18,10769.9,68.68999929,5082.493699,3059.797625,1
05-Jul-18,10749.75,68.88000153,5080.788101,3062.496363,0
06-Jul-18,10772.65,68.80500229,5025.525275,3062.093124,1
09-Jul-18,10852.9,68.65999919,5054.931891,3069.03801,1
10-Jul-18,10947.25,68.75499892,5094.482336,3055.66505,1
11-Jul-18,10948.3,68.73000086,5005.236567,3042.047176,1
12-Jul-18,11023.2,68.5200002,4811.028093,3022.316787,1
13-Jul-18,11018.9,68.50000069,4833.30807,3012.837701,0
16-Jul-18,10936.85,68.55000023,4757.403881,3017.747372,0
17-Jul-18,11008.05,68.42999823,4632.631968,2994.245061,1
18-Jul-18,10980.45,68.62499999,4639.737935,2972.165669,0
19-Jul-18,10957.1,69.0200002,4731.104862,2979.222899,0
20-Jul-18,11010.2,68.7399979,4707.017076,2985.359796,1
23-Jul-18,11084.75,68.84500051,4729.258173,2991.316209,1
24-Jul-18,11134.3,68.94700141,4720.235067,2988.196623,1
25-Jul-18,11132,68.73000086,4746.148082,2992.963543,0
26-Jul-18,11167.3,68.65999919,4778.357595,2988.37522,1
27-Jul-18,11278.35,68.60500033,4755.954845,2977.84779,1
30-Jul-18,11319.55,68.60500033,4799.171022,2979.76442,1
31-Jul-18,11356.5,68.45999916,4750.076687,2978.238015,1
01-Aug-18,11346.2,68.34999957,4649.90639,2975.402349,0
02-Aug-18,11244.7,68.62499999,4671.365072,2970.126468,0
03-Aug-18,11360.8,68.54500075,4714.858516,2962.796169,1
06-Aug-18,11387.1,68.8299981,4767.111176,2965.537489,1
07-Aug-18,11389.45,68.63000173,4766.567071,2966.681203,1
08-Aug-18,11450,68.65999919,4654.378844,2962.778612,1
09-Aug-18,11470.7,68.76000071,4601.975185,2966.857238,1
10-Aug-18,11429.5,68.88999955,4629.32376,2971.3885,0
13-Aug-18,11355.75,70.01999911,4681.872414,2982.21704,0
14-Aug-18,11435.1,69.96000107,4731.312533,2972.704626,1
16-Aug-18,11385.05,70.08999766,4572.640712,2941.51388,0
17-Aug-18,11470.75,70.10000116,4612.349365,2936.892063,1
20-Aug-18,11551.75,69.81999846,4597.733792,2946.367276,1
21-Aug-18,11570.9,69.85999986,4615.908866,2957.591101,1
23-Aug-18,11582.75,70.10499906,4762.644966,2962.199374,1
24-Aug-18,11557.1,69.97000176,4822.196974,2974.579246,0
27-Aug-18,11691.95,70.16500001,4819.032064,2998.806475,1
28-Aug-18,11738.5,70.10000116,4833.493363,3012.465583,1
29-Aug-18,11691.9,70.5349988,4883.35461,3013.527726,0
30-Aug-18,11676.8,70.74499789,4964.237706,3020.728237,0
31-Aug-18,11680.5,71.00500124,4970.219852,3024.803388,1
03-Sep-18,11582.35,71.21499765,4976.02549,3021.056766,0
04-Sep-18,11520.3,71.58499999,5042.926266,3022.298518,0
05-Sep-18,11476.95,71.7550003,4956.7887,3035.601535,0
06-Sep-18,11536.9,71.9499982,4912.822561,3057.729941,1
07-Sep-18,11589.1,71.78999817,4858.588242,3048.213594,1
10-Sep-18,11438.1,72.45500001,4936.076464,3063.828744,0
11-Sep-18,11287.5,72.63999907,4967.786426,3065.735501,0
12-Sep-18,11369.9,72.16000066,5075.638626,3058.786824,1
14-Sep-18,11515.2,71.87999836,4947.511634,3052.782611,1
17-Sep-18,11377.75,72.53999819,5011.726981,3071.639856,0
18-Sep-18,11278.9,72.71000212,5055.590122,3080.344629,0
19-Sep-18,11234.35,72.35999968,5100.73901,3080.041026,0
21-Sep-18,11143.1,72.24000209,5126.599308,3072.470358,0
24-Sep-18,10967.4,72.6699982,5253.943001,3081.92053,0
25-Sep-18,11067.45,72.68499913,5275.761727,3086.057808,1
26-Sep-18,11053.8,72.59999833,5236.881372,3075.815783,0
27-Sep-18,10977.55,72.56999903,5248.948779,3055.795775,0
28-Sep-18,10930.45,72.51000112,5284.061294,3048.510955,0
01-Oct-18,11008.3,72.92499759,5404.678659,3079.177983,1
03-Oct-18,10858.25,73.34499763,5538.107349,3131.841115,0
04-Oct-18,10599.25,73.62999792,5574.232905,3140.812026,0
05-Oct-18,10316.45,73.7699996,5528.748592,3151.690882,0
08-Oct-18,10348.05,74.06499974,5471.257839,3134.000458,1
09-Oct-18,10301.05,74.34000203,5546.859145,3132.518043,0
10-Oct-18,10460.1,74.25000258,5501.89748,3133.970992,1
11-Oct-18,10234.65,74.0499996,5320.975078,3171.260766,0
12-Oct-18,10472.5,73.60999848,5264.377461,3183.770412,1
15-Oct-18,10512.5,73.7699996,5285.012623,3214.586508,1
16-Oct-18,10584.75,73.46500025,5261.121896,3203.085212,1
17-Oct-18,10453.05,73.59999741,5210.150754,3191.553872,0
19-Oct-18,10303.55,73.37500055,5087.877876,3193.541382,0
22-Oct-18,10245.25,73.55999866,5101.285155,3186.1644,0
23-Oct-18,10146.8,73.55000036,4984.507574,3213.956284,0
24-Oct-18,10224.75,73.22999799,4916.916187,3191.553872,1
25-Oct-18,10124.9,73.22999799,4920.387196,3196.890065,0
26-Oct-18,10030,73.45999747,4918.810407,3205.354224,0
29-Oct-18,10250.85,73.40000109,4945.303581,3193.286435,1
30-Oct-18,10198.4,73.68000068,4887.703214,3184.906093,0
31-Oct-18,10386.6,73.96000036,4916.813243,3180.519951,1
01-Nov-18,10380.45,73.45500077,4735.029323,3184.652523,0
02-Nov-18,10553,72.4399994,4613.555962,3170.737894,1
05-Nov-18,10524,73.08000199,4626.931039,3177.801152,0
06-Nov-18,10530,72.95499844,4565.749907,3176.902647,1
07-Nov-18,10598.4,72.45000262,4563.353931,3161.385572,1
09-Nov-18,10585.2,72.48000259,4357.452472,3117.051519,0
12-Nov-18,10482.2,72.8599998,4440.533353,3111.106963,0
13-Nov-18,10582.5,72.61500201,4223.709674,3084.496703,1
14-Nov-18,10576.3,72.30999933,4065.002922,3068.755466,0
15-Nov-18,10616.7,71.91499935,4069.951548,3085.610257,1
16-Nov-18,10682.2,71.97999993,4118.273855,3098.863027,1
19-Nov-18,10763.4,71.61000048,4059.552635,3090.84615,1
20-Nov-18,10656.2,71.43000003,3990.961916,3088.831711,0
21-Nov-18,10600.05,71.30499986,3904.163849,3081.531151,0
22-Nov-18,10526.75,70.69000228,3850.875607,3076.430848,0
26-Nov-18,10628.6,70.81999999,3650.834901,3061.615002,1
27-Nov-18,10685.6,70.78499927,3658.798992,3055.87048,1
28-Nov-18,10728.85,70.64000195,3650.907167,3038.386981,1
29-Nov-18,10858.7,69.77999901,3562.519543,3033.842513,1
30-Nov-18,10876.75,69.649999,3555.671633,3025.032141,1
03-Dec-18,10883.75,70.44000136,3741.880368,3072.121115,1
04-Dec-18,10869.5,70.52999909,3789.307117,3102.150721,0
05-Dec-18,10782.9,70.55999801,3772.258351,3097.855045,0
06-Dec-18,10601.15,70.85000021,3652.981402,3119.638122,0
07-Dec-18,10693.7,70.8600009,3725.720494,3132.243313,1
10-Dec-18,10488.45,72.51999739,3747.352185,3185.362622,0
11-Dec-18,10549.15,72.29099787,3729.761253,3188.429826,1
12-Dec-18,10737.6,71.8399991,3772.486779,3178.316255,1
13-Dec-18,10791.55,71.53000097,3678.822699,3159.777299,1
14-Dec-18,10805.45,71.92000079,3749.445968,3156.336503,1
17-Dec-18,10888.35,71.61000048,3656.258402,3149.298809,1
18-Dec-18,10908.7,70.61999768,3453.050539,3133.597809,1
19-Dec-18,10967.3,70.27899778,3339.023859,3117.751228,1
20-Dec-18,10951.7,69.98000042,3280.122373,3113.945493,0
21-Dec-18,10754,70.13999944,3235.87275,3126.455756,0
24-Dec-18,10663.5,70.10499906,3169.17252,3138.377333,0
26-Dec-18,10729.85,70.06999923,3093.101605,3160.086839,1
27-Dec-18,10779.8,70.36099907,3208.158704,3166.440794,1
28-Dec-18,10859.9,69.93299929,3185.077233,3165.969626,1
31-Dec-18,10862.55,69.56999897,3202.915851,3145.771925,1
01-Jan-19,10910.1,69.45300067,3182.176019,3141.463231,1
02-Jan-19,10792.5,70.0000014,3213.679411,3159.67746,0
03-Jan-19,10672.25,70.10999768,3269.449173,3182.392459,0
04-Jan-19,10727.35,69.55000106,3364.208928,3166.130008,1
07-Jan-19,10771.8,69.80299918,3428.063357,3163.025497,1
08-Jan-19,10802.15,70.13999944,3457.488337,3165.829305,1
09-Jan-19,10855.15,70.55999801,3611.347117,3183.932603,1
10-Jan-19,10821.6,70.42000108,3667.735426,3202.962099,0
11-Jan-19,10794.95,70.39900112,3690.989685,3200.112644,0
14-Jan-19,10737.6,70.76000062,3621.38524,3213.346958,0
15-Jan-19,10886.8,71.09999802,3657.854589,3219.834179,1
16-Jan-19,10890.3,70.97999812,3696.694223,3225.619158,1
17-Jan-19,10905.2,71.05000179,3678.54717,3231.132609,1
18-Jan-19,10906.95,71.2100025,3779.121791,3218.486989,1
21-Jan-19,10961.85,71.18800175,3872.687956,3208.398303,1
22-Jan-19,10922.75,71.26000081,3791.856335,3213.140459,0
23-Jan-19,10831.5,71.18999849,3786.036398,3215.69258,0
24-Jan-19,10849.8,71.00000021,3756.938528,3206.433388,1
25-Jan-19,10780.55,70.90000179,3808.155317,3220.601544,0
28-Jan-19,10661.55,71.06999791,3733.080922,3253.037524,0
29-Jan-19,10652.2,71.39000043,3770.193736,3275.016211,0
30-Jan-19,10651.8,71.23500049,3855.102631,3292.907407,0
31-Jan-19,10830.95,70.96000226,3892.635183,3308.114474,1
01-Feb-19,10893.65,71.43500058,3873.105802,3325.098174,1
04-Feb-19,10912.25,71.71000246,3930.918569,3341.922073,1
05-Feb-19,10934.35,71.53000097,3905.0737,3341.497726,1
06-Feb-19,11062.45,71.550002,3843.830343,3337.070853,1
07-Feb-19,11069.4,71.30000225,3805.215439,3314.627784,1
08-Feb-19,10943.6,71.17500032,3750.194366,3315.012365,0
11-Feb-19,10888.8,71.14000217,3707.498911,3305.45731,0
12-Feb-19,10831.4,70.5349988,3775.6076,3294.556404,0
13-Feb-19,10793.65,70.87500222,3820.408528,3297.065612,0
14-Feb-19,10746.05,71.01999845,3845.527757,3300.417173,0
15-Feb-19,10724.4,71.32999847,3925.931614,3330.857396,0
18-Feb-19,10640.95,71.3869987,4004.222559,3356.72974,0
19-Feb-19,10604.35,71.30000225,4000.325285,3374.092369,0
20-Feb-19,10735.45,71.00999792,4041.038244,3391.129483,1
21-Feb-19,10789.85,71.16500168,4075.883153,3364.782837,1
22-Feb-19,10791.65,71.035002,4091.334598,3344.459234,1
25-Feb-19,10880.1,70.83400094,4005.404564,3343.262824,1
26-Feb-19,10835.3,70.96000226,3960.173044,3344.772455,0
27-Feb-19,10806.65,71.19999909,4043.238315,3347.941518,0
28-Feb-19,10792.5,70.84000233,4049.725836,3321.420505,0
01-Mar-19,10863.5,71.00000021,4049.641972,3286.759945,1
05-Mar-19,10987.45,70.49000209,4004.611977,3220.238555,1
06-Mar-19,11053,70.08000193,3940.16028,3209.13963,1
07-Mar-19,11058.2,70.11599991,3967.849109,3188.511157,1
08-Mar-19,11035.4,70.01199866,3888.739972,3210.489311,0
11-Mar-19,11168.05,69.85000131,3960.398556,3206.320299,1
12-Mar-19,11301.2,69.62500044,3984.618616,3198.434047,1
13-Mar-19,11341.7,69.52899943,4016.61174,3222.531943,1
14-Mar-19,11343.25,69.36500225,4060.148952,3197.063817,1
15-Mar-19,11426.85,68.96300128,4038.119101,3186.854861,1
18-Mar-19,11462.2,68.62499999,4027.42174,3168.618007,1
19-Mar-19,11532.4,69.01499862,4070.820035,3186.946268,1
20-Mar-19,11521.05,68.78999837,4101.766174,3181.177608,0
22-Mar-19,11456.9,69.16999807,4099.994086,3202.32617,0
25-Mar-19,11354.25,68.88999955,4067.506167,3220.103752,0
26-Mar-19,11483.25,68.9959992,4137.360891,3214.617509,1
27-Mar-19,11445.05,69.10000014,4133.354586,3211.840127,0
28-Mar-19,11570,69.18999823,4090.120912,3192.267052,1
29-Mar-19,11623.9,69.18500069,4169.537283,3177.478036,1
01-Apr-19,11669.15,69.20499995,4231.930005,3187.281472,1
02-Apr-19,11713.2,68.92000152,4296.496671,3175.449961,1
03-Apr-19,11643.95,68.44999906,4303.590107,3165.638889,0
04-Apr-19,11598,68.97999828,4317.183033,3172.810285,0
05-Apr-19,11665.95,69.16999807,4323.314425,3182.007656,1
08-Apr-19,11604.5,69.55499825,4442.962963,3217.586038,0
09-Apr-19,11671.95,69.28000067,4463.058322,3220.70527,1
10-Apr-19,11584.3,69.1499999,4460.319743,3218.590579,0
11-Apr-19,11596.7,69.0200002,4415.269806,3199.088899,1
12-Apr-19,11643.45,69.18999823,4447.945273,3189.690919,1
15-Apr-19,11690.35,69.39500051,4400.557549,3177.871843,1
16-Apr-19,11787.15,69.53000014,4416.177241,3169.280795,1
18-Apr-19,11752.8,69.39500051,4432.11145,3149.120293,0
22-Apr-19,11594.45,69.70000144,4591.300288,3167.79493,0
23-Apr-19,11575.95,69.76999901,4626.103191,3155.450093,0
24-Apr-19,11726.15,69.96000107,4632.489695,3165.077798,1
25-Apr-19,11641.8,70.17000227,4642.723711,3187.250996,0
26-Apr-19,11754.65,69.85000131,4469.877911,3191.625176,1
30-Apr-19,11748.15,69.64700114,4468.768525,3180.610995,0
02-May-19,11724.75,69.40999973,4326.334032,3140.950137,0
03-May-19,11712.25,69.09500127,4293.856575,3135.268003,0
06-May-19,11598.25,69.37999814,4267.304785,3158.310304,0
07-May-19,11497.9,69.64499786,4287.999672,3163.635903,0
08-May-19,11359.45,69.71999821,4304.805939,3180.074923,0
09-May-19,11301.8,70.20000121,4321.181702,3189.446759,0
10-May-19,11278.9,70.01499861,4334.213623,3190.342196,0
13-May-19,11148.2,70.57000167,4384.605105,3222.781196,0
14-May-19,11222.05,70.3320001,4334.051164,3236.225008,1
15-May-19,11157,70.24900039,4330.380463,3229.181467,0
16-May-19,11257.1,70.12999928,4406.300194,3211.850443,1
17-May-19,11407.15,70.28000044,4434.438096,3192.297624,1
20-May-19,11828.25,69.60900206,4394.033542,3147.851434,1
21-May-19,11709.1,69.64499786,4427.45598,3146.049034,0
22-May-19,11737.9,69.649999,4335.727742,3146.049034,1
23-May-19,11657.05,69.66500191,4145.262501,3155.858378,0
24-May-19,11844.1,69.37999814,4065.948116,3159.238244,1
27-May-19,11924.75,69.50400069,4084.442555,3166.119983,1
28-May-19,11928.75,69.61000023,4122.851092,3162.045337,1
29-May-19,11861.1,69.84500067,4052.237458,3176.085348,0
30-May-19,11945.9,69.82500039,4091.586668,3172.186271,1
31-May-19,11922.8,69.57999981,3860.339935,3209.211721,0
03-Jun-19,12088.55,69.17099804,3723.332466,3236.298322,1
04-Jun-19,12021.65,69.29099857,3687.472002,3252.878798,0
06-Jun-19,11843.75,69.16499864,3591.41613,3277.162764,0
07-Jun-19,11870.65,69.35500058,3709.347332,3288.781309,1
10-Jun-19,11922.7,69.53499929,3766.808208,3269.619351,1
11-Jun-19,11965.6,69.38499981,3726.843363,3258.985022,1
12-Jun-19,11906.2,69.37500199,3611.080618,3277.420539,0
13-Jun-19,11914.05,69.53000014,3648.373084,3286.036317,1
14-Jun-19,11823.3,69.83300206,3654.259228,3320.405886,0
17-Jun-19,11672.15,69.85000131,3653.123004,3301.583109,0
18-Jun-19,11691.5,69.61000023,3677.397497,3309.84447,1
19-Jun-19,11691.45,69.649999,3758.403852,3307.447048,0
20-Jun-19,11831.75,69.51999917,3917.8029,3385.320573,1
21-Jun-19,11724.1,69.6150012,4006.478022,3418.896927,0
24-Jun-19,11699.65,69.27299858,4011.31809,3435.942015,0
25-Jun-19,11796.45,69.33400116,4025.065704,3471.402586,1
26-Jun-19,11847.55,69.24499961,4119.023501,3430.461123,1
27-Jun-19,11841.55,69.08799835,4100.12689,3416.560753,0
28-Jun-19,11788.85,68.95000111,4100.628152,3429.27296,0
01-Jul-19,11865.6,68.8849978,4113.095895,3375.92627,1
02-Jul-19,11910.3,68.88999955,4015.947494,3384.736194,1
03-Jul-19,11916.75,68.79999868,3904.124733,3434.82084,1
04-Jul-19,11946.75,68.52700115,3910.28906,3421.821641,1
05-Jul-19,11811.15,68.44999906,3910.442656,3470.896533,0
08-Jul-19,11558.6,68.56599971,3966.956294,3468.00763,0
09-Jul-19,11555.9,68.56499835,3965.254645,3450.953326,0
10-Jul-19,11498.9,68.41900042,4065.308929,3463.683281,0
11-Jul-19,11582.9,68.40999974,4146.412999,3497.738712,1
12-Jul-19,11552.5,68.56000138,4142.870467,3483.59228,0
15-Jul-19,11588.35,68.54500075,4123.53524,3491.242219,1
16-Jul-19,11662.6,68.65000183,4068.250247,3491.559156,1
17-Jul-19,11687.5,68.84600058,3964.660169,3496.9559,1
18-Jul-19,11596.9,68.85499785,3871.947396,3513.814562,0
19-Jul-19,11419.25,68.85999998,3834.489791,3538.207332,0
22-Jul-19,11346.2,68.93000165,3895.741435,3520.506953,0
23-Jul-19,11331.05,69.03299819,3887.13212,3511.778505,0
24-Jul-19,11271.3,68.97999828,3938.403192,3514.345559,0
25-Jul-19,11252.15,69.04100048,3901.650538,3512.123852,0
26-Jul-19,11284.3,68.88000153,3878.623696,3494.988187,1
29-Jul-19,11189.2,68.75499892,3881.310371,3492.656689,0
30-Jul-19,11085.4,68.86200103,3950.285738,3501.24119,0
01-Aug-19,10980,69.01699916,3933.431106,3516.792685,0
02-Aug-19,10997.35,69.70000144,3858.764842,3604.408913,1
05-Aug-19,10862.6,70.82099809,3895.693324,3706.737737,0
06-Aug-19,10948.25,71.03999786,3891.645955,3724.838714,1
07-Aug-19,10855.5,71.14499763,3710.789617,3802.816366,0
08-Aug-19,11032.45,70.42000108,3708.024557,3786.27249,1
09-Aug-19,11109.65,70.92399784,3808.601959,3798.237618,1
13-Aug-19,10925.85,71.41800156,3964.5878,3825.11571,0
14-Aug-19,11029.4,71.27499926,3944.741904,3809.901171,1
16-Aug-19,11047.8,71.15500078,3910.170866,3798.872495,1
19-Aug-19,11053.9,71.45100194,3965.529893,3780.403898,1
20-Aug-19,11017,71.54899861,4020.311974,3794.260043,0
21-Aug-19,10918.7,71.43900152,4047.38815,3794.418411,0
22-Aug-19,10741.35,71.9300006,4012.215899,3810.176983,0
23-Aug-19,10829.35,71.51299763,3906.340987,3835.532372,1
26-Aug-19,11057.85,72.02500017,3922.102839,3905.532969,1
27-Aug-19,11105.35,71.54299935,3884.537987,3889.733826,1
28-Aug-19,11046.1,71.82899757,4023.973912,3912.378374,0
29-Aug-19,10948.3,71.68999925,4040.50924,3914.660403,0
30-Aug-19,11023.25,71.45299815,3997.381627,3880.631767,1
03-Sep-19,10797.9,72.16999961,3895.026003,3944.430858,0
04-Sep-19,10844.65,71.98900066,3985.143075,3962.389004,1
05-Sep-19,10847.9,71.92799835,4077.654325,3923.09171,1
06-Sep-19,10946.2,71.64500074,4001.175486,3870.568199,1
09-Sep-19,11003.05,71.77800212,4111.694016,3853.030023,1
11-Sep-19,11035.7,71.57700168,4100.981224,3818.047145,1
12-Sep-19,10982.8,70.96700205,3916.655237,3804.074925,0
13-Sep-19,11075.9,70.98500137,3911.303283,3777.490688,1
16-Sep-19,11003.5,71.57999892,4333.181532,3810.235053,0
17-Sep-19,10817.6,71.49000177,4353.610897,3810.990133,0
18-Sep-19,10840.65,71.14499763,4169.849277,3793.137456,1
19-Sep-19,10704.8,71.37499939,4184.694789,3777.890275,0
24-Sep-19,11588.2,70.97100111,4115.714784,3804.682804,1
25-Sep-19,11440.2,70.98799962,4008.996924,3804.784136,0
26-Sep-19,11571.2,70.96400053,3994.938828,3781.218687,1
27-Sep-19,11512.4,70.50899811,3954.10348,3778.361325,0
30-Sep-19,11474.45,70.64500229,3918.357622,3756.051939,0
01-Oct-19,11359.9,71.10999863,3864.098227,3754.416132,0
03-Oct-19,11314,71.03000179,3711.519629,3837.681426,0
04-Oct-19,11174.75,70.82500077,3750.963947,3836.680197,0
07-Oct-19,11126.4,70.97500062,3798.90099,3830.082232,0
09-Oct-19,11313.3,71.12000206,3780.153049,3844.202174,1
10-Oct-19,11234.55,70.99000028,3764.760607,3834.752831,0
11-Oct-19,11305.05,70.92399784,3860.651338,3797.732754,1
14-Oct-19,11341.15,71.23699987,3815.625698,3807.232218,1
15-Oct-19,11428.3,71.49999993,3806.682212,3820.818878,1
16-Oct-19,11464,71.3640023,3796.529588,3812.25411,1
17-Oct-19,11586.35,71.12999818,3779.593906,3812.893681,1
18-Oct-19,11661.85,71.09000022,3846.405176,3809.959233,1
22-Oct-19,11588.35,70.80899776,3840.254662,3789.227983,0
23-Oct-19,11604.1,70.72499914,3877.930143,3805.044728,1
24-Oct-19,11582.6,70.96499765,3980.032921,3817.347554,0
25-Oct-19,11583.9,70.81999999,3979.51638,3841.499721,1
29-Oct-19,11786.85,70.88999985,3921.444914,3791.152965,1
30-Oct-19,11844.1,70.95299882,3914.502828,3801.009548,1
31-Oct-19,11877.45,70.97999812,3875.189583,3836.547721,1
04-Nov-19,11941.3,70.78899789,4016.938516,3843.108921,1
05-Nov-19,11917.2,70.77499969,4028.816349,3817.8868,0
06-Nov-19,11966.05,71.00999792,4044.989971,3808.682272,1
07-Nov-19,12012.05,71.0469983,4055.695942,3790.822419,1
08-Nov-19,11908.15,71.35999957,4028.308606,3771.706169,0
11-Nov-19,11913.45,71.56999886,4056.800153,3771.250999,1
13-Nov-19,11840.45,72.14999927,4088.636335,3799.276618,0
14-Nov-19,11872.1,71.96599808,4130.1639,3816.677353,1
15-Nov-19,11895.45,71.65000064,4092.093532,3799.363227,1
18-Nov-19,11884.5,71.94499776,4118.216038,3799.420968,0
19-Nov-19,11940.1,71.82999851,4044.67724,3810.409276,1
20-Nov-19,11999.1,71.74600136,4030.746003,3817.230981,1
21-Nov-19,11968.4,71.75000118,4129.446339,3806.464137,0
22-Nov-19,11914.4,71.79199791,4181.473866,3801.341874,0
25-Nov-19,12073.75,71.68900221,4144.525639,3777.590577,1
26-Nov-19,12037.7,71.48000129,4163.598053,3767.23037,0
27-Nov-19,12100.7,71.26000081,4153.488712,3761.420613,1
28-Nov-19,12151.15,71.50500006,4148.637428,3768.522287,1
29-Nov-19,12056.05,71.74900247,4079.330007,3786.602244,0
02-Dec-19,12048.2,71.6340024,4029.232828,3787.14718,0
12-Dec-19,11971.8,70.57000167,4185.641261,3774.411003,0
13-Dec-19,12086.7,70.79799894,4225.284437,3764.479128,1
16-Dec-19,12053.95,70.91499993,4261.695619,3786.688276,0
01-Feb-19,10893.65,71.43500058,3873.105802,3325.098174,0
04-Feb-19,10912.25,71.71000246,3930.918569,3341.922073,1
05-Feb-19,10934.35,71.53000097,3905.0737,3341.497726,1
06-Feb-19,11062.45,71.550002,3843.830343,3337.070853,1
07-Feb-19,11069.4,71.30000225,3805.215439,3314.627784,1
08-Feb-19,10943.6,71.17500032,3750.194366,3315.012365,0
11-Feb-19,10888.8,71.14000217,3707.498911,3305.45731,0
12-Feb-19,10831.4,70.5349988,3775.6076,3294.556404,0
13-Feb-19,10793.65,70.87500222,3820.408528,3297.065612,0
14-Feb-19,10746.05,71.01999845,3845.527757,3300.417173,0
15-Feb-19,10724.4,71.32999847,3925.931614,3330.857396,0
18-Feb-19,10640.95,71.3869987,4004.222559,3356.72974,0
19-Feb-19,10604.35,71.30000225,4000.325285,3374.092369,0
20-Feb-19,10735.45,71.00999792,4041.038244,3391.129483,1
21-Feb-19,10789.85,71.16500168,4075.883153,3364.782837,1
22-Feb-19,10791.65,71.035002,4091.334598,3344.459234,1
25-Feb-19,10880.1,70.83400094,4005.404564,3343.262824,1
26-Feb-19,10835.3,70.96000226,3960.173044,3344.772455,0
27-Feb-19,10806.65,71.19999909,4043.238315,3347.941518,0
28-Feb-19,10792.5,70.84000233,4049.725836,3321.420505,0
01-Mar-19,10863.5,71.00000021,4049.641972,3286.759945,1
05-Mar-19,10987.45,70.49000209,4004.611977,3220.238555,1
06-Mar-19,11053,70.08000193,3940.16028,3209.13963,1
07-Mar-19,11058.2,70.11599991,3967.849109,3188.511157,1
08-Mar-19,11035.4,70.01199866,3888.739972,3210.489311,0
11-Mar-19,11168.05,69.85000131,3960.398556,3206.320299,1
12-Mar-19,11301.2,69.62500044,3984.618616,3198.434047,1
13-Mar-19,11341.7,69.52899943,4016.61174,3222.531943,1
14-Mar-19,11343.25,69.36500225,4060.148952,3197.063817,1
15-Mar-19,11426.85,68.96300128,4038.119101,3186.854861,1
18-Mar-19,11462.2,68.62499999,4027.42174,3168.618007,1
19-Mar-19,11532.4,69.01499862,4070.820035,3186.946268,1
20-Mar-19,11521.05,68.78999837,4101.766174,3181.177608,0
22-Mar-19,11456.9,69.16999807,4099.994086,3202.32617,0
25-Mar-19,11354.25,68.88999955,4067.506167,3220.103752,0
26-Mar-19,11483.25,68.9959992,4137.360891,3214.617509,1
27-Mar-19,11445.05,69.10000014,4133.354586,3211.840127,0
28-Mar-19,11570,69.18999823,4090.120912,3192.267052,1
29-Mar-19,11623.9,69.18500069,4169.537283,3177.478036,1
01-Apr-19,11669.15,69.20499995,4231.930005,3187.281472,1
02-Apr-19,11713.2,68.92000152,4296.496671,3175.449961,1
03-Apr-19,11643.95,68.44999906,4303.590107,3165.638889,0
04-Apr-19,11598,68.97999828,4317.183033,3172.810285,0
05-Apr-19,11665.95,69.16999807,4323.314425,3182.007656,1
08-Apr-19,11604.5,69.55499825,4442.962963,3217.586038,0
09-Apr-19,11671.95,69.28000067,4463.058322,3220.70527,1
10-Apr-19,11584.3,69.1499999,4460.319743,3218.590579,0
11-Apr-19,11596.7,69.0200002,4415.269806,3199.088899,1
12-Apr-19,11643.45,69.18999823,4447.945273,3189.690919,1
15-Apr-19,11690.35,69.39500051,4400.557549,3177.871843,1
16-Apr-19,11787.15,69.53000014,4416.177241,3169.280795,1
18-Apr-19,11752.8,69.39500051,4432.11145,3149.120293,0
22-Apr-19,11594.45,69.70000144,4591.300288,3167.79493,0
23-Apr-19,11575.95,69.76999901,4626.103191,3155.450093,0
24-Apr-19,11726.15,69.96000107,4632.489695,3165.077798,1
25-Apr-19,11641.8,70.17000227,4642.723711,3187.250996,0
26-Apr-19,11754.65,69.85000131,4469.877911,3191.625176,1
30-Apr-19,11748.15,69.64700114,4468.768525,3180.610995,0
02-May-19,11724.75,69.40999973,4326.334032,3140.950137,0
03-May-19,11712.25,69.09500127,4293.856575,3135.268003,0
06-May-19,11598.25,69.37999814,4267.304785,3158.310304,0
07-May-19,11497.9,69.64499786,4287.999672,3163.635903,0
08-May-19,11359.45,69.71999821,4304.805939,3180.074923,0
09-May-19,11301.8,70.20000121,4321.181702,3189.446759,0
10-May-19,11278.9,70.01499861,4334.213623,3190.342196,0
13-May-19,11148.2,70.57000167,4384.605105,3222.781196,0
14-May-19,11222.05,70.3320001,4334.051164,3236.225008,1
15-May-19,11157,70.24900039,4330.380463,3229.181467,0
16-May-19,11257.1,70.12999928,4406.300194,3211.850443,1
17-May-19,11407.15,70.28000044,4434.438096,3192.297624,1
20-May-19,11828.25,69.60900206,4394.033542,3147.851434,1
21-May-19,11709.1,69.64499786,4427.45598,3146.049034,0
22-May-19,11737.9,69.649999,4335.727742,3146.049034,1
23-May-19,11657.05,69.66500191,4145.262501,3155.858378,0
24-May-19,11844.1,69.37999814,4065.948116,3159.238244,1
27-May-19,11924.75,69.50400069,4084.442555,3166.119983,1
28-May-19,11928.75,69.61000023,4122.851092,3162.045337,1
29-May-19,11861.1,69.84500067,4052.237458,3176.085348,0
30-May-19,11945.9,69.82500039,4091.586668,3172.186271,1
31-May-19,11922.8,69.57999981,3860.339935,3209.211721,0
03-Jun-19,12088.55,69.17099804,3723.332466,3236.298322,1
04-Jun-19,12021.65,69.29099857,3687.472002,3252.878798,0
06-Jun-19,11843.75,69.16499864,3591.41613,3277.162764,0
07-Jun-19,11870.65,69.35500058,3709.347332,3288.781309,1
10-Jun-19,11922.7,69.53499929,3766.808208,3269.619351,1
11-Jun-19,11965.6,69.38499981,3726.843363,3258.985022,1
12-Jun-19,11906.2,69.37500199,3611.080618,3277.420539,0
13-Jun-19,11914.05,69.53000014,3648.373084,3286.036317,1
14-Jun-19,11823.3,69.83300206,3654.259228,3320.405886,0
17-Jun-19,11672.15,69.85000131,3653.123004,3301.583109,0
18-Jun-19,11691.5,69.61000023,3677.397497,3309.84447,1
19-Jun-19,11691.45,69.649999,3758.403852,3307.447048,0
20-Jun-19,11831.75,69.51999917,3917.8029,3385.320573,1
21-Jun-19,11724.1,69.6150012,4006.478022,3418.896927,0
24-Jun-19,11699.65,69.27299858,4011.31809,3435.942015,0
25-Jun-19,11796.45,69.33400116,4025.065704,3471.402586,1
26-Jun-19,11847.55,69.24499961,4119.023501,3430.461123,1
27-Jun-19,11841.55,69.08799835,4100.12689,3416.560753,0
28-Jun-19,11788.85,68.95000111,4100.628152,3429.27296,0
01-Jul-19,11865.6,68.8849978,4113.095895,3375.92627,1
02-Jul-19,11910.3,68.88999955,4015.947494,3384.736194,1
03-Jul-19,11916.75,68.79999868,3904.124733,3434.82084,1
04-Jul-19,11946.75,68.52700115,3910.28906,3421.821641,1
05-Jul-19,11811.15,68.44999906,3910.442656,3470.896533,0
08-Jul-19,11558.6,68.56599971,3966.956294,3468.00763,0
09-Jul-19,11555.9,68.56499835,3965.254645,3450.953326,0
10-Jul-19,11498.9,68.41900042,4065.308929,3463.683281,0
11-Jul-19,11582.9,68.40999974,4146.412999,3497.738712,1
12-Jul-19,11552.5,68.56000138,4142.870467,3483.59228,0
15-Jul-19,11588.35,68.54500075,4123.53524,3491.242219,1
16-Jul-19,11662.6,68.65000183,4068.250247,3491.559156,1
17-Jul-19,11687.5,68.84600058,3964.660169,3496.9559,1
18-Jul-19,11596.9,68.85499785,3871.947396,3513.814562,0
19-Jul-19,11419.25,68.85999998,3834.489791,3538.207332,0
22-Jul-19,11346.2,68.93000165,3895.741435,3520.506953,0
23-Jul-19,11331.05,69.03299819,3887.13212,3511.778505,0
24-Jul-19,11271.3,68.97999828,3938.403192,3514.345559,0
25-Jul-19,11252.15,69.04100048,3901.650538,3512.123852,0
26-Jul-19,11284.3,68.88000153,3878.623696,3494.988187,1
29-Jul-19,11189.2,68.75499892,3881.310371,3492.656689,0
30-Jul-19,11085.4,68.86200103,3950.285738,3501.24119,0
01-Aug-19,10980,69.01699916,3933.431106,3516.792685,0
02-Aug-19,10997.35,69.70000144,3858.764842,3604.408913,1
05-Aug-19,10862.6,70.82099809,3895.693324,3706.737737,0
06-Aug-19,10948.25,71.03999786,3891.645955,3724.838714,1
07-Aug-19,10855.5,71.14499763,3710.789617,3802.816366,0
08-Aug-19,11032.45,70.42000108,3708.024557,3786.27249,1
09-Aug-19,11109.65,70.92399784,3808.601959,3798.237618,1
13-Aug-19,10925.85,71.41800156,3964.5878,3825.11571,0
14-Aug-19,11029.4,71.27499926,3944.741904,3809.901171,1
16-Aug-19,11047.8,71.15500078,3910.170866,3798.872495,1
19-Aug-19,11053.9,71.45100194,3965.529893,3780.403898,1
20-Aug-19,11017,71.54899861,4020.311974,3794.260043,0
21-Aug-19,10918.7,71.43900152,4047.38815,3794.418411,0
22-Aug-19,10741.35,71.9300006,4012.215899,3810.176983,0
23-Aug-19,10829.35,71.51299763,3906.340987,3835.532372,1
26-Aug-19,11057.85,72.02500017,3922.102839,3905.532969,1
27-Aug-19,11105.35,71.54299935,3884.537987,3889.733826,1
28-Aug-19,11046.1,71.82899757,4023.973912,3912.378374,0
29-Aug-19,10948.3,71.68999925,4040.50924,3914.660403,0
30-Aug-19,11023.25,71.45299815,3997.381627,3880.631767,1
03-Sep-19,10797.9,72.16999961,3895.026003,3944.430858,0
04-Sep-19,10844.65,71.98900066,3985.143075,3962.389004,1
05-Sep-19,10847.9,71.92799835,4077.654325,3923.09171,1
06-Sep-19,10946.2,71.64500074,4001.175486,3870.568199,1
09-Sep-19,11003.05,71.77800212,4111.694016,3853.030023,1
11-Sep-19,11035.7,71.57700168,4100.981224,3818.047145,1
12-Sep-19,10982.8,70.96700205,3916.655237,3804.074925,0
13-Sep-19,11075.9,70.98500137,3911.303283,3777.490688,1
16-Sep-19,11003.5,71.57999892,4333.181532,3810.235053,0
17-Sep-19,10817.6,71.49000177,4353.610897,3810.990133,0
18-Sep-19,10840.65,71.14499763,4169.849277,3793.137456,1
19-Sep-19,10704.8,71.37499939,4184.694789,3777.890275,0
24-Sep-19,11588.2,70.97100111,4115.714784,3804.682804,1
25-Sep-19,11440.2,70.98799962,4008.996924,3804.784136,0
26-Sep-19,11571.2,70.96400053,3994.938828,3781.218687,1
27-Sep-19,11512.4,70.50899811,3954.10348,3778.361325,0
30-Sep-19,11474.45,70.64500229,3918.357622,3756.051939,0
01-Oct-19,11359.9,71.10999863,3864.098227,3754.416132,0
03-Oct-19,11314,71.03000179,3711.519629,3837.681426,0
04-Oct-19,11174.75,70.82500077,3750.963947,3836.680197,0
07-Oct-19,11126.4,70.97500062,3798.90099,3830.082232,0
09-Oct-19,11313.3,71.12000206,3780.153049,3844.202174,1
10-Oct-19,11234.55,70.99000028,3764.760607,3834.752831,0
11-Oct-19,11305.05,70.92399784,3860.651338,3797.732754,1
14-Oct-19,11341.15,71.23699987,3815.625698,3807.232218,1
15-Oct-19,11428.3,71.49999993,3806.682212,3820.818878,1
16-Oct-19,11464,71.3640023,3796.529588,3812.25411,1
17-Oct-19,11586.35,71.12999818,3779.593906,3812.893681,1
18-Oct-19,11661.85,71.09000022,3846.405176,3809.959233,1
22-Oct-19,11588.35,70.80899776,3840.254662,3789.227983,0
23-Oct-19,11604.1,70.72499914,3877.930143,3805.044728,1
24-Oct-19,11582.6,70.96499765,3980.032921,3817.347554,0
25-Oct-19,11583.9,70.81999999,3979.51638,3841.499721,1
29-Oct-19,11786.85,70.88999985,3921.444914,3791.152965,1
30-Oct-19,11844.1,70.95299882,3914.502828,3801.009548,1
31-Oct-19,11877.45,70.97999812,3875.189583,3836.547721,1
04-Nov-19,11941.3,70.78899789,4016.938516,3843.108921,1
05-Nov-19,11917.2,70.77499969,4028.816349,3817.8868,0
06-Nov-19,11966.05,71.00999792,4044.989971,3808.682272,1
07-Nov-19,12012.05,71.0469983,4055.695942,3790.822419,1
08-Nov-19,11908.15,71.35999957,4028.308606,3771.706169,0
11-Nov-19,11913.45,71.56999886,4056.800153,3771.250999,1
13-Nov-19,11840.45,72.14999927,4088.636335,3799.276618,0
14-Nov-19,11872.1,71.96599808,4130.1639,3816.677353,1
15-Nov-19,11895.45,71.65000064,4092.093532,3799.363227,1
18-Nov-19,11884.5,71.94499776,4118.216038,3799.420968,0
19-Nov-19,11940.1,71.82999851,4044.67724,3810.409276,1
20-Nov-19,11999.1,71.74600136,4030.746003,3817.230981,1
21-Nov-19,11968.4,71.75000118,4129.446339,3806.464137,0
22-Nov-19,11914.4,71.79199791,4181.473866,3801.341874,0
25-Nov-19,12073.75,71.68900221,4144.525639,3777.590577,1
26-Nov-19,12037.7,71.48000129,4163.598053,3767.23037,0
27-Nov-19,12100.7,71.26000081,4153.488712,3761.420613,1
28-Nov-19,12151.15,71.50500006,4148.637428,3768.522287,1
29-Nov-19,12056.05,71.74900247,4079.330007,3786.602244,0
02-Dec-19,12048.2,71.6340024,4029.232828,3787.14718,0
12-Dec-19,11971.8,70.57000167,4185.641261,3774.411003,0
13-Dec-19,12086.7,70.79799894,4225.284437,3764.479128,1
16-Dec-19,12053.95,70.91499993,4261.695619,3786.688276,0
