Date,CNY,SGD,SPF,Maxc,Minc,Avgc,PLR,Close
02-Nov-15,10.35,46.93,2104.05,8060.7,7995.6,7987.45,-0.00186,8050.8
04-Nov-15,10.36,46.75,2102.31,8116.1,8027.3,7969.8,-0.00132,8040.2
05-Nov-15,10.38,46.81,2099.93,8031.2,7944.1,7882.75,-0.0106,7955.45
06-Nov-15,10.41,46.54,2099.2,8002.65,7926.15,7875.78,-0.00014,7954.3
09-Nov-15,10.45,46.71,2078.58,7937.75,7771.7,7771.48,-0.00493,7915.2
10-Nov-15,10.41,46.55,2081.72,7885.1,7772.85,7737.85,-0.0168,7783.35
11-Nov-15,10.38,46.53,2075,7847.95,7819.1,7755.53,0.00534,7825
13-Nov-15,10.36,46.39,2023.04,7775.1,7730.9,7716.98,-0.00805,7762.25
16-Nov-15,10.34,46.31,2053.19,7838.85,7714.15,7689.05,0.0057,7806.6
17-Nov-15,10.34,46.33,2050.44,7860.45,7793,7749,0.00396,7837.55
18-Nov-15,10.34,46.46,2083.58,7843.4,7725.05,7750.83,-0.01358,7731.8
19-Nov-15,10.35,46.77,2081.24,7854.9,7765.45,7809.18,0.01425,7842.75
20-Nov-15,10.35,46.75,2089.17,7906.95,7817.8,7826.98,0.00176,7856.55
23-Nov-15,10.39,46.85,2086.59,7877.5,7825.2,7832.98,-0.00093,7849.25
24-Nov-15,10.37,46.98,2089.14,7870.35,7812.65,7829.48,-0.00225,7831.6
27-Nov-15,10.46,47.33,2090.11,7959.3,7879.45,7875.45,0.01409,7942.7
30-Nov-15,10.39,47.11,2080.41,7966,7922.8,7932.48,-0.00094,7935.25
01-Dec-15,10.38,47.25,2102.63,7972.15,7934.15,7939.45,0.00247,7954.9
02-Dec-15,10.41,47.17,2079.51,7979.3,7910.8,7924.18,-0.00296,7931.35
03-Dec-15,10.44,47.89,2049.62,7912.3,7853.3,7842.25,-0.00851,7864.15
04-Dec-15,10.41,47.68,2091.69,7821.4,7775.7,7788.33,-0.01051,7781.9
07-Dec-15,10.42,47.48,2077.07,7825.4,7746.05,7710.5,-0.00212,7765.4
08-Dec-15,10.42,47.46,2063.59,7771.25,7685.45,7659.78,-0.00824,7701.7
09-Dec-15,10.4,47.6,2047.62,7702.85,7606.9,7597.6,-0.01165,7612.5
10-Dec-15,10.37,47.56,2052.23,7691.95,7610,7600.48,0.00926,7683.3
11-Dec-15,10.4,47.52,2012.37,7703.05,7575.3,7590.05,-0.00953,7610.45
14-Dec-15,10.39,47.62,2021.94,7663.95,7551.05,7506.9,0.00519,7650.05
15-Dec-15,10.35,47.54,2043.41,7705,7625.1,7548,0.00663,7700.9
16-Dec-15,10.27,47.25,2073.07,7776.6,7715.75,7557.23,0.00647,7750.9
17-Dec-15,10.24,46.82,2041.89,7852.9,7737.55,7585.48,0.01198,7844.35
18-Dec-15,10.22,46.9,2005.55,7836.15,7753.35,7620.25,-0.01056,7761.95
21-Dec-15,10.22,47.04,2021.15,7840.75,7733.45,7605.68,0.0093,7834.45
22-Dec-15,10.22,47.17,2038.97,7846.3,7776.85,7622.85,-0.00619,7786.1
23-Dec-15,10.19,47.02,2064.29,7871.45,7826.1,7700.88,0.0102,7865.95
29-Dec-15,10.21,46.88,2078.36,7942.15,7902.75,7751.6,0.00798,7928.95
30-Dec-15,10.24,47,2063.36,7944.75,7889.85,7733.08,-0.00413,7896.25
04-Jan-16,10.19,46.75,2012.66,7937.55,7781.1,7600.25,-0.01338,7791.3
05-Jan-16,10.19,46.64,2016.71,7831.2,7763.25,7610.15,-0.00085,7784.65
06-Jan-16,10.17,46.44,1990.26,7800.95,7721.2,7612.18,-0.00562,7741
07-Jan-16,10.15,46.66,1943.09,7674.95,7556.6,7380.63,-0.02256,7568.3
08-Jan-16,10.13,46.33,1922.03,7634.1,7581.05,7352.38,0.00436,7601.35
12-Jan-16,10.19,46.55,1938.68,7588.3,7487.8,7351.45,-0.01205,7510.3
13-Jan-16,10.18,46.58,1890.28,7590.95,7425.8,7326.33,0.00691,7562.4
14-Jan-16,10.21,46.85,1921.84,7604.8,7443.8,7348.1,-0.00339,7536.8
19-Jan-16,10.3,47.13,1881.33,7462.75,7364.15,7302.93,-0.01359,7435.1
20-Jan-16,10.33,47.27,1859.33,7470.9,7241.5,7166.15,-0.01706,7309.3
21-Jan-16,10.3,47.34,1868.99,7398.7,7250,7142.1,-0.00446,7276.8
22-Jan-16,10.27,47.24,1906.9,7433.4,7327.6,7190.25,0.01982,7422.45
25-Jan-16,10.3,47.37,1877.08,7487.15,7421.2,7257.9,0.00184,7436.15
27-Jan-16,10.36,47.58,1882.95,7477.9,7419.7,7327.6,0.00022,7437.75
28-Jan-16,10.35,47.66,1893.36,7468.85,7409.6,7394.98,-0.00176,7424.65
29-Jan-16,10.32,47.66,1940.24,7575.65,7402.8,7443.38,0.01854,7563.55
01-Feb-16,10.31,47.68,1939.38,7600.45,7541.25,7523.58,-0.00101,7555.95
02-Feb-16,10.33,47.6,1903.03,7576.3,7428.05,7477.6,-0.01338,7455.55
03-Feb-16,10.33,48.05,1912.53,7419.4,7350.3,7444.65,-0.01265,7361.8
04-Feb-16,10.29,48.33,1915.45,7457.05,7365.95,7456.53,0.00572,7404
05-Feb-16,10.32,48.2,1880.05,7503.15,7406.65,7475.3,0.01143,7489.1
16-Feb-16,10.51,48.74,1895.58,7204.65,7037.7,7310.7,-0.06067,7048.25
17-Feb-16,10.47,48.69,1926.82,7123.7,6960.65,7252.93,0.0085,7108.45
18-Feb-16,10.51,48.87,1917.83,7215.1,7127.85,7317.93,0.01165,7191.75
19-Feb-16,10.51,48.78,1917.78,7226.85,7145.95,7365.63,0.00264,7210.75
22-Feb-16,10.51,48.97,1945.5,7252.4,7200.7,7407.15,0.0033,7234.55
23-Feb-16,10.5,48.72,1921.27,7241.7,7090.7,7409.45,-0.01743,7109.55
24-Feb-16,10.48,48.69,1929.8,7090.8,7009.75,7368.3,-0.01286,7018.7
25-Feb-16,10.53,49.05,1951.7,7034.2,6961.4,7307.15,-0.00688,6970.6
26-Feb-16,10.51,48.85,1948.05,7052.9,6985.1,7363.53,0.00845,7029.75
29-Feb-16,10.41,48.49,1932.23,7094.6,6825.8,7301.7,-0.00609,6987.05
01-Mar-16,10.34,48.37,1978.35,7235.5,7035.1,7387.63,0.03312,7222.3
02-Mar-16,10.29,48.25,1986.45,7380.35,7308.15,7522.23,0.02009,7368.85
03-Mar-16,10.28,48.33,1993.4,7483.95,7406.05,7522.35,0.01438,7475.6
04-Mar-16,10.29,48.69,1999.99,7505.9,7444.1,7537.43,0.0013,7485.35
08-Mar-16,10.35,48.6,1979.26,7527.15,7442.15,7505.75,-0.00001,7485.3
09-Mar-16,10.31,48.59,1989.26,7539,7424.3,7551.55,0.00619,7531.8
10-Mar-16,10.34,48.76,1989.57,7547.1,7447.4,7582.4,-0.00608,7486.15
11-Mar-16,10.3,48.73,2022.19,7543.95,7460.6,7662.7,0.00321,7510.2
14-Mar-16,10.33,48.78,2019.64,7583.7,7515.05,7717.83,0.00379,7538.75
15-Mar-16,10.34,48.75,2015.93,7545.2,7452.8,7701.6,-0.01042,7460.6
16-Mar-16,10.3,49.22,2027.22,7508,7405.15,7691.8,0.0051,7498.75
17-Mar-16,10.29,49.35,2040.59,7585.3,7479.4,7701.38,0.00184,7512.55
18-Mar-16,10.26,48.87,2049.58,7613.6,7517.9,7714.45,0.01215,7604.35
22-Mar-16,10.29,49.1,2049.8,7728.2,7643.8,7809.15,0.01443,7714.9
23-Mar-16,10.29,48.97,2036.71,7726.85,7670.6,7830.8,0.00021,7716.5
29-Mar-16,10.2,49.01,2055.01,7652.9,7582.25,7787.13,-0.01561,7597
30-Mar-16,10.27,49.16,2063.95,7741.95,7643.45,7691.18,0.01803,7735.2
31-Mar-16,10.27,49.13,2059.74,7777.6,7702,7787.83,0.00041,7738.4
01-Apr-16,10.24,49.13,2072.78,7740.15,7666.1,7781.5,-0.00328,7713.05
05-Apr-16,10.25,49.01,2045.17,7736.3,7588.65,7740.88,-0.01434,7603.2
06-Apr-16,10.26,49.38,2066.66,7638.65,7591.75,7753.9,0.00147,7614.35
07-Apr-16,10.33,49.35,2041.91,7630.75,7535.85,7708.43,-0.00896,7546.45
08-Apr-16,10.29,49.33,2047.6,7569.35,7526.7,7700.3,0.00116,7555.2
11-Apr-16,10.26,49.31,2041.99,7678.8,7516.85,7728.48,0.01526,7671.4
12-Apr-16,10.25,49.34,2061.72,7717.4,7663.35,7772.7,0.00488,7708.95
13-Apr-16,10.26,49.23,2082.42,7864.8,7772.2,7824.2,0.01819,7850.45
18-Apr-16,10.26,49.15,2094.34,7920.6,7842.75,7827.58,0.00815,7914.7
20-Apr-16,10.23,49.23,2102.4,7950.4,7877.55,7849.08,0.00001,7914.75
21-Apr-16,10.26,49.28,2091.48,7978.45,7884.1,7822.83,-0.00034,7912.05
22-Apr-16,10.25,49.21,2091.58,7923.35,7873.35,7907.28,-0.00161,7899.3
25-Apr-16,10.27,49.32,2087.79,7911,7827,7955,-0.00562,7855.05
26-Apr-16,10.23,49.13,2091.7,7974.5,7822.55,7993.38,0.01361,7962.65
27-Apr-16,10.22,49.19,2095.15,7991,7940.55,8077.08,0.00216,7979.9
28-Apr-16,10.25,49.36,2075.81,7992,7834.45,8024.9,-0.01676,7847.25
06-May-16,10.25,48.92,2057.14,7738.9,7678.35,7953.93,-0.01461,7733.45
09-May-16,10.22,48.66,2058.69,7873.65,7753.55,8007.78,0.017,7866.05
10-May-16,10.25,48.69,2084.39,7896.9,7837.7,8036.2,0.00276,7887.8
11-May-16,10.24,48.74,2064.46,7893.1,7780.9,8037.93,-0.00495,7848.85
12-May-16,10.24,48.62,2064.11,7916.05,7849.65,8069.28,0.00655,7900.4
13-May-16,10.25,48.71,2046.61,7881,7784.2,7954.73,-0.01088,7814.9
16-May-16,10.25,48.81,2066.66,7873.9,7772.15,7953.55,0.00585,7860.75
17-May-16,10.27,48.8,2047.21,7940.1,7879.7,8046.45,0.00381,7890.75
18-May-16,10.3,48.58,2047.63,7882.05,7810.75,7995.7,-0.00261,7870.15
19-May-16,10.29,48.83,2040.04,7876.2,7766.8,7981.03,-0.01108,7783.4
20-May-16,10.28,48.79,2052.32,7812.4,7735.75,7989.95,-0.00434,7749.7
23-May-16,10.31,48.93,2048.04,7820.6,7722.2,7989.73,-0.00241,7731.05
24-May-16,10.26,48.95,2076.06,7761.55,7715.8,7977.08,0.0023,7748.85
25-May-16,10.21,48.81,2090.54,7941.2,7809.3,8047.45,0.02373,7934.9
26-May-16,10.21,48.72,2090.1,8083,7948.5,8024.6,0.01684,8069.65
27-May-16,10.2,48.59,2099.06,8164.2,8077.05,8098.85,0.01072,8156.65
31-May-16,10.26,48.78,2096.95,8213.6,8134.3,8140.33,0.00042,8160.1
01-Jun-16,10.22,48.97,2099.33,8215.35,8171.05,8191.73,0.00243,8179.95
02-Jun-16,10.21,48.89,2105.26,8229.5,8154.75,8231.45,0.00476,8218.95
03-Jun-16,10.18,49.37,2099.13,8262,8209.85,8283.3,0.00023,8220.8
06-Jun-16,10.14,49.27,2109.41,8234.7,8186.05,8292.25,-0.00241,8201.05
07-Jun-16,10.13,49.33,2112.13,8294.95,8216.4,8298.93,0.00794,8266.45
08-Jun-16,10.17,49.37,2119.12,8288.9,8252.05,8307,0.0008,8273.05
13-Jun-16,10.2,49.58,2079.06,8125.25,8063.9,8208.6,-0.01983,8110.6
14-Jun-16,10.19,49.66,2075.32,8134.95,8069.5,8272.38,-0.00022,8108.85
15-Jun-16,10.21,49.59,2071.5,8213.2,8123.15,8324.88,0.01198,8206.6
16-Jun-16,10.18,49.91,2077.99,8180.65,8074.45,8312.35,-0.00806,8140.75
17-Jun-16,10.27,49.71,2071.22,8195.25,8135.8,8353.6,0.00361,8170.2
20-Jun-16,10.25,50.34,2083.25,8244.15,8107.35,8351.08,0.00832,8238.5
21-Jun-16,10.23,50.41,2088.9,8257.25,8202.15,8394.63,-0.00226,8219.9
22-Jun-16,10.25,50.31,2085.45,8238.35,8153.25,8346.65,-0.00197,8203.7
23-Jun-16,10.21,50.2,2113.32,8285.6,8188.3,8379.1,0.0081,8270.45
24-Jun-16,10.19,49.83,2037.41,8100.7,7927.05,8256.15,-0.02223,8088.6
27-Jun-16,10.16,50.03,2000.54,8120.65,8039.35,8294.15,0.00075,8094.7
28-Jun-16,10.15,50.01,2036.09,8146.35,8086.85,8364,0.00409,8127.85
29-Jun-16,10.1,50.11,2070.77,8212.4,8157.65,8401.28,0.00933,8204
30-Jun-16,10.09,49.94,2098.86,8308.15,8242.1,8453.55,0.01016,8287.75
01-Jul-16,10.1,49.99,2102.95,8356.75,8308.65,8491.68,0.00489,8328.35
04-Jul-16,10.07,49.91,2088.55,8398.45,8364.7,8517.53,0.00507,8370.7
05-Jul-16,10.1,49.93,2099.73,8381.45,8319.95,8515.63,-0.00416,8335.95
07-Jul-16,10.04,50,2097.9,8361.95,8317.7,8476.58,0.00023,8337.9
08-Jul-16,10.03,49.91,2129.9,8353.3,8287.55,8444.48,-0.00176,8323.2
11-Jul-16,10.01,49.68,2137.16,8475.25,8407.05,8548.23,0.01724,8467.9
12-Jul-16,10.02,49.75,2152.14,8526.6,8479.2,8601.35,0.00626,8521.05
13-Jul-16,10,49.76,2152.43,8550.25,8493.55,8591.83,-0.00018,8519.5
14-Jul-16,10.04,49.8,2163.75,8571.4,8500.7,8592.5,0.00533,8565
15-Jul-16,10.01,49.82,2161.74,8594.8,8510.05,8596.2,-0.00276,8541.4
18-Jul-16,10.04,49.81,2166.89,8587.1,8494.35,8580.73,-0.00384,8508.7
19-Jul-16,10.06,49.65,2163.78,8540.05,8476.7,8583.7,0.00233,8528.55
20-Jul-16,10.06,49.51,2173.02,8569.9,8512.55,8604.58,0.00436,8565.85
21-Jul-16,10.05,49.54,2165.17,8585.25,8503.45,8594.15,-0.00653,8510.1
22-Jul-16,10.09,49.43,2175.03,8548.95,8489.8,8565.98,0.00365,8541.2
25-Jul-16,10.09,49.48,2168.48,8641.15,8517.2,8589.13,0.011,8635.65
26-Jul-16,10.06,49.55,2169.18,8644.9,8577.15,8630.1,-0.00522,8590.65
27-Jul-16,10.07,49.55,2166.58,8665,8572.05,8597.5,0.00292,8615.8
28-Jul-16,10.04,49.49,2170.06,8674.7,8625.25,8687.93,0.00584,8666.3
29-Jul-16,10.05,49.75,2173.6,8670.35,8631.15,8725.18,-0.00321,8638.5
01-Aug-16,10.06,49.75,2170.84,8711.3,8590.5,8701.88,-0.00023,8636.55
03-Aug-16,10.06,49.78,2163.79,8635.45,8529.6,8676.85,-0.01067,8544.85
04-Aug-16,10.04,49.81,2164.25,8601.4,8518.15,8734.5,0.00073,8551.1
05-Aug-16,10.03,49.63,2182.87,8689.4,8590.15,8779.43,0.01532,8683.15
08-Aug-16,10.03,49.61,2180.89,8723.5,8697.6,8828.98,0.00324,8711.35
10-Aug-16,10.07,49.76,2175.49,8690.1,8564.6,8751.88,-0.01574,8575.3
12-Aug-16,10.07,49.73,2184.05,8684.3,8604.45,8672.15,0.01123,8672.15
16-Aug-16,10.08,49.9,2178.15,8682.35,8600.45,8708.45,-0.00342,8642.55
17-Aug-16,10.08,49.82,2182.22,8667.1,8603.6,8715.23,-0.00214,8624.05
18-Aug-16,10.09,49.9,2187.02,8690.7,8645.05,8765.13,0.00569,8673.25
19-Aug-16,10.1,49.85,2183.87,8696.6,8647.1,8728.33,-0.00073,8666.9
22-Aug-16,10.11,49.76,2182.64,8684.85,8614,8691.25,-0.00437,8629.15
23-Aug-16,10.09,49.67,2186.9,8642.15,8580,8673.53,0.0004,8632.6
24-Aug-16,10.06,49.58,2175.44,8661.05,8620.9,8710.78,0.00205,8650.3
25-Aug-16,10.06,49.52,2172.47,8683.05,8583.65,8610.4,-0.00674,8592.2
26-Aug-16,10.05,49.4,2169.04,8622.95,8547.55,8614.55,-0.00229,8572.55
30-Aug-16,10.03,49.2,2176.12,8750.6,8642.25,8623.35,0.01984,8744.35
31-Aug-16,10.01,49.15,2170.95,8819.2,8754.05,8684.73,0.00477,8786.2
01-Sep-16,10,49.13,2170.86,8813.25,8759.95,8722.53,-0.00132,8774.65
02-Sep-16,9.96,49.11,2179.98,8824.1,8768.2,8733.48,0.00398,8809.65
06-Sep-16,9.98,49.22,2186.48,8950.85,8848.45,8787.73,0.01502,8943
07-Sep-16,10,49.36,2186.16,8968.7,8913.35,8825.15,-0.00281,8917.95
08-Sep-16,10.02,49.3,2181.3,8960.35,8896,8809.33,0.00387,8952.5
09-Sep-16,9.99,49.22,2127.81,8939.15,8858.7,8758,-0.00963,8866.7
14-Sep-16,10.01,49.13,2125.77,8739.85,8688.9,8656.88,-0.01593,8726.6
20-Sep-16,10.04,49.19,2139.76,8816.45,8759.3,8706.53,0.00563,8775.9
21-Sep-16,10,49.18,2163.12,8826.85,8757.3,8713.45,0.00014,8777.15
23-Sep-16,10,49.13,2164.69,8885.2,8820.3,8684.9,0.00618,8831.55
26-Sep-16,9.99,49.08,2146.1,8809.55,8715.1,8609.55,-0.01236,8723.05
27-Sep-16,9.96,48.95,2159.93,8768.5,8690.5,8613.18,-0.00191,8706.4
28-Sep-16,10.02,48.82,2171.37,8767.05,8703.15,8631.28,0.00444,8745.15
29-Sep-16,9.98,48.97,2151.13,8800.65,8558.25,8517.23,-0.01776,8591.25
30-Sep-16,9.97,48.84,2168.27,8637.15,8555.2,8576.83,0.00231,8611.15
13-Oct-16,9.92,48.35,2132.55,8681.55,8541.35,8500.98,-0.0044,8573.35
14-Oct-16,9.91,47.99,2132.98,8604.45,8549.8,8419.18,0.00117,8583.4
17-Oct-16,9.9,48.07,2126.5,8615.4,8506.15,8358.1,-0.00737,8520.4
18-Oct-16,9.89,48.16,2139.6,8685.1,8555.9,8353.58,0.01832,8677.9
19-Oct-16,9.91,48.06,2144.29,8698.75,8636.7,8382.83,-0.00217,8659.1
20-Oct-16,9.89,48.01,2141.34,8727,8678.3,8390.38,0.00464,8699.4
24-Oct-16,9.85,47.98,2151.33,8736.95,8684.15,8351.6,0.0011,8708.95
25-Oct-16,9.87,48.07,2143.16,8722.65,8663.45,8392.85,-0.00203,8691.3
26-Oct-16,9.86,48.07,2139.43,8657.3,8596.6,8371.55,-0.00879,8615.25
27-Oct-16,9.85,47.95,2133.04,8624.85,8550.25,8373.8,0,8615.25
28-Oct-16,9.84,47.97,2126.41,8653.75,8581.75,8408,0.00264,8638
01-Nov-16,9.88,48.03,2111.72,8669.6,8614.5,8432.65,-0.00136,8626.25
02-Nov-16,9.86,48.22,2097.94,8549.5,8504.85,8332.08,-0.0131,8514
04-Nov-16,9.85,48.29,2085.18,8504,8400.25,8271.08,-0.00947,8433.75
07-Nov-16,9.76,48.04,2131.52,8535.85,8481.45,8330.08,0.00748,8497.05
08-Nov-16,9.81,47.78,2139.56,8559.4,8480.1,8335.28,0.00546,8543.55
09-Nov-16,9.83,47.54,2163.26,8476.2,8002.25,8129.25,-0.01314,8432
10-Nov-16,9.92,47.37,2167.48,8598.45,8510.7,8392.83,0.01106,8525.75
11-Nov-16,9.9,47.83,2164.45,8460.6,8284.95,8257.8,-0.02728,8296.3
15-Nov-16,9.88,47.96,2180.39,8288.55,8093.2,8161.03,-0.0229,8108.45
16-Nov-16,9.89,48.05,2176.94,8210.05,8089.4,8159.4,0.00039,8111.6
17-Nov-16,9.9,47.88,2187.12,8151.25,8060.3,8143.1,-0.00391,8079.95
18-Nov-16,9.9,47.83,2181.9,8128.95,8048.3,8113.5,-0.00072,8074.1
21-Nov-16,9.93,47.91,2198.18,8102.45,7916.4,8024.45,-0.01812,7929.1
22-Nov-16,9.94,48.04,2202.94,8019.05,7938.15,8031.13,0.00919,8002.3
25-Nov-16,9.93,47.94,2213.35,8122.25,7976.75,8044.65,0.0139,8114.3
28-Nov-16,9.95,48.16,2201.72,8146.5,8066.5,8056.48,0.00155,8126.9
29-Nov-16,9.96,48.15,2204.66,8197.35,8128.7,8114.63,0.00187,8142.15
30-Nov-16,9.91,47.85,2198.81,8234.25,8139.25,8125.18,0.01006,8224.5
01-Dec-16,9.88,47.85,2191.08,8250.8,8185.05,8191.03,-0.00385,8192.9
02-Dec-16,9.89,47.93,2191.95,8159.3,8070.05,8144.28,-0.01303,8086.8
05-Dec-16,9.84,47.95,2204.71,8141.9,8056.85,8169.75,0.00517,8128.75
06-Dec-16,9.8,47.68,2212.23,8178.7,8130.85,8218.85,0.00177,8143.15
07-Dec-16,9.82,47.59,2241.35,8190.45,8077.5,8185.65,-0.00506,8102.05
08-Dec-16,9.77,47.47,2246.19,8256.25,8151.75,8270.38,0.01771,8246.85
09-Dec-16,9.76,47.16,2259.53,8274.95,8241.95,8329.58,0.00181,8261.75
12-Dec-16,9.77,47.37,2256.96,8230.65,8154.45,8307.75,-0.01107,8170.8
13-Dec-16,9.77,47.34,2271.72,8228.85,8155.8,8291.25,0.00622,8221.8
14-Dec-16,9.77,46.95,2253.28,8229.4,8165.1,8303,-0.0048,8182.45
15-Dec-16,9.75,47.04,2262.03,8225.9,8121.95,8291.13,-0.00353,8153.6
16-Dec-16,9.76,46.94,2258.07,8178.7,8127.45,8286.3,-0.00174,8139.45
19-Dec-16,9.77,46.82,2262.53,8132.5,8094.85,8259.25,-0.00432,8104.35
20-Dec-16,9.77,46.97,2270.76,8124.1,8062.75,8233.45,-0.00271,8082.4
21-Dec-16,9.76,46.94,2265.18,8112.55,8053.25,8267.1,-0.00261,8061.3
22-Dec-16,9.77,46.75,2260.96,8046.45,7964.95,8288.78,-0.01025,7979.1
28-Dec-16,9.77,47.04,2249.92,8100.55,8028.4,8388.33,0.00696,8034.85
29-Dec-16,9.78,46.91,2249.26,8111.1,8020.8,8417.45,0.00852,8103.6
30-Dec-16,9.81,46.92,2238.83,8197,8114.75,8462.03,0.01009,8185.8
04-Jan-17,9.83,47.14,2270.75,8218.5,8180.9,8486.08,0.00057,8190.5
05-Jan-17,9.84,47.43,2269,8282.65,8223.7,8522.55,0.01012,8273.8
06-Jan-17,9.82,47.32,2276.98,8306.85,8233.25,8527.68,-0.00363,8243.8
10-Jan-17,9.85,47.57,2268.9,8293.8,8261,8543.95,0.00542,8288.6
11-Jan-17,9.89,47.88,2275.32,8389,8322.25,8571.35,0.01104,8380.65
12-Jan-17,9.88,47.76,2270.44,8417.2,8382.3,8595.1,0.00316,8407.2
13-Jan-17,9.87,47.78,2274.64,8461.05,8373.15,8578.55,-0.00082,8400.35
16-Jan-17,9.9,47.61,2267.89,8426.7,8374.4,8635.43,0.00148,8412.8
17-Jan-17,9.98,47.95,2271.89,8440.9,8378.3,8632.28,-0.00176,8398
18-Jan-17,9.91,47.72,2263.69,8460.3,8397.4,8659.1,0.00226,8417
19-Jan-17,9.9,47.76,2271.31,8445.15,8404.05,8682.4,0.00215,8435.1
20-Jan-17,9.93,47.76,2265.2,8423.65,8340.95,8661.55,-0.01022,8349.35
23-Jan-17,9.93,48,2280.07,8404.15,8327.2,8639.5,0.00504,8391.5
24-Jan-17,9.88,47.94,2298.37,8480.95,8398.15,8656.45,0.01,8475.8
25-Jan-17,9.91,48.11,2296.68,8612.6,8493.95,8727.38,0.01487,8602.75
03-Feb-17,9.79,47.73,2297.42,8748.25,8707.75,8850.13,0.01594,8740.95
06-Feb-17,9.78,47.71,2292.56,8814.1,8770.2,8838.65,0.00685,8801.05
07-Feb-17,9.76,47.5,2293.08,8809.3,8741.05,8854.43,-0.00373,8768.3
08-Feb-17,9.72,47.33,2294.67,8791.25,8715,8846.43,0.00009,8769.05
09-Feb-17,9.72,47,2307.87,8821.4,8724.1,8840.58,0.00107,8778.4
10-Feb-17,9.73,47.01,2316.1,8822.1,8771.2,8858.5,0.00172,8793.55
13-Feb-17,9.73,47.02,2328.25,8826.9,8754.2,8864.95,0.00131,8805.05
14-Feb-17,9.73,47.03,2337.58,8820.45,8772.5,8947.63,-0.00145,8792.3
15-Feb-17,9.79,47.13,2349.25,8807.9,8712.85,8909.7,-0.00772,8724.7
16-Feb-17,9.77,47.36,2347.22,8783.95,8719.6,8939.03,0.00609,8778
17-Feb-17,9.73,47.28,2351.16,8896.45,8804.25,9011.33,0.00497,8821.7
21-Feb-17,9.73,47.15,2365.38,8920.8,8860.95,9004.35,0.00322,8907.85
22-Feb-17,9.71,47.4,2362.82,8960.75,8905.25,8989.08,0.00214,8926.9
23-Feb-17,9.7,47.42,2363.81,8982.15,8927.55,9013.3,0.00141,8939.5
27-Feb-17,9.72,47.5,2369.75,8951.8,8888.65,9011.1,-0.0048,8896.7
28-Feb-17,9.72,47.55,2363.64,8914.75,8867.6,8981.23,-0.00192,8879.6
01-Mar-17,9.69,47.46,2395.96,8960.8,8898.6,9004.5,0.00743,8945.8
02-Mar-17,9.68,47.27,2381.92,8992.5,8879.8,9016.48,-0.00516,8899.75
03-Mar-17,9.67,47.36,2383.12,8907.1,8860.1,9021.63,-0.00025,8897.55
06-Mar-17,9.65,47.21,2375.31,8967.8,8914,9052.85,0.00738,8963.45
07-Mar-17,9.66,47.21,2368.39,8977.85,8932.8,9103.35,-0.00185,8946.9
08-Mar-17,9.65,47.08,2362.98,8957.05,8891.95,9079.95,-0.00253,8924.3
09-Mar-17,9.63,46.95,2364.87,8945.8,8899.5,9075,0.0003,8927
10-Mar-17,9.57,47.13,2372.6,8975.7,8903.95,9064.8,0.00085,8934.55
14-Mar-17,9.49,46.47,2365.45,9122.75,9060.5,9151.6,0.01692,9087
15-Mar-17,9.48,46.84,2385.26,9106.55,9075.5,9160.95,-0.00024,9084.8
16-Mar-17,9.48,46.66,2381.38,9158.45,9128.55,9165.6,0.00756,9153.7
17-Mar-17,9.46,46.7,2378.25,9218.4,9147.6,9182.75,0.00069,9160.05
21-Mar-17,9.51,46.69,2344.02,9147.75,9087.2,9115.55,-0.00059,9121.5
22-Mar-17,9.51,46.82,2348.45,9072.9,9019.3,9101.48,-0.01003,9030.45
23-Mar-17,9.5,46.77,2345.96,9099.05,9048.6,9137,0.00617,9086.3
24-Mar-17,9.46,46.77,2343.98,9133.55,9089.4,9199.3,0.00239,9108
27-Mar-17,9.45,46.63,2341.59,9094.85,9024.65,9195.83,-0.00692,9045.2
28-Mar-17,9.42,46.53,2358.57,9110.4,9079.8,9223.48,0.00613,9100.8
29-Mar-17,9.41,46.53,2361.13,9153.15,9109.1,9225.88,0.00471,9143.8
30-Mar-17,9.42,46.39,2368.06,9183.15,9136.35,9244.45,0.00327,9173.75
31-Mar-17,9.44,46.42,2362.72,9191.7,9152.1,9245.4,0,9173.75
05-Apr-17,9.41,46.54,2352.95,9273.9,9215.4,9277.18,0.00991,9265.15
06-Apr-17,9.31,46.06,2357.49,9267.95,9218.85,9316.8,-0.00035,9261.95
07-Apr-17,9.36,45.75,2355.54,9250.5,9188.1,9319.38,-0.0069,9198.3
10-Apr-17,9.37,45.97,2357.16,9225.65,9174.85,9306.3,-0.00183,9181.45
11-Apr-17,9.39,45.98,2353.78,9242.7,9172.85,9311.05,0.00603,9237
12-Apr-17,9.35,46.37,2344.93,9246.4,9161.8,9339.5,-0.00364,9203.45
13-Apr-17,9.36,46.09,2328.95,9202.65,9144.95,9338.78,-0.00574,9150.8
18-Apr-17,9.39,46.28,2342.19,9217.9,9095.45,9292.28,-0.005,9105.15
19-Apr-17,9.39,46.24,2338.17,9120.5,9075.15,9290.45,-0.00018,9103.5
20-Apr-17,9.39,46.23,2355.84,9143.9,9102.65,9300.65,0.00361,9136.4
21-Apr-17,9.37,46.28,2348.69,9183.65,9088.75,9268.4,-0.00186,9119.4
24-Apr-17,9.34,46.31,2374.15,9225.4,9130.55,9281.23,0.01075,9217.95
25-Apr-17,9.3,46.15,2388.61,9309.2,9250.35,9386.83,0.00957,9306.6
26-Apr-17,9.29,45.93,2387.45,9367,9301.35,9453.13,0.00485,9351.85
27-Apr-17,9.33,45.9,2388.77,9367.15,9322.65,9486.13,-0.00104,9342.15
28-Apr-17,9.32,46.02,2384.2,9342.65,9282.25,9458.45,-0.00409,9304.05
02-May-17,9.3,46.04,2391.17,9352.55,9269.9,9471.7,0.00105,9313.8
08-May-17,9.36,45.78,2399.38,9338.7,9297.95,9492.58,0.00003,9314.05
09-May-17,9.36,45.82,2396.92,9338.95,9307.7,9508.5,0.0003,9316.85
10-May-17,9.33,45.81,2399.63,9414.75,9336,9507.28,0.00966,9407.3
11-May-17,9.31,45.77,2394.44,9450.65,9411.3,9550,0.0016,9422.4
12-May-17,9.29,45.75,2390.9,9437.75,9372.55,9524.4,-0.00228,9400.9
15-May-17,9.3,45.83,2402.32,9449.25,9423.1,9535.08,0.00472,9445.4
16-May-17,9.32,45.91,2400.67,9517.2,9456.35,9555.25,0.00705,9512.25
17-May-17,9.42,46.13,2357.03,9532.6,9486.1,9556.75,0.00142,9525.75
18-May-17,9.38,46.59,2365.72,9489.1,9418.1,9519.75,-0.01016,9429.45
19-May-17,9.37,46.62,2381.73,9505.75,9390.75,9503.3,-0.00016,9427.9
22-May-17,9.42,46.53,2394.02,9498.65,9427.9,9550.6,0.0011,9438.25
23-May-17,9.4,46.67,2398.42,9448.05,9370,9523.25,-0.00554,9386.15
24-May-17,9.4,46.78,2404.39,9431.9,9341.65,9496.05,-0.00273,9360.55
25-May-17,9.41,46.55,2415.07,9523.3,9379.2,9539.03,0.01581,9509.75
26-May-17,9.41,46.69,2415.82,9604.9,9495.4,9571.53,0.00893,9595.1
31-May-17,9.47,46.63,2411.8,9649.6,9609.25,9612.33,0.00272,9621.25
01-Jun-17,9.46,46.5,2430.06,9634.65,9589.9,9556.2,-0.00054,9616.1
02-Jun-17,9.46,46.65,2439.07,9673.5,9637.45,9606.63,0.00388,9653.5
05-Jun-17,9.48,46.58,2436.1,9687.2,9640.7,9588.25,0.00224,9675.1
06-Jun-17,9.48,46.7,2429.33,9709.3,9630.2,9627.1,-0.00393,9637.15
07-Jun-17,9.45,46.61,2433.14,9678.55,9630.55,9637.1,0.00277,9663.9
08-Jun-17,9.45,46.54,2433.79,9688.7,9641.5,9671.1,-0.00172,9647.25
09-Jun-17,9.48,46.41,2431.77,9676.25,9608.15,9646.2,0.00217,9668.25
12-Jun-17,9.46,46.58,2429.39,9647.05,9598.5,9690.33,-0.00538,9616.4
13-Jun-17,9.46,46.59,2440.35,9654.15,9595.4,9712.73,-0.00099,9606.9
14-Jun-17,9.48,46.7,2437.92,9627.4,9580.45,9702.7,0.00117,9618.15
15-Jun-17,9.47,46.66,2432.46,9621.4,9560.8,9729.03,-0.00418,9578.05
16-Jun-17,9.46,46.6,2433.15,9615.85,9565.5,9739.4,0.00104,9588.05
19-Jun-17,9.45,46.5,2453.46,9673.3,9614.9,9750.13,0.00722,9657.55
20-Jun-17,9.45,46.46,2437.03,9676.5,9643.75,9774.4,-0.00042,9653.5
21-Jun-17,9.45,46.45,2435.61,9650.45,9608.6,9765.58,-0.00206,9633.6
22-Jun-17,9.44,46.47,2434.5,9698.85,9617.75,9771.23,-0.00037,9630
23-Jun-17,9.42,46.49,2438.3,9647.65,9565.3,9773.68,-0.00573,9574.95
27-Jun-17,9.49,46.48,2419.38,9615.4,9473.45,9742.38,-0.00666,9511.4
28-Jun-17,9.53,46.68,2440.69,9522.5,9474.35,9750.15,-0.00212,9491.25
29-Jun-17,9.53,46.88,2419.7,9575.8,9493.8,9804.33,0.00135,9504.1
30-Jun-17,9.54,46.95,2423.41,9535.8,9448.75,9737.4,0.00177,9520.9
03-Jul-17,9.53,46.9,2429.01,9624,9543.55,9836.08,0.00983,9615
05-Jul-17,9.52,46.93,2432.54,9643.65,9607.35,9872.6,0.00235,9637.6
06-Jul-17,9.5,46.83,2409.75,9700.7,9639.95,9860.55,0.00383,9674.55
07-Jul-17,9.48,46.76,2425.18,9684.25,9642.65,9858.95,-0.0009,9665.8
10-Jul-17,9.49,46.56,2427.43,9782.15,9646.45,9867.28,0.01083,9771.05
11-Jul-17,9.5,46.72,2425.53,9830.05,9778.85,9931.33,0.00153,9786.05
12-Jul-17,9.5,46.8,2443.25,9824.95,9787.7,9878.75,0.00307,9816.1
13-Jul-17,9.51,46.91,2447.83,9897.25,9853.45,9873.05,0.00767,9891.7
14-Jul-17,9.5,46.98,2459.27,9913.3,9845.45,9831.88,-0.00054,9886.35
18-Jul-17,9.52,47.07,2460.61,9885.35,9792.05,9848,-0.00601,9827.15
19-Jul-17,9.52,46.97,2473.83,9905.05,9851.65,9899.73,0.00735,9899.6
20-Jul-17,9.51,47.12,2473.45,9922.55,9863.45,9864.7,-0.00266,9873.3
21-Jul-17,9.54,47.26,2472.54,9924.7,9838,9861.18,0.00424,9915.25
24-Jul-17,9.54,47.28,2469.91,9982.05,9919.6,9874.03,0.00515,9966.4
25-Jul-17,9.53,47.26,2477.13,10011.3,9949.1,9915.3,-0.00019,9964.55
26-Jul-17,9.51,47.41,2477.83,10025.95,9965.95,9945.85,0.00561,10020.65
27-Jul-17,9.52,47.18,2475.42,10114.85,10005.5,9946.43,-0.00001,10020.55
28-Jul-17,9.54,47.26,2472.1,10026.05,9944.5,9926.98,-0.0006,10014.5
01-Aug-17,9.47,47.2,2476.35,10128.6,10065.75,9995.43,0.00995,10114.65
02-Aug-17,9.48,46.82,2477.57,10137.85,10054.2,10008.65,-0.00328,10081.5
03-Aug-17,9.46,46.89,2472.16,10081.15,9998.25,9964.9,-0.00675,10013.65
04-Aug-17,9.5,46.79,2476.83,10075.25,9988.35,9976.6,0.00525,10066.4
07-Aug-17,9.5,46.85,2480.91,10088.1,10046.35,10004.98,-0.00089,10057.4
08-Aug-17,9.57,46.72,2474.92,10083.8,9947,9987.83,-0.00787,9978.55
09-Aug-17,9.64,46.83,2474.02,9969.8,9893.05,9995.3,-0.00709,9908.05
10-Aug-17,9.62,47.01,2438.21,9892.65,9776.2,9954.08,-0.0089,9820.25
14-Aug-17,9.59,47.03,2465.84,9818.3,9752.1,9939.3,-0.00266,9794.15
16-Aug-17,9.61,47.1,2468.11,9903.95,9773.85,9944.5,0.01048,9897.3
17-Aug-17,9.61,46.96,2430.01,9947.8,9883.75,10031.35,0.00069,9904.15
18-Aug-17,9.62,47.02,2425.55,9865.95,9783.65,9977.35,-0.00676,9837.4
21-Aug-17,9.62,47.11,2428.37,9884.35,9740.1,9949.5,-0.00848,9754.35
22-Aug-17,9.62,47.03,2452.51,9828.45,9752.6,9923.83,0.00115,9765.55
24-Aug-17,9.63,47.03,2438.97,9881.5,9848.85,9904.68,0.00933,9857.05
28-Aug-17,9.7,47.21,2444.24,9925.75,9882,9886.68,0.00564,9912.8
29-Aug-17,9.7,47.24,2446.3,9887.35,9783.75,9852.4,-0.01185,9796.05
30-Aug-17,9.7,47.11,2457.59,9909.45,9850.8,9820,0.00898,9884.4
31-Aug-17,9.76,47.16,2471.65,9925.1,9856.95,9855.48,0.00338,9917.9
05-Sep-17,9.82,47.39,2457.85,9963.1,9901.05,9967.53,0.00345,9952.2
06-Sep-17,9.87,47.45,2465.54,9931.55,9882.55,9974.9,-0.00362,9916.2
07-Sep-17,9.84,47.78,2465.1,9964.85,9917.2,10010.83,0.00138,9929.9
08-Sep-17,9.79,47.53,2461.43,9963.6,9913.3,10052.6,0.00049,9934.8
11-Sep-17,9.8,47.47,2488.11,10028.65,9968.8,10105.88,0.00715,10006.05
12-Sep-17,9.78,47.52,2496.48,10097.55,10028.05,10139.95,0.00866,10093.05
13-Sep-17,9.78,47.4,2498.37,10131.95,10063.15,10149.8,-0.00136,10079.3
14-Sep-17,9.78,47.61,2495.62,10126.5,10070.35,10141.15,0.00072,10086.6
15-Sep-17,9.76,47.66,2500.23,10115.15,10043.65,10133.9,-0.00012,10085.4
19-Sep-17,9.78,47.75,2506.65,10178.95,10129.95,10183.85,0.00614,10147.55
20-Sep-17,9.83,47.67,2508.24,10171.05,10134.2,10237.38,-0.00063,10141.15
21-Sep-17,9.83,48.02,2500.6,10158.9,10058.6,10207.13,-0.0019,10121.9
22-Sep-17,9.84,48.15,2502.22,10095.05,9952.8,10159.48,-0.01568,9964.4
25-Sep-17,9.86,48.21,2496.66,9960.5,9816.05,10100.28,-0.00926,9872.6
26-Sep-17,9.89,48.33,2496.84,9891.35,9813,10090.35,-0.00011,9871.5
27-Sep-17,9.82,48.34,2507.04,9921.05,9714.4,10083.03,-0.01385,9735.75
28-Sep-17,9.82,48.22,2510.06,9789.2,9687.55,10070.28,0.0034,9768.95
29-Sep-17,9.82,48.11,2519.36,9854,9775.35,10118.53,0.00201,9788.6
10-Oct-17,9.89,48.11,2550.64,10034,10002.3,10246.38,0.02306,10016.95
11-Oct-17,9.88,48.11,2555.24,10067.25,9955.8,10220.78,-0.00321,9984.8
12-Oct-17,9.83,48.11,2550.93,10104.45,9977.1,10180.68,0.01111,10096.4
13-Oct-17,9.82,47.96,2553.17,10191.9,10120.1,10244.28,0.00701,10167.45
16-Oct-17,9.82,47.88,2557.64,10242.95,10175.1,10260.03,0.00622,10230.85
17-Oct-17,9.82,47.97,2559.36,10251.85,10212.6,10273.38,0.00035,10234.45
18-Oct-17,9.83,47.95,2561.26,10236.45,10175.75,10211.88,-0.00231,10210.85
19-Oct-17,9.82,47.91,2562.1,10211.95,10123.35,10149.4,-0.00632,10146.55
23-Oct-17,9.81,47.74,2564.98,10224.15,10124.5,10178.38,0.00377,10184.85
24-Oct-17,9.78,47.76,2569.13,10237.75,10182.4,10263,0.00224,10207.7
25-Oct-17,9.76,47.72,2557.15,10340.55,10240.9,10275.38,0.00855,10295.35
26-Oct-17,9.78,47.43,2560.4,10355.65,10271.85,10315.28,0.00469,10343.8
27-Oct-17,9.76,47.63,2581.07,10366.15,10311.3,10340,-0.00201,10323.05
30-Oct-17,9.76,47.66,2572.83,10384.5,10344.3,10374.4,0.00393,10363.65
31-Oct-17,9.78,47.51,2575.26,10367.7,10323.95,10365.55,-0.00274,10335.3
01-Nov-17,9.77,47.44,2579.36,10451.65,10383.05,10396.3,0.01013,10440.5
02-Nov-17,9.72,47.51,2579.85,10453,10412.55,10402.75,-0.0016,10423.8
03-Nov-17,9.74,47.3,2587.84,10461.7,10403.6,10368.15,0.00275,10452.5
06-Nov-17,9.8,47.47,2591.13,10490.45,10413.75,10343.23,-0.00007,10451.8
07-Nov-17,9.79,47.7,2590.64,10485.75,10340.8,10260,-0.00977,10350.15
08-Nov-17,9.79,47.67,2594.38,10384.25,10285.5,10216.73,-0.00455,10303.15
09-Nov-17,9.82,47.81,2584.62,10368.45,10266.95,10185.58,0.00056,10308.95
10-Nov-17,9.85,47.92,2582.3,10344.95,10254.1,10218.38,0.00124,10321.75
13-Nov-17,9.86,48.05,2584.84,10334.15,10216.25,10243.55,-0.00942,10224.95
14-Nov-17,9.85,48.13,2578.87,10248,10175.55,10252.38,-0.00376,10186.6
15-Nov-17,9.85,48.12,2564.62,10175.45,10094,10210.05,-0.00675,10118.05
16-Nov-17,9.81,48.14,2585.64,10232.25,10139.2,10217.88,0.00951,10214.75
17-Nov-17,9.81,47.97,2578.85,10343.6,10268.05,10272.08,0.00672,10283.6
20-Nov-17,9.79,47.97,2582.14,10309.85,10261.5,10317.3,0.00147,10298.75
21-Nov-17,9.82,47.9,2599.03,10358.7,10315.05,10379.3,0.00273,10326.9
22-Nov-17,9.81,48.17,2597.08,10368.7,10309.55,10390.88,0.00149,10342.3
24-Nov-17,9.77,48.08,2602.42,10404.5,10362.25,10428.35,0.00457,10389.7
27-Nov-17,9.75,47.88,2601.42,10407.15,10340.2,10407.08,0.00095,10399.55
28-Nov-17,9.74,47.85,2627.04,10409.55,10355.2,10428.15,-0.00282,10370.25
29-Nov-17,9.75,47.78,2626.07,10392.95,10345.9,10449.15,-0.00086,10361.3
30-Nov-17,9.75,47.82,2647.58,10332.7,10211.25,10372.9,-0.01309,10226.55
01-Dec-17,9.73,47.91,2642.22,10272.7,10108.55,10323.63,-0.0103,10121.8
04-Dec-17,9.72,47.77,2639.44,10179.2,10095.7,10304.35,0.00059,10127.75
05-Dec-17,9.76,47.77,2629.57,10147.95,10069.1,10317.6,-0.00094,10118.25
06-Dec-17,9.75,47.83,2629.27,10104.2,10033.35,10346.25,-0.00736,10044.1
07-Dec-17,9.74,47.77,2636.98,10182.65,10061.9,10358.7,0.01213,10166.7
08-Dec-17,9.72,47.68,2651.5,10270.85,10195.25,10429.93,0.00969,10265.65
11-Dec-17,9.73,47.62,2659.99,10329.2,10282.05,10486.23,0.0055,10322.25
12-Dec-17,9.74,47.64,2664.11,10326.1,10230.2,10506.43,-0.00799,10240.15
13-Dec-17,9.73,47.87,2662.85,10296.55,10169.85,10466.1,-0.00462,10192.95
14-Dec-17,9.7,47.81,2652.01,10276.1,10141.55,10472.28,0.00579,10252.1
15-Dec-17,9.7,47.52,2675.81,10373.1,10319.65,10603.58,0.00788,10333.25
18-Dec-17,9.7,47.66,2690.16,10443.55,10074.8,10490.83,0.00536,10388.75
19-Dec-17,9.75,47.57,2681.47,10472.2,10406,10690.55,0.00714,10463.2
20-Dec-17,9.72,47.71,2679.25,10494.45,10437.15,10765.03,-0.00182,10444.2
21-Dec-17,9.73,47.64,2684.57,10473.95,10426.9,10768.5,-0.00037,10440.3
22-Dec-17,9.79,47.64,2683.34,10501.1,10448.25,10771.93,0.00504,10493
27-Dec-17,9.81,47.86,2682.62,10552.4,10469.25,10820.4,-0.00021,10490.75
28-Dec-17,9.81,47.91,2687.54,10534.55,10460.45,10790.78,-0.00123,10477.9
04-Jan-18,9.76,47.74,2723.99,10513,10441.45,10779.4,-0.00246,10504.8
05-Jan-18,9.77,47.75,2743.15,10566.1,10520.1,10737.53,0.00513,10558.85
09-Jan-18,9.78,47.68,2751.29,10659.15,10603.6,10653.18,0.00737,10637
10-Jan-18,9.8,47.69,2748.23,10655.5,10592.7,10593.43,-0.00045,10632.2
11-Jan-18,9.85,47.91,2767.56,10664.6,10612.35,10613.18,0.00179,10651.2
12-Jan-18,9.87,47.99,2786.24,10690.4,10597.1,10617.45,0.00282,10681.25
16-Jan-18,9.93,48.47,2776.42,10762.35,10687.85,10639.2,-0.00383,10700.45
17-Jan-18,9.95,48.23,2802.56,10803,10666.75,10532.15,0.0082,10788.55
18-Jan-18,9.97,48.35,2798.03,10887.5,10782.4,10640.75,0.00263,10817
19-Jan-18,9.97,48.32,2810.3,10906.85,10793.9,10693.43,0.00716,10894.7
22-Jan-18,9.96,48.44,2832.97,10975.1,10881.4,10756.53,0.00654,10966.2
23-Jan-18,9.99,48.41,2839.13,11092.9,10994.55,10765.03,0.01066,11083.7
24-Jan-18,10.04,48.7,2837.54,11110.1,11046.15,10785.83,0.00021,11086
25-Jan-18,10.06,48.48,2839.25,11095.6,11009.2,10718.95,-0.00148,11069.65
29-Jan-18,10.07,48.54,2853.53,11171.55,11075.95,10758.65,0.00547,11130.4
30-Jan-18,10.11,48.56,2822.43,11121.1,11033.9,10638.63,-0.00728,11049.65
31-Jan-18,10.16,48.43,2823.81,11058.5,10979.3,10624.83,-0.00199,11027.7
01-Feb-18,10.18,48.91,2821.98,11117.35,10878.8,10587.75,-0.00098,11016.9
02-Feb-18,10.2,48.6,2762.13,10954.95,10736.1,10584.88,-0.02354,10760.6
05-Feb-18,10.22,48.53,2648.94,10702.75,10586.8,10532.7,-0.00878,10666.55
06-Feb-18,10.25,48.7,2695.14,10594.15,10276.3,10348.33,-0.0159,10498.25
07-Feb-18,10.16,48.5,2681.66,10614,10446.4,10433.2,-0.00205,10476.7
08-Feb-18,10.22,48.3,2581,10637.8,10479.55,10412.93,0.00951,10576.85
09-Feb-18,10.16,48.42,2619.55,10480.2,10398.2,10311.38,-0.01159,10454.95
14-Feb-18,10.07,48.78,2698.63,10590.55,10456.65,10306.15,0.00439,10500.9
22-Feb-18,10.21,49.25,2703.96,10397.55,10340.65,10274.25,-0.01132,10382.7
23-Feb-18,10.25,49.03,2747.3,10499.1,10396.65,10212.18,0.01038,10491.05
26-Feb-18,10.28,49.22,2779.6,10592.95,10520.2,10331.85,0.00869,10582.6
27-Feb-18,10.3,49.02,2744.28,10631.65,10537.25,10372.58,-0.00268,10554.3
28-Feb-18,10.26,49.22,2713.83,10535.5,10461.55,10309.95,-0.00584,10492.85
01-Mar-18,10.28,49.31,2677.67,10525.5,10447.15,10351.25,-0.00329,10458.35
05-Mar-18,10.29,49.31,2720.94,10428.7,10323.9,10301.88,-0.00956,10358.85
06-Mar-18,10.26,49.31,2728.12,10441.35,10215.9,10306.8,-0.01064,10249.25
07-Mar-18,10.27,49.37,2726.8,10243.35,10141.55,10283.2,-0.00932,10154.2
08-Mar-18,10.28,49.42,2738.97,10270.35,10146.4,10287.28,0.00867,10242.65
09-Mar-18,10.27,49.46,2786.57,10296.7,10211.9,10340.9,-0.00154,10226.85
12-Mar-18,10.26,49.5,2783.02,10433.65,10295.45,10407.68,0.01884,10421.4
13-Mar-18,10.26,49.43,2765.31,10478.6,10377.85,10459,0.00052,10426.85
14-Mar-18,10.28,49.53,2749.48,10420.35,10336.3,10448.38,-0.00153,10410.9
15-Mar-18,10.26,49.48,2747.33,10420,10346.2,10470.2,-0.00489,10360.15
16-Mar-18,10.3,49.32,2752.01,10346.3,10180.25,10376.23,-0.01605,10195.15
19-Mar-18,10.3,49.52,2712.92,10224.55,10075.3,10328.83,-0.00995,10094.25
20-Mar-18,10.31,49.44,2716.94,10155.65,10049.1,10343.73,0.00298,10124.35
22-Mar-18,10.29,49.43,2643.69,10207.85,10105.4,10371.1,-0.00095,10114.75
23-Mar-18,10.33,49.41,2588.26,10027.7,9951.9,10282.25,-0.0116,9998.05
26-Mar-18,10.34,49.53,2658.55,10143.5,9958.55,10293.48,0.01318,10130.65
27-Mar-18,10.35,49.57,2612.62,10207.9,10139.65,10429.73,0.00527,10184.15
28-Mar-18,10.35,49.67,2605,10158.35,10096.9,10440.78,-0.00694,10113.7
03-Apr-18,10.32,49.56,2614.45,10255.35,10171.05,10464.8,0.0129,10245
04-Apr-18,10.29,49.57,2644.69,10279.85,10111.3,10438.78,-0.01145,10128.4
09-Apr-18,10.34,49.52,2613.16,10397.7,10328.5,10557.03,0.02447,10379.35
10-Apr-18,10.41,49.61,2656.87,10424.85,10381.5,10596.78,0.0022,10402.25
11-Apr-18,10.38,49.85,2642.19,10428.15,10355.6,10595.23,0.00143,10417.15
12-Apr-18,10.4,49.74,2663.99,10469.9,10395.25,10662.23,0.00398,10458.65
13-Apr-18,10.43,49.73,2656.3,10519.9,10451.45,10620.95,0.0021,10480.6
16-Apr-18,10.45,49.97,2677.84,10540.15,10396.35,10586.8,0.00455,10528.35
17-Apr-18,10.47,50.08,2706.39,10560.45,10495.65,10585.3,0.00193,10548.7
18-Apr-18,10.49,50.17,2708.64,10594.2,10509.7,10565.7,-0.00214,10526.2
19-Apr-18,10.52,50.22,2693.13,10572.2,10546.2,10539.88,0.00371,10565.3
20-Apr-18,10.53,50.31,2670.14,10582.35,10527.45,10531.3,-0.00012,10564.05
23-Apr-18,10.53,50.19,2670.29,10638.35,10514.95,10571.5,0.00195,10584.7
24-Apr-18,10.58,50.22,2634.56,10636.8,10569,10643.13,0.0028,10614.35
25-Apr-18,10.54,50.37,2639.4,10612.6,10536.45,10592.58,-0.00414,10570.55
26-Apr-18,10.52,50.3,2666.94,10628.4,10559.65,10661.73,0.00446,10617.8
27-Apr-18,10.49,50.33,2669.91,10719.8,10647.55,10706.15,0.00699,10692.3
02-May-18,10.49,49.9,2635.67,10784.65,10689.8,10730.05,0.00241,10718.05
08-May-18,10.59,50.1,2671.92,10758.55,10689.4,10661.28,-0.00002,10717.8
09-May-18,10.59,50.04,2697.79,10766.25,10689.85,10694.1,0.00223,10741.7
10-May-18,10.63,50.28,2723.07,10785.55,10705,10761.5,-0.00234,10716.55
11-May-18,10.66,50.41,2727.72,10812.05,10724.45,10751.95,0.00836,10806.5
14-May-18,10.67,50.57,2730.13,10834.85,10774.75,10812.65,0.00001,10806.6
15-May-18,10.64,50.63,2711.45,10929.2,10781.4,10818.98,-0.00044,10801.85
16-May-18,10.64,50.56,2722.46,10790.45,10699.7,10796.48,-0.00564,10741.1
17-May-18,10.66,50.49,2720.13,10777.25,10664.5,10749.1,-0.00545,10682.7
18-May-18,10.67,50.63,2712.97,10674.95,10589.1,10711.55,-0.00811,10596.4
21-May-18,10.68,50.83,2733.01,10621.7,10505.8,10647.63,-0.00755,10516.7
23-May-18,10.71,50.9,2733.29,10533.55,10417.8,10599.8,-0.00824,10430.35
24-May-18,10.6,51.03,2727.76,10535.15,10419.8,10614.7,0.00797,10513.85
25-May-18,10.53,50.48,2721.33,10628.05,10524,10680.5,0.00865,10605.15
29-May-18,10.51,50.41,2689.86,10717.25,10616.1,10723.58,0.00265,10633.3
30-May-18,10.52,50.36,2724.01,10648.7,10558.45,10681.85,-0.00178,10614.35
31-May-18,10.43,50.41,2705.27,10763.8,10620.4,10702.95,0.01141,10736.15
01-Jun-18,10.46,50.06,2734.62,10764.75,10681.5,10677.85,-0.00373,10696.2
04-Jun-18,10.47,50.18,2746.87,10770.3,10618.35,10670.7,-0.00635,10628.5
05-Jun-18,10.46,50.27,2748.8,10633.15,10550.9,10632.1,-0.00333,10593.15
06-Jun-18,10.55,50.16,2772.35,10698.35,10587.5,10686.78,0.0086,10684.65
07-Jun-18,10.54,50.55,2770.37,10818,10722.6,10769.48,0.0078,10768.35
08-Jun-18,10.54,50.58,2779.03,10779.45,10709.05,10784.7,-0.00007,10767.65
11-Jun-18,10.54,50.54,2782,10850.55,10777.05,10866.98,0.00179,10786.95
12-Jun-18,10.57,50.48,2786.85,10856.55,10789.4,10883.03,0.00517,10842.85
13-Jun-18,10.57,50.65,2775.63,10893.25,10842.65,10960.48,0.00128,10856.7
14-Jun-18,10.57,50.33,2782.49,10833.7,10773.55,10922.45,-0.00449,10808.05
15-Jun-18,10.57,50.38,2779.66,10834,10755.4,10887.45,0.00089,10817.7
19-Jun-18,10.51,50.34,2762.59,10789.45,10701.2,10859.85,-0.00996,10710.45
20-Jun-18,10.46,50.09,2767.32,10781.8,10724.05,10900.13,0.00573,10772.05
21-Jun-18,10.43,50.02,2749.76,10809.6,10725.9,10866.2,-0.00288,10741.1
22-Jun-18,10.42,49.97,2754.88,10837,10710.45,10870.35,0.00749,10821.85
25-Jun-18,10.39,50.01,2717.07,10831.05,10753.05,10923.23,-0.0055,10762.45
26-Jun-18,10.39,50.16,2723.06,10805.25,10732.55,10937.98,0.00062,10769.15
27-Jun-18,10.39,50.2,2699.63,10785.5,10652.4,10904.78,-0.00912,10671.4
28-Jun-18,10.34,50.33,2716.31,10674.2,10557.7,10871.78,-0.00774,10589.1
29-Jun-18,10.31,50.23,2718.37,10723.05,10612.35,10947.88,0.01175,10714.3
03-Jul-18,10.36,50.23,2713.22,10713.3,10630.25,10979.18,-0.00134,10699.9
05-Jul-18,10.36,50.47,2736.61,10786.05,10726.25,11046.13,0.00465,10749.75
06-Jul-18,10.38,50.69,2759.82,10816.35,10735.05,11062.8,0.00213,10772.65
09-Jul-18,10.37,50.61,2784.17,10860.35,10807.15,11068.03,0.00742,10852.9
10-Jul-18,10.29,50.66,2793.84,10956.9,10876.65,11122.33,0.00866,10947.25
11-Jul-18,10.28,50.38,2774.02,10976.65,10923,11175.33,0.0001,10948.3
12-Jul-18,10.24,50.26,2798.29,11078.3,10999.65,11214.3,0.00682,11023.2
13-Jul-18,10.24,50.16,2801.31,11071.35,10999.75,11229.85,-0.00039,11018.9
16-Jul-18,10.2,50.33,2798.43,11019.5,10926.25,11210.73,-0.00747,10936.85
17-Jul-18,10.21,50.14,2809.55,11018.5,10925.6,11202.18,0.00649,11008.05
18-Jul-18,10.19,50.27,2815.62,11076.2,10956.3,11181.3,-0.00251,10980.45
19-Jul-18,10.15,50.35,2804.49,11006.5,10935.45,11193.95,-0.00213,10957.1
20-Jul-18,10.13,50.45,2801.83,11030.25,10946.2,11198.03,0.00483,11010.2
23-Jul-18,10.15,50.43,2806.98,11093.4,11010.95,11248.7,0.00675,11084.75
24-Jul-18,10.15,50.55,2820.4,11143.4,11092.5,11328.9,0.00446,11134.3
25-Jul-18,10.11,50.59,2846.07,11157.15,11113.25,11347.5,-0.00021,11132
26-Jul-18,10.07,50.35,2837.44,11185.85,11125.7,11373.2,0.00317,11167.3
27-Jul-18,10.07,50.37,2818.82,11283.4,11210.25,11407.43,0.0099,11278.35
30-Jul-18,10.05,50.39,2802.6,11328.1,11261.45,11481.2,0.00365,11319.55
31-Jul-18,10.02,50.28,2816.29,11366,11267.75,11513.98,0.00326,11356.5
01-Aug-18,10.03,50.19,2813.36,11390.55,11313.55,11533.38,-0.00091,11346.2
02-Aug-18,10.03,50.14,2827.22,11328.9,11234.95,11466.88,-0.00899,11244.7
03-Aug-18,10.04,50.16,2840.35,11368,11294.55,11511.1,0.01027,11360.8
06-Aug-18,10.05,50.31,2850.4,11427.65,11370.6,11486.58,0.00231,11387.1
07-Aug-18,10.04,50.3,2858.45,11428.95,11359.7,11451.18,0.00021,11389.45
08-Aug-18,10.08,50.4,2857.7,11459.95,11379.3,11470.78,0.0053,11450
09-Aug-18,10.06,50.27,2853.58,11495.2,11454.1,11528.55,0.00181,11470.7
10-Aug-18,10.16,50.16,2833.28,11478.75,11419.65,11496.33,-0.0036,11429.5
13-Aug-18,10.16,50.9,2821.93,11406.3,11340.3,11409.85,-0.00647,11355.75
14-Aug-18,10.08,50.77,2839.96,11452.45,11370.8,11375.78,0.00696,11435.1
16-Aug-18,10.19,50.94,2840.69,11449.85,11366.25,11444.75,-0.00439,11385.05
17-Aug-18,10.18,51.13,2850.13,11486.45,11431.8,11421.63,0.0075,11470.75
20-Aug-18,10.2,51,2857.05,11565.3,11499.65,11415.85,0.00704,11551.75
21-Aug-18,10.21,51.15,2862.96,11581.75,11539.6,11443.2,0.00166,11570.9
23-Aug-18,10.28,51.02,2856.98,11620.7,11546.7,11346.13,0.00102,11582.75
24-Aug-18,10.29,51.24,2874.69,11604.6,11532,11310.73,-0.00222,11557.1
27-Aug-18,10.3,51.5,2896.74,11700.95,11595.6,11314.85,0.0116,11691.95
28-Aug-18,10.34,51.39,2897.52,11760.2,11710.5,11125.58,0.00397,11738.5
29-Aug-18,10.34,51.69,2914.04,11753.2,11678.85,11038.23,-0.00398,11691.9
30-Aug-18,10.39,51.73,2901.13,11698.8,11639.7,11061.03,-0.00129,11676.8
31-Aug-18,10.44,51.74,2901.52,11727.65,11640.1,10988.03,0.00032,11680.5
04-Sep-18,10.51,52.02,2896.72,11602.55,11496.85,11011.58,-0.01381,11520.3
05-Sep-18,10.53,52.15,2888.6,11542.65,11393.85,10999.38,-0.00377,11476.95
06-Sep-18,10.49,52.35,2878.05,11562.25,11436.05,10908.08,0.00521,11536.9
07-Sep-18,10.57,52.07,2871.68,11603,11484.4,10946.48,0.00451,11589.1
10-Sep-18,10.57,52.55,2877.13,11573,11427.3,10824.7,-0.01312,11438.1
11-Sep-18,10.52,52.81,2887.89,11479.4,11274,10782.33,-0.01325,11287.5
12-Sep-18,10.52,52.59,2888.92,11380.75,11250.2,10708.4,0.00727,11369.9
14-Sep-18,10.58,52.31,2904.98,11523.25,11430.55,10779.7,0.0127,11515.2
18-Sep-18,10.57,53.04,2904.31,11411.45,11268.95,10772.13,-0.02073,11278.9
19-Sep-18,10.52,52.85,2907.95,11332.05,11210.9,10748,-0.00396,11234.35
21-Sep-18,10.6,52.95,2929.67,11346.8,10866.45,10631.23,-0.00816,11143.1
26-Sep-18,10.53,53.16,2905.97,11145.55,10993.05,10717.48,-0.00805,11053.8
27-Sep-18,10.56,53.05,2914,11089.45,10953.35,10780.15,-0.00692,10977.55
28-Sep-18,10.62,53.06,2913.98,11034.1,10850.3,10704.55,-0.0043,10930.45
05-Oct-18,10.69,53.35,2885.57,10540.65,10261.9,10439.18,-0.05781,10316.45
09-Oct-18,10.72,53.78,2880.34,10397.6,10279.35,10449.45,-0.00149,10301.05
10-Oct-18,10.75,53.67,2785.68,10482.35,10318.25,10481.88,0.01532,10460.1
11-Oct-18,10.63,53.8,2728.37,10335.95,10138.6,10367.43,-0.02179,10234.65
15-Oct-18,10.63,53.58,2750.79,10526.3,10410.15,10530.88,0.02679,10512.5
16-Oct-18,10.62,53.43,2809.92,10604.9,10525.3,10585.9,0.00685,10584.75
19-Oct-18,10.59,53.26,2767.78,10380.1,10249.6,10472.38,-0.02693,10303.55
22-Oct-18,10.6,53.3,2755.88,10408.55,10224,10499.35,-0.00567,10245.25
23-Oct-18,10.55,53.36,2740.69,10222.1,10102.35,10421.6,-0.00966,10146.8
24-Oct-18,10.54,53.03,2656.1,10290.65,10126.7,10399,0.00765,10224.75
25-Oct-18,10.58,53.03,2705.57,10166.6,10079.3,10358.55,-0.00981,10124.9
26-Oct-18,10.54,53.23,2658.69,10128.85,10004.55,10349.85,-0.00942,10030
29-Oct-18,10.58,53.05,2641.25,10275.3,10020.35,10389.08,0.02178,10250.85
30-Oct-18,10.6,53.2,2682.63,10285.1,10175.35,10529.2,-0.00513,10198.4
31-Oct-18,10.61,53.38,2711.74,10396,10105.1,10513.78,0.01829,10386.6
01-Nov-18,10.51,53.37,2740.37,10441.9,10341.9,10641.55,-0.00059,10380.45
02-Nov-18,10.55,52.69,2723.06,10606.95,10457.7,10674.33,0.01649,10553
05-Nov-18,10.54,53.15,2738.31,10558.8,10477,10599.83,-0.00275,10524
07-Nov-18,10.44,52.81,2813.89,10616.45,10582.3,10643.43,0.00704,10598.4
09-Nov-18,10.46,52.55,2781.01,10619.55,10544.85,10551.85,-0.00125,10585.2
12-Nov-18,10.44,52.63,2726.22,10645.5,10464.05,10515.6,-0.00978,10482.2
13-Nov-18,10.4,52.65,2722.18,10596.25,10440.55,10596.38,0.00952,10582.5
14-Nov-18,10.36,52.43,2701.58,10651.6,10532.7,10685.65,-0.00059,10576.3
15-Nov-18,10.37,52.31,2730.2,10646.5,10557.5,10686.63,0.00381,10616.7
16-Nov-18,10.32,52.45,2736.27,10695.15,10631.15,10765.75,0.00615,10682.2
19-Nov-18,10.28,52.21,2690.73,10774.7,10688.8,10802.1,0.00757,10763.4
20-Nov-18,10.29,51.96,2641.89,10740.85,10640.85,10813,-0.01001,10656.2
21-Nov-18,10.2,51.95,2649.93,10671.3,10562.35,10762.45,-0.00528,10600.05
26-Nov-18,10.18,51.49,2673.45,10637.8,10489.75,10726.7,0.00269,10628.6
27-Nov-18,10.16,51.38,2682.17,10695.15,10596.35,10689.33,0.00535,10685.6
28-Nov-18,10.05,51.46,2743.79,10757.8,10699.85,10723.68,0.00404,10728.85
29-Nov-18,10.01,50.92,2737.8,10883.05,10782.35,10808.28,0.01203,10858.7
30-Nov-18,10.23,50.76,2760.17,10922.45,10835.1,10864.35,0.00166,10876.75
03-Dec-18,10.32,51.52,2790.37,10941.2,10845.35,10884.45,0.00064,10883.75
04-Dec-18,10.29,51.66,2700.06,10890.95,10833.35,10878.48,-0.00131,10869.5
06-Dec-18,10.31,51.74,2695.95,10722.65,10588.25,10741.8,-0.025,10601.15
07-Dec-18,10.49,51.72,2633.08,10704.55,10599.35,10706.7,0.00869,10693.7
10-Dec-18,10.48,52.76,2637.72,10558.85,10474.95,10608,-0.01938,10488.45
11-Dec-18,10.44,52.63,2636.78,10567.15,10333.85,10584.9,0.00577,10549.15
12-Dec-18,10.39,52.35,2651.07,10752.2,10560.8,10689.63,0.01771,10737.6
13-Dec-18,10.41,52.16,2650.54,10838.6,10749.5,10809.95,0.00501,10791.55
14-Dec-18,10.38,52.23,2599.95,10815.75,10752.1,10805.73,0.00129,10805.45
17-Dec-18,10.24,52.16,2545.94,10900.35,10844.85,10847.5,0.00764,10888.35
18-Dec-18,10.2,51.54,2546.16,10915.4,10819.1,10813.55,0.00187,10908.7
19-Dec-18,10.16,51.21,2506.96,10985.15,10928,10912.48,0.00536,10967.3
20-Dec-18,10.16,51.05,2467.42,10962.55,10880.05,10904.1,-0.00142,10951.7
21-Dec-18,10.16,51.05,2416.62,10963.65,10738.65,10834.65,-0.01822,10754
27-Dec-18,10.17,51.33,2488.83,10834.2,10764.45,10857.13,0.00464,10779.8
28-Dec-18,10.11,51.18,2485.74,10893.6,10817.15,10880.98,0.0074,10859.9
04-Jan-19,10.19,51.17,2531.94,10741.05,10628.65,10669.43,0.00515,10727.35
07-Jan-19,10.23,51.46,2549.69,10835.95,10750.15,10794.1,0.00414,10771.8
08-Jan-19,10.35,51.64,2574.41,10818.45,10733.25,10858.35,0.00281,10802.15
09-Jan-19,10.37,52.14,2584.96,10870.4,10749.4,10830.15,0.00489,10855.15
10-Jan-19,10.41,52.07,2596.64,10859.35,10801.8,10846.73,-0.0031,10821.6
11-Jan-19,10.46,52.02,2596.26,10850.15,10739.4,10766.05,-0.00247,10794.95
15-Jan-19,10.51,52.41,2610.3,10896.95,10777.55,10768.73,0.0138,10886.8
16-Jan-19,10.48,52.38,2616.1,10928.15,10876.9,10799.88,0.00032,10890.3
17-Jan-19,10.5,52.42,2635.96,10930.65,10844.65,10798.68,0.00137,10905.2
18-Jan-19,10.47,52.41,2670.71,10928.2,10852.2,10830.53,0.00016,10906.95
22-Jan-19,10.48,52.41,2632.9,10949.8,10864.15,10875.63,-0.00357,10922.75
23-Jan-19,10.46,52.39,2638.7,10944.8,10811.95,10850.35,-0.00839,10831.5
24-Jan-19,10.51,52.17,2642.33,10866.6,10798.65,10869.18,0.00169,10849.8
25-Jan-19,10.54,52.37,2664.76,10931.7,10756.45,10811.08,-0.0064,10780.55
28-Jan-19,10.6,52.54,2643.85,10804.45,10630.95,10754.43,-0.0111,10661.55
29-Jan-19,10.61,52.8,2640,10690.35,10583.65,10789.28,-0.00088,10652.2
30-Jan-19,10.59,52.87,2681.05,10710.2,10612.85,10837.58,-0.00004,10651.8
31-Jan-19,10.59,52.74,2704.1,10838.05,10678.55,10883.8,0.01668,10830.95
01-Feb-19,10.63,52.91,2706.53,10983.45,10813.45,10931.23,0.00577,10893.65
12-Feb-19,10.48,52.01,2744.73,10910.9,10823.8,11002.35,-0.00573,10831.4
13-Feb-19,10.49,52.13,2753.03,10891.65,10772.1,11046.25,-0.00349,10793.65
14-Feb-19,10.53,52.3,2745.73,10792.7,10718.75,11035.53,-0.00442,10746.05
15-Feb-19,10.55,52.57,2775.6,10785.75,10620.4,11001.93,-0.00202,10724.4
18-Feb-19,10.55,52.62,2779.76,10759.9,10628.4,11057.7,-0.00781,10640.95
19-Feb-19,10.57,52.7,2784.7,10722.85,10585.65,11057.9,-0.00345,10604.35
20-Feb-19,10.59,52.53,2774.88,10752.7,10646.4,11095.13,0.01229,10735.45
21-Feb-19,10.58,52.57,2792.67,10808.85,10721.5,11138.8,0.00505,10789.85
22-Feb-19,10.59,52.57,2796.11,10801.55,10758.4,11165.6,0.00017,10791.65
25-Feb-19,10.6,52.48,2793.9,10887.1,10788.05,11091.85,0.00816,10880.1
26-Feb-19,10.65,52.72,2792.38,10888.75,10729.3,11113.03,-0.00413,10835.3
27-Feb-19,10.58,52.8,2784.49,10939.7,10751.2,11148.7,-0.00265,10806.65
28-Feb-19,10.59,52.4,2803.69,10865.7,10784.85,11186.68,-0.00131,10792.5
01-Mar-19,10.57,52.39,2792.81,10877.9,10823.1,11226.73,0.00656,10863.5
05-Mar-19,10.44,52,2789.65,10994.9,10817,11277.55,0.01135,10987.45
06-Mar-19,10.44,51.63,2771.45,11062.3,10998.85,11364.1,0.00595,11053
07-Mar-19,10.42,51.52,2748.93,11089.05,11027.1,11394.05,0.00047,11058.2
08-Mar-19,10.38,51.52,2743.07,11049,11008.95,11335.75,-0.00206,11035.4
11-Mar-19,10.38,51.44,2783.3,11180.9,11059.85,11385.08,0.01195,11168.05
12-Mar-19,10.37,51.35,2791.52,11320.4,11227,11455.45,0.01185,11301.2
13-Mar-19,10.32,51.41,2810.92,11352.3,11276.6,11478.33,0.00358,11341.7
14-Mar-19,10.27,51.16,2808.48,11383.45,11313.75,11460.23,0.00014,11343.25
15-Mar-19,10.22,50.99,2822.48,11487,11370.8,11514.08,0.00734,11426.85
18-Mar-19,10.28,50.79,2832.94,11530.15,11412.5,11558.55,0.00309,11462.2
19-Mar-19,10.28,51.08,2832.57,11543.85,11451.25,11631.1,0.00611,11532.4
20-Mar-19,10.27,51.07,2824.23,11556.1,11503.1,11679.63,-0.00098,11521.05
22-Mar-19,10.27,51.14,2800.71,11572.8,11434.55,11540.25,-0.00558,11456.9
25-Mar-19,10.27,51.03,2798.36,11395.65,11311.6,11526.23,-0.009,11354.25
26-Mar-19,10.27,51.02,2818.46,11496.75,11352.45,11574.6,0.0113,11483.25
27-Mar-19,10.27,50.98,2805.37,11546.2,11413,11587.95,-0.00333,11445.05
28-Mar-19,10.31,51.01,2815.44,11588.5,11452.45,11554.75,0.01086,11570
29-Mar-19,10.31,51.03,2834.4,11630.35,11570.15,11524.63,0.00465,11623.9
01-Apr-19,10.25,51.09,2867.19,11738.1,11644.75,11501.18,0.00389,11669.15
02-Apr-19,10.2,50.86,2867.24,11729.35,11655.85,11500.83,0.00377,11713.2
03-Apr-19,10.27,50.57,2873.4,11761,11629.15,11461.95,-0.00593,11643.95
04-Apr-19,10.29,50.91,2879.39,11662.55,11559.2,11423,-0.00395,11598
08-Apr-19,10.32,51.35,2895.77,11710.3,11549.1,11415.33,0.00056,11604.5
09-Apr-19,10.3,51.19,2878.2,11683.9,11569.7,11497.93,0.0058,11671.95
10-Apr-19,10.27,51.15,2888.21,11680.05,11571.75,11708.48,-0.00754,11584.3
11-Apr-19,10.32,50.89,2888.32,11606.7,11550.55,11717.05,0.00107,11596.7
12-Apr-19,10.34,51.14,2907.41,11657.35,11578.8,11681.8,0.00402,11643.45
15-Apr-19,10.36,51.29,2905.58,11704.6,11648.25,11844.7,0.00402,11690.35
16-Apr-19,10.38,51.33,2907.06,11810.95,11731.55,11795.28,0.00825,11787.15
18-Apr-19,10.34,51.33,2905.03,11856.15,11738.5,11848.53,-0.00292,11752.8
23-Apr-19,10.41,51.42,2933.68,11645.95,11564.8,11748.35,-0.01516,11575.95
24-Apr-19,10.41,51.37,2927.25,11740.85,11578.85,11773.7,0.01289,11726.15
25-Apr-19,10.38,51.48,2926.17,11796.75,11624.3,11831.78,-0.00722,11641.8
26-Apr-19,10.37,51.28,2939.88,11762.9,11661.75,11882.4,0.00965,11754.65
07-May-19,10.28,51.1,2884.05,11657.05,11484.45,11789.83,-0.02208,11497.9
08-May-19,10.28,51.17,2879.42,11479.1,11346.95,11693.38,-0.01211,11359.45
09-May-19,10.26,51.45,2870.72,11357.6,11255.05,11615.05,-0.00509,11301.8
10-May-19,10.26,51.37,2881.4,11345.8,11251.05,11625.7,-0.00203,11278.9
14-May-19,10.22,51.38,2834.41,11294.75,11108.3,11535.38,-0.00505,11222.05
15-May-19,10.19,51.34,2850.96,11286.8,11136.95,11534.15,-0.00581,11157
16-May-19,10.16,51.09,2876.32,11281.55,11143.35,11527.6,0.00893,11257.1
17-May-19,10.07,51.02,2859.53,11426.15,11259.85,11551.95,0.01324,11407.15
20-May-19,10.09,50.57,2840.23,11845.2,11591.7,11659.45,0.03625,11828.25
21-May-19,10.08,50.58,2864.36,11883.55,11682.8,11742.65,-0.01012,11709.1
22-May-19,10.08,50.5,2856.27,11784.8,11682.4,11762.95,0.00246,11737.9
23-May-19,10.05,50.5,2822.24,12041.15,11614.5,11721.23,-0.00691,11657.05
24-May-19,10.08,50.44,2826.06,11859,11658.1,11706.05,0.01592,11844.1
28-May-19,10.1,50.46,2802.39,11958.55,11864.9,11839.65,0.00712,11928.75
29-May-19,10.12,50.57,2783.02,11931.9,11836.8,11854.33,-0.00569,11861.1
30-May-19,10.08,50.64,2788.86,11968.55,11859.4,11885.28,0.00712,11945.9
31-May-19,10.02,50.65,2752.06,12039.25,11829.45,11850.58,-0.00194,11922.8
03-Jun-19,10.03,50.61,2744.45,12103.05,11920.1,11918.78,0.01381,12088.55
04-Jun-19,10.04,50.72,2803.27,12095.2,12005.85,11975.53,-0.00555,12021.65
06-Jun-19,10.04,50.7,2843.49,12039.8,11830.25,11906,-0.01491,11843.75
10-Jun-19,10.04,50.9,2886.73,11975.05,11871.75,11821.83,0.00664,11922.7
11-Jun-19,10.03,50.87,2885.72,12000.35,11904.35,11743.45,0.00359,11965.6
12-Jun-19,10.05,50.76,2879.84,11962.45,11866.35,11730.03,-0.00498,11906.2
13-Jun-19,10.08,50.87,2891.64,11931.35,11817.05,11708.03,0.00066,11914.05
14-Jun-19,10.09,50.93,2886.98,11911.85,11797.7,11718.63,-0.00765,11823.3
17-Jun-19,10.08,50.95,2889.67,11844.05,11657.75,11638.08,-0.01287,11672.15
18-Jun-19,10.09,50.93,2917.75,11727.2,11641.15,11655.6,0.00166,11691.5
19-Jun-19,10.15,51.1,2926.46,11802.5,11625.1,11665.88,0,11691.45
20-Jun-19,10.13,51.26,2954.18,11843.5,11635.05,11656.1,0.01193,11831.75
21-Jun-19,10.07,51.37,2950.46,11827.95,11705.1,11551.63,-0.00914,11724.1
24-Jun-19,10.08,51.18,2945.35,11754,11670.2,11534.18,-0.00209,11699.65
25-Jun-19,10.06,51.18,2917.38,11814.4,11651,11505.38,0.00824,11796.45
26-Jun-19,10.05,51.11,2913.78,11871.85,11757.55,11559.48,0.00432,11847.55
27-Jun-19,10.04,51.05,2924.92,11911.15,11821.05,11564.33,-0.00051,11841.55
28-Jun-19,10.05,50.97,2941.76,11871.7,11775.5,11543.23,-0.00446,11788.85
02-Jul-19,10,50.8,2973.01,11917.45,11814.7,11541.08,0.01025,11910.3
03-Jul-19,9.97,50.74,2995.82,11945.2,11887.05,11481.9,0.00054,11916.75
05-Jul-19,9.96,50.34,2990.41,11981.75,11797.9,11439.03,-0.0089,11811.15
08-Jul-19,9.95,50.42,2975.95,11771.9,11523.3,11209.55,-0.02161,11558.6
09-Jul-19,9.96,50.34,2979.63,11582.55,11461,11239.78,-0.00023,11555.9
10-Jul-19,9.96,50.37,2993.07,11593.7,11475.65,11225.65,-0.00494,11498.9
11-Jul-19,9.96,50.41,2999.91,11599,11519.5,11288.78,0.00728,11582.9
12-Jul-19,9.97,50.49,3013.77,11639.55,11538.6,11360.03,-0.00263,11552.5
15-Jul-19,9.98,50.54,3014.3,11618.4,11532.3,11339.1,0.0031,11588.35
16-Jul-19,10.02,50.53,3004.04,11670.05,11573.95,11326.05,0.00639,11662.6
17-Jul-19,10.01,50.58,2984.42,11706.65,11651.15,11359.9,0.00213,11687.5
18-Jul-19,10.01,50.75,2995.11,11677.15,11582.4,11364.65,-0.00778,11596.9
22-Jul-19,10.04,50.65,2985.03,11398.15,11301.25,11188.78,-0.02185,11346.2
23-Jul-19,10.04,50.56,3005.47,11398.15,11302.8,11168.5,-0.00134,11331.05
24-Jul-19,10.05,50.55,3019.56,11359.75,11229.8,11069.03,-0.00529,11271.3
25-Jul-19,10.01,50.49,3003.67,11361.4,11239.35,11050.95,-0.0017,11252.15
26-Jul-19,9.97,50.28,3025.86,11307.6,11210.05,11175.9,0.00285,11284.3
29-Jul-19,10,50.18,3020.97,11310.95,11152.4,11141.03,-0.00846,11189.2
30-Jul-19,10,50.26,3013.18,11267.45,11072.65,11046.88,-0.00932,11085.4
01-Aug-19,10.04,50.12,2980.38,11076.75,10881,10961.8,-0.00955,10980
02-Aug-19,10.04,50.62,2953.56,11080.15,10848.95,10908.23,0.00158,10997.35
05-Aug-19,10.11,51.15,2844.74,10895.8,10782.6,10820.68,-0.01233,10862.6
06-Aug-19,10.08,51.42,2881.77,11018.55,10813.8,10866.95,0.00785,10948.25
07-Aug-19,10,51.46,2883.98,10975.65,10835.9,10896.48,-0.00851,10855.5
08-Aug-19,10.04,50.96,2938.09,11058.05,10842.95,10935.9,0.01617,11032.45
09-Aug-19,10.1,51.19,2918.65,11181.45,11062.8,11058.8,0.00697,11109.65
13-Aug-19,10.15,51.63,2926.32,11145.9,10901.6,10991.68,-0.01668,10925.85
14-Aug-19,10.21,51.28,2840.6,11078.15,10935.6,10967.85,0.00943,11029.4
16-Aug-19,10.13,51.39,2888.68,11068.65,10924.3,10904.73,0.00167,11047.8
19-Aug-19,10.13,51.53,2923.65,11146.9,11037.85,10941.53,0.00055,11053.9
20-Aug-19,10.11,51.66,2900.51,11076.3,10985.3,11320.18,-0.00334,11017
21-Aug-19,10.15,51.61,2924.43,11034.2,10906.65,11235.8,-0.00896,10918.7
22-Aug-19,10.08,51.91,2922.95,10908.25,10718.3,11164.58,-0.01638,10741.35
23-Aug-19,10.07,51.56,2847.11,10862.55,10637.15,11115.38,0.00816,10829.35
27-Aug-19,10.02,51.49,2869.16,11141.75,11049.5,11278.88,0.02517,11105.35
28-Aug-19,10.03,51.72,2887.94,11129.65,10987.65,11270.93,-0.00535,11046.1
29-Aug-19,9.98,51.66,2924.58,11021.1,10922.4,11146.4,-0.00889,10948.3
30-Aug-19,10.03,51.51,2926.46,11042.6,10874.8,11137.55,0.00682,11023.25
03-Sep-19,10.07,51.9,2906.27,10967.5,10772.7,11003.28,-0.02066,10797.9
04-Sep-19,10.06,52,2937.78,10858.75,10746.35,11033.98,0.00432,10844.65
05-Sep-19,10.07,51.98,2976,10920.1,10816,11054.68,0.0003,10847.9
06-Sep-19,10.08,51.87,2978.71,10957.05,10867.45,11115.18,0.00902,10946.2
09-Sep-19,10.11,52.03,2978.43,11028.85,10889.8,11155.13,0.00518,11003.05
11-Sep-19,10.02,51.9,3000.93,11054.8,11011.65,11237,0.00296,11035.7
12-Sep-19,10.03,51.61,3009.57,11081.75,10964.95,11223,-0.00481,10982.8
17-Sep-19,10.04,52.03,3005.7,11000.1,10796.5,11197.8,-0.01516,10817.6
18-Sep-19,10.06,51.7,3006.73,10885.15,10804.85,11244.78,0.00213,10840.65
19-Sep-19,10.02,51.77,3006.79,10845.2,10670.25,11160.93,-0.01261,10704.8
24-Sep-19,9.95,51.58,2966.6,11655.05,11539.2,11609.4,0.0793,11588.2
25-Sep-19,9.95,51.48,2984.87,11564.95,11416.1,11531.5,-0.01285,11440.2
26-Sep-19,9.9,51.34,2977.62,11610.85,11466.35,11637.88,0.01139,11571.2
27-Sep-19,9.88,51.03,2961.79,11593.6,11499.75,11691.85,-0.00509,11512.4
30-Sep-19,9.95,51.12,2976.74,11508.25,11390.8,11667.9,-0.0033,11474.45
09-Oct-19,9.98,51.51,2919.4,11321.6,11090.15,11511.4,0.01666,11313.3
10-Oct-19,10.01,51.63,2938.13,11293.35,11208.55,11577.68,-0.00699,11234.55
11-Oct-19,10.08,51.67,2970.27,11362.9,11189.4,11542.53,0.00626,11305.05
15-Oct-19,10.06,52.16,2995.68,11462.35,11342.1,11644.15,0.00766,11428.3
16-Oct-19,10.05,52.09,2989.69,11481.05,11411.1,11684.98,0.00312,11464
17-Oct-19,10.04,52.12,2997.95,11599.1,11439.65,11739.13,0.01062,11586.35
18-Oct-19,10.02,52.11,2986.2,11684.7,11553.15,11790.68,0.0065,11661.85
23-Oct-19,10.04,51.92,3004.52,11651.6,11554.4,11761.25,-0.00496,11604.1
24-Oct-19,10.02,52.04,3010.29,11679.6,11534.65,11809.58,-0.00185,11582.6
25-Oct-19,10.01,51.95,3022.55,11646.9,11490.75,11811.6,0.00011,11583.9
29-Oct-19,10.06,52.04,3036.89,11809.4,11627.35,11871.13,0.01737,11786.85
30-Oct-19,10.08,52.09,3046.77,11883.95,11784.45,11971.63,0.00485,11844.1
31-Oct-19,10.05,52.18,3037.56,11945,11855.1,12001.25,0.00281,11877.45
05-Nov-19,10.15,52.1,3074.62,11978.95,11861.9,11999.53,0.00334,11917.2
06-Nov-19,10.18,52.21,3076.78,12002.9,11850.25,11927.88,0.00409,11966.05
07-Nov-19,10.2,52.34,3085.18,12021.4,11946.85,12022.85,0.00384,12012.05
08-Nov-19,10.21,52.49,3093.08,12034.15,11888.75,12011.7,-0.00869,11908.15
11-Nov-19,10.24,52.59,3087.01,11932.65,11853.95,5926.98,0.00044,11913.45
13-Nov-19,10.25,52.94,3094.04,11946.8,11823.2,5911.6,-0.00615,11840.45
14-Nov-19,10.22,52.84,3096.63,11895.65,11802.65,5901.33,0.00267,11872.1
15-Nov-19,10.24,52.66,3120.46,11973.65,11879.25,5939.63,0.00196,11895.45
18-Nov-19,10.22,52.88,3122.03,11946.2,11867.6,5933.8,-0.00092,11884.5
19-Nov-19,10.2,52.78,3120.18,11958.85,11881.75,5940.88,0.00467,11940.1
20-Nov-19,10.21,52.67,3108.46,12038.6,11966.05,5983.03,0.00493,11999.1
21-Nov-19,10.2,52.64,3103.54,12028.2,11956.9,5978.45,-0.00256,11968.4
22-Nov-19,10.19,52.62,3110.29,11968.1,11883.5,5941.75,-0.00452,11914.4
25-Nov-19,10.16,52.53,3133.64,12084.5,11919.75,5959.88,0.01329,12073.75
26-Nov-19,10.14,52.4,3140.52,12132.45,12006.35,6003.18,-0.00299,12037.7
27-Nov-19,10.16,52.2,3153.63,12114.9,12055.15,6027.58,0.00522,12100.7
28-Nov-19,10.2,52.35,3140.98,12158.8,12099.95,6049.98,0.00416,12151.15
29-Nov-19,10.18,52.46,3113.87,12147.4,12017.4,6008.7,-0.00786,12056.05
02-Dec-19,10.16,52.44,3093.2,12137.15,12023.7,6011.85,-0.00065,12048.2
12-Dec-19,10.13,52.1,3168.57,12005.5,11934,5967,-0.00636,11971.8
13-Dec-19,10.14,52.29,3168.8,12098.85,12023.6,6011.8,0.00955,12086.7
16-Dec-19,10.15,52.35,3191.45,12134.65,12046.3,6023.15,-0.00271,12053.95
