Date,SPF,Maxc,Avgc,Close
02-Nov-15,2104.05,8060.7,7987.45,8050.8
04-Nov-15,2102.31,8116.1,7969.8,8040.2
05-Nov-15,2099.93,8031.2,7882.75,7955.45
06-Nov-15,2099.2,8002.65,7875.78,7954.3
09-Nov-15,2078.58,7937.75,7771.48,7915.2
10-Nov-15,2081.72,7885.1,7737.85,7783.35
11-Nov-15,2075,7847.95,7755.53,7825
13-Nov-15,2023.04,7775.1,7716.98,7762.25
16-Nov-15,2053.19,7838.85,7689.05,7806.6
17-Nov-15,2050.44,7860.45,7749,7837.55
18-Nov-15,2083.58,7843.4,7750.83,7731.8
19-Nov-15,2081.24,7854.9,7809.18,7842.75
20-Nov-15,2089.17,7906.95,7826.98,7856.55
23-Nov-15,2086.59,7877.5,7832.98,7849.25
24-Nov-15,2089.14,7870.35,7829.48,7831.6
27-Nov-15,2090.11,7959.3,7875.45,7942.7
30-Nov-15,2080.41,7966,7932.48,7935.25
01-Dec-15,2102.63,7972.15,7939.45,7954.9
02-Dec-15,2079.51,7979.3,7924.18,7931.35
03-Dec-15,2049.62,7912.3,7842.25,7864.15
04-Dec-15,2091.69,7821.4,7788.33,7781.9
07-Dec-15,2077.07,7825.4,7710.5,7765.4
08-Dec-15,2063.59,7771.25,7659.78,7701.7
09-Dec-15,2047.62,7702.85,7597.6,7612.5
10-Dec-15,2052.23,7691.95,7600.48,7683.3
11-Dec-15,2012.37,7703.05,7590.05,7610.45
14-Dec-15,2021.94,7663.95,7506.9,7650.05
15-Dec-15,2043.41,7705,7548,7700.9
16-Dec-15,2073.07,7776.6,7557.23,7750.9
17-Dec-15,2041.89,7852.9,7585.48,7844.35
18-Dec-15,2005.55,7836.15,7620.25,7761.95
21-Dec-15,2021.15,7840.75,7605.68,7834.45
22-Dec-15,2038.97,7846.3,7622.85,7786.1
23-Dec-15,2064.29,7871.45,7700.88,7865.95
29-Dec-15,2078.36,7942.15,7751.6,7928.95
30-Dec-15,2063.36,7944.75,7733.08,7896.25
04-Jan-16,2012.66,7937.55,7600.25,7791.3
05-Jan-16,2016.71,7831.2,7610.15,7784.65
06-Jan-16,1990.26,7800.95,7612.18,7741
07-Jan-16,1943.09,7674.95,7380.63,7568.3
08-Jan-16,1922.03,7634.1,7352.38,7601.35
12-Jan-16,1938.68,7588.3,7351.45,7510.3
13-Jan-16,1890.28,7590.95,7326.33,7562.4
14-Jan-16,1921.84,7604.8,7348.1,7536.8
19-Jan-16,1881.33,7462.75,7302.93,7435.1
20-Jan-16,1859.33,7470.9,7166.15,7309.3
21-Jan-16,1868.99,7398.7,7142.1,7276.8
22-Jan-16,1906.9,7433.4,7190.25,7422.45
25-Jan-16,1877.08,7487.15,7257.9,7436.15
27-Jan-16,1882.95,7477.9,7327.6,7437.75
28-Jan-16,1893.36,7468.85,7394.98,7424.65
29-Jan-16,1940.24,7575.65,7443.38,7563.55
01-Feb-16,1939.38,7600.45,7523.58,7555.95
02-Feb-16,1903.03,7576.3,7477.6,7455.55
03-Feb-16,1912.53,7419.4,7444.65,7361.8
04-Feb-16,1915.45,7457.05,7456.53,7404
05-Feb-16,1880.05,7503.15,7475.3,7489.1
16-Feb-16,1895.58,7204.65,7310.7,7048.25
17-Feb-16,1926.82,7123.7,7252.93,7108.45
18-Feb-16,1917.83,7215.1,7317.93,7191.75
19-Feb-16,1917.78,7226.85,7365.63,7210.75
22-Feb-16,1945.5,7252.4,7407.15,7234.55
23-Feb-16,1921.27,7241.7,7409.45,7109.55
24-Feb-16,1929.8,7090.8,7368.3,7018.7
25-Feb-16,1951.7,7034.2,7307.15,6970.6
26-Feb-16,1948.05,7052.9,7363.53,7029.75
29-Feb-16,1932.23,7094.6,7301.7,6987.05
01-Mar-16,1978.35,7235.5,7387.63,7222.3
02-Mar-16,1986.45,7380.35,7522.23,7368.85
03-Mar-16,1993.4,7483.95,7522.35,7475.6
04-Mar-16,1999.99,7505.9,7537.43,7485.35
08-Mar-16,1979.26,7527.15,7505.75,7485.3
09-Mar-16,1989.26,7539,7551.55,7531.8
10-Mar-16,1989.57,7547.1,7582.4,7486.15
11-Mar-16,2022.19,7543.95,7662.7,7510.2
14-Mar-16,2019.64,7583.7,7717.83,7538.75
15-Mar-16,2015.93,7545.2,7701.6,7460.6
16-Mar-16,2027.22,7508,7691.8,7498.75
17-Mar-16,2040.59,7585.3,7701.38,7512.55
18-Mar-16,2049.58,7613.6,7714.45,7604.35
22-Mar-16,2049.8,7728.2,7809.15,7714.9
23-Mar-16,2036.71,7726.85,7830.8,7716.5
29-Mar-16,2055.01,7652.9,7787.13,7597
30-Mar-16,2063.95,7741.95,7691.18,7735.2
31-Mar-16,2059.74,7777.6,7787.83,7738.4
01-Apr-16,2072.78,7740.15,7781.5,7713.05
05-Apr-16,2045.17,7736.3,7740.88,7603.2
06-Apr-16,2066.66,7638.65,7753.9,7614.35
07-Apr-16,2041.91,7630.75,7708.43,7546.45
08-Apr-16,2047.6,7569.35,7700.3,7555.2
11-Apr-16,2041.99,7678.8,7728.48,7671.4
12-Apr-16,2061.72,7717.4,7772.7,7708.95
13-Apr-16,2082.42,7864.8,7824.2,7850.45
18-Apr-16,2094.34,7920.6,7827.58,7914.7
20-Apr-16,2102.4,7950.4,7849.08,7914.75
21-Apr-16,2091.48,7978.45,7822.83,7912.05
22-Apr-16,2091.58,7923.35,7907.28,7899.3
25-Apr-16,2087.79,7911,7955,7855.05
26-Apr-16,2091.7,7974.5,7993.38,7962.65
27-Apr-16,2095.15,7991,8077.08,7979.9
28-Apr-16,2075.81,7992,8024.9,7847.25
06-May-16,2057.14,7738.9,7953.93,7733.45
09-May-16,2058.69,7873.65,8007.78,7866.05
10-May-16,2084.39,7896.9,8036.2,7887.8
11-May-16,2064.46,7893.1,8037.93,7848.85
12-May-16,2064.11,7916.05,8069.28,7900.4
13-May-16,2046.61,7881,7954.73,7814.9
16-May-16,2066.66,7873.9,7953.55,7860.75
17-May-16,2047.21,7940.1,8046.45,7890.75
18-May-16,2047.63,7882.05,7995.7,7870.15
19-May-16,2040.04,7876.2,7981.03,7783.4
20-May-16,2052.32,7812.4,7989.95,7749.7
23-May-16,2048.04,7820.6,7989.73,7731.05
24-May-16,2076.06,7761.55,7977.08,7748.85
25-May-16,2090.54,7941.2,8047.45,7934.9
26-May-16,2090.1,8083,8024.6,8069.65
27-May-16,2099.06,8164.2,8098.85,8156.65
31-May-16,2096.95,8213.6,8140.33,8160.1
01-Jun-16,2099.33,8215.35,8191.73,8179.95
02-Jun-16,2105.26,8229.5,8231.45,8218.95
03-Jun-16,2099.13,8262,8283.3,8220.8
06-Jun-16,2109.41,8234.7,8292.25,8201.05
07-Jun-16,2112.13,8294.95,8298.93,8266.45
08-Jun-16,2119.12,8288.9,8307,8273.05
13-Jun-16,2079.06,8125.25,8208.6,8110.6
14-Jun-16,2075.32,8134.95,8272.38,8108.85
15-Jun-16,2071.5,8213.2,8324.88,8206.6
16-Jun-16,2077.99,8180.65,8312.35,8140.75
17-Jun-16,2071.22,8195.25,8353.6,8170.2
20-Jun-16,2083.25,8244.15,8351.08,8238.5
21-Jun-16,2088.9,8257.25,8394.63,8219.9
22-Jun-16,2085.45,8238.35,8346.65,8203.7
23-Jun-16,2113.32,8285.6,8379.1,8270.45
24-Jun-16,2037.41,8100.7,8256.15,8088.6
27-Jun-16,2000.54,8120.65,8294.15,8094.7
28-Jun-16,2036.09,8146.35,8364,8127.85
29-Jun-16,2070.77,8212.4,8401.28,8204
30-Jun-16,2098.86,8308.15,8453.55,8287.75
01-Jul-16,2102.95,8356.75,8491.68,8328.35
04-Jul-16,2088.55,8398.45,8517.53,8370.7
05-Jul-16,2099.73,8381.45,8515.63,8335.95
07-Jul-16,2097.9,8361.95,8476.58,8337.9
08-Jul-16,2129.9,8353.3,8444.48,8323.2
11-Jul-16,2137.16,8475.25,8548.23,8467.9
12-Jul-16,2152.14,8526.6,8601.35,8521.05
13-Jul-16,2152.43,8550.25,8591.83,8519.5
14-Jul-16,2163.75,8571.4,8592.5,8565
15-Jul-16,2161.74,8594.8,8596.2,8541.4
18-Jul-16,2166.89,8587.1,8580.73,8508.7
19-Jul-16,2163.78,8540.05,8583.7,8528.55
20-Jul-16,2173.02,8569.9,8604.58,8565.85
21-Jul-16,2165.17,8585.25,8594.15,8510.1
22-Jul-16,2175.03,8548.95,8565.98,8541.2
25-Jul-16,2168.48,8641.15,8589.13,8635.65
26-Jul-16,2169.18,8644.9,8630.1,8590.65
27-Jul-16,2166.58,8665,8597.5,8615.8
28-Jul-16,2170.06,8674.7,8687.93,8666.3
29-Jul-16,2173.6,8670.35,8725.18,8638.5
01-Aug-16,2170.84,8711.3,8701.88,8636.55
03-Aug-16,2163.79,8635.45,8676.85,8544.85
04-Aug-16,2164.25,8601.4,8734.5,8551.1
05-Aug-16,2182.87,8689.4,8779.43,8683.15
08-Aug-16,2180.89,8723.5,8828.98,8711.35
10-Aug-16,2175.49,8690.1,8751.88,8575.3
12-Aug-16,2184.05,8684.3,8672.15,8672.15
16-Aug-16,2178.15,8682.35,8708.45,8642.55
17-Aug-16,2182.22,8667.1,8715.23,8624.05
18-Aug-16,2187.02,8690.7,8765.13,8673.25
19-Aug-16,2183.87,8696.6,8728.33,8666.9
22-Aug-16,2182.64,8684.85,8691.25,8629.15
23-Aug-16,2186.9,8642.15,8673.53,8632.6
24-Aug-16,2175.44,8661.05,8710.78,8650.3
25-Aug-16,2172.47,8683.05,8610.4,8592.2
26-Aug-16,2169.04,8622.95,8614.55,8572.55
30-Aug-16,2176.12,8750.6,8623.35,8744.35
31-Aug-16,2170.95,8819.2,8684.73,8786.2
01-Sep-16,2170.86,8813.25,8722.53,8774.65
02-Sep-16,2179.98,8824.1,8733.48,8809.65
06-Sep-16,2186.48,8950.85,8787.73,8943
07-Sep-16,2186.16,8968.7,8825.15,8917.95
08-Sep-16,2181.3,8960.35,8809.33,8952.5
09-Sep-16,2127.81,8939.15,8758,8866.7
14-Sep-16,2125.77,8739.85,8656.88,8726.6
20-Sep-16,2139.76,8816.45,8706.53,8775.9
21-Sep-16,2163.12,8826.85,8713.45,8777.15
23-Sep-16,2164.69,8885.2,8684.9,8831.55
26-Sep-16,2146.1,8809.55,8609.55,8723.05
27-Sep-16,2159.93,8768.5,8613.18,8706.4
28-Sep-16,2171.37,8767.05,8631.28,8745.15
29-Sep-16,2151.13,8800.65,8517.23,8591.25
30-Sep-16,2168.27,8637.15,8576.83,8611.15
13-Oct-16,2132.55,8681.55,8500.98,8573.35
14-Oct-16,2132.98,8604.45,8419.18,8583.4
17-Oct-16,2126.5,8615.4,8358.1,8520.4
18-Oct-16,2139.6,8685.1,8353.58,8677.9
19-Oct-16,2144.29,8698.75,8382.83,8659.1
20-Oct-16,2141.34,8727,8390.38,8699.4
24-Oct-16,2151.33,8736.95,8351.6,8708.95
25-Oct-16,2143.16,8722.65,8392.85,8691.3
26-Oct-16,2139.43,8657.3,8371.55,8615.25
27-Oct-16,2133.04,8624.85,8373.8,8615.25
28-Oct-16,2126.41,8653.75,8408,8638
01-Nov-16,2111.72,8669.6,8432.65,8626.25
02-Nov-16,2097.94,8549.5,8332.08,8514
04-Nov-16,2085.18,8504,8271.08,8433.75
07-Nov-16,2131.52,8535.85,8330.08,8497.05
08-Nov-16,2139.56,8559.4,8335.28,8543.55
09-Nov-16,2163.26,8476.2,8129.25,8432
10-Nov-16,2167.48,8598.45,8392.83,8525.75
11-Nov-16,2164.45,8460.6,8257.8,8296.3
15-Nov-16,2180.39,8288.55,8161.03,8108.45
16-Nov-16,2176.94,8210.05,8159.4,8111.6
17-Nov-16,2187.12,8151.25,8143.1,8079.95
18-Nov-16,2181.9,8128.95,8113.5,8074.1
21-Nov-16,2198.18,8102.45,8024.45,7929.1
22-Nov-16,2202.94,8019.05,8031.13,8002.3
25-Nov-16,2213.35,8122.25,8044.65,8114.3
28-Nov-16,2201.72,8146.5,8056.48,8126.9
29-Nov-16,2204.66,8197.35,8114.63,8142.15
30-Nov-16,2198.81,8234.25,8125.18,8224.5
01-Dec-16,2191.08,8250.8,8191.03,8192.9
02-Dec-16,2191.95,8159.3,8144.28,8086.8
05-Dec-16,2204.71,8141.9,8169.75,8128.75
06-Dec-16,2212.23,8178.7,8218.85,8143.15
07-Dec-16,2241.35,8190.45,8185.65,8102.05
08-Dec-16,2246.19,8256.25,8270.38,8246.85
09-Dec-16,2259.53,8274.95,8329.58,8261.75
12-Dec-16,2256.96,8230.65,8307.75,8170.8
13-Dec-16,2271.72,8228.85,8291.25,8221.8
14-Dec-16,2253.28,8229.4,8303,8182.45
15-Dec-16,2262.03,8225.9,8291.13,8153.6
16-Dec-16,2258.07,8178.7,8286.3,8139.45
19-Dec-16,2262.53,8132.5,8259.25,8104.35
20-Dec-16,2270.76,8124.1,8233.45,8082.4
21-Dec-16,2265.18,8112.55,8267.1,8061.3
22-Dec-16,2260.96,8046.45,8288.78,7979.1
28-Dec-16,2249.92,8100.55,8388.33,8034.85
29-Dec-16,2249.26,8111.1,8417.45,8103.6
30-Dec-16,2238.83,8197,8462.03,8185.8
04-Jan-17,2270.75,8218.5,8486.08,8190.5
05-Jan-17,2269,8282.65,8522.55,8273.8
06-Jan-17,2276.98,8306.85,8527.68,8243.8
10-Jan-17,2268.9,8293.8,8543.95,8288.6
11-Jan-17,2275.32,8389,8571.35,8380.65
12-Jan-17,2270.44,8417.2,8595.1,8407.2
13-Jan-17,2274.64,8461.05,8578.55,8400.35
16-Jan-17,2267.89,8426.7,8635.43,8412.8
17-Jan-17,2271.89,8440.9,8632.28,8398
18-Jan-17,2263.69,8460.3,8659.1,8417
19-Jan-17,2271.31,8445.15,8682.4,8435.1
20-Jan-17,2265.2,8423.65,8661.55,8349.35
23-Jan-17,2280.07,8404.15,8639.5,8391.5
24-Jan-17,2298.37,8480.95,8656.45,8475.8
25-Jan-17,2296.68,8612.6,8727.38,8602.75
03-Feb-17,2297.42,8748.25,8850.13,8740.95
06-Feb-17,2292.56,8814.1,8838.65,8801.05
07-Feb-17,2293.08,8809.3,8854.43,8768.3
08-Feb-17,2294.67,8791.25,8846.43,8769.05
09-Feb-17,2307.87,8821.4,8840.58,8778.4
10-Feb-17,2316.1,8822.1,8858.5,8793.55
13-Feb-17,2328.25,8826.9,8864.95,8805.05
14-Feb-17,2337.58,8820.45,8947.63,8792.3
15-Feb-17,2349.25,8807.9,8909.7,8724.7
16-Feb-17,2347.22,8783.95,8939.03,8778
17-Feb-17,2351.16,8896.45,9011.33,8821.7
21-Feb-17,2365.38,8920.8,9004.35,8907.85
22-Feb-17,2362.82,8960.75,8989.08,8926.9
23-Feb-17,2363.81,8982.15,9013.3,8939.5
27-Feb-17,2369.75,8951.8,9011.1,8896.7
28-Feb-17,2363.64,8914.75,8981.23,8879.6
01-Mar-17,2395.96,8960.8,9004.5,8945.8
02-Mar-17,2381.92,8992.5,9016.48,8899.75
03-Mar-17,2383.12,8907.1,9021.63,8897.55
06-Mar-17,2375.31,8967.8,9052.85,8963.45
07-Mar-17,2368.39,8977.85,9103.35,8946.9
08-Mar-17,2362.98,8957.05,9079.95,8924.3
09-Mar-17,2364.87,8945.8,9075,8927
10-Mar-17,2372.6,8975.7,9064.8,8934.55
14-Mar-17,2365.45,9122.75,9151.6,9087
15-Mar-17,2385.26,9106.55,9160.95,9084.8
16-Mar-17,2381.38,9158.45,9165.6,9153.7
17-Mar-17,2378.25,9218.4,9182.75,9160.05
21-Mar-17,2344.02,9147.75,9115.55,9121.5
22-Mar-17,2348.45,9072.9,9101.48,9030.45
23-Mar-17,2345.96,9099.05,9137,9086.3
24-Mar-17,2343.98,9133.55,9199.3,9108
27-Mar-17,2341.59,9094.85,9195.83,9045.2
28-Mar-17,2358.57,9110.4,9223.48,9100.8
29-Mar-17,2361.13,9153.15,9225.88,9143.8
30-Mar-17,2368.06,9183.15,9244.45,9173.75
31-Mar-17,2362.72,9191.7,9245.4,9173.75
05-Apr-17,2352.95,9273.9,9277.18,9265.15
06-Apr-17,2357.49,9267.95,9316.8,9261.95
07-Apr-17,2355.54,9250.5,9319.38,9198.3
10-Apr-17,2357.16,9225.65,9306.3,9181.45
11-Apr-17,2353.78,9242.7,9311.05,9237
12-Apr-17,2344.93,9246.4,9339.5,9203.45
13-Apr-17,2328.95,9202.65,9338.78,9150.8
18-Apr-17,2342.19,9217.9,9292.28,9105.15
19-Apr-17,2338.17,9120.5,9290.45,9103.5
20-Apr-17,2355.84,9143.9,9300.65,9136.4
21-Apr-17,2348.69,9183.65,9268.4,9119.4
24-Apr-17,2374.15,9225.4,9281.23,9217.95
25-Apr-17,2388.61,9309.2,9386.83,9306.6
26-Apr-17,2387.45,9367,9453.13,9351.85
27-Apr-17,2388.77,9367.15,9486.13,9342.15
28-Apr-17,2384.2,9342.65,9458.45,9304.05
02-May-17,2391.17,9352.55,9471.7,9313.8
08-May-17,2399.38,9338.7,9492.58,9314.05
09-May-17,2396.92,9338.95,9508.5,9316.85
10-May-17,2399.63,9414.75,9507.28,9407.3
11-May-17,2394.44,9450.65,9550,9422.4
12-May-17,2390.9,9437.75,9524.4,9400.9
15-May-17,2402.32,9449.25,9535.08,9445.4
16-May-17,2400.67,9517.2,9555.25,9512.25
17-May-17,2357.03,9532.6,9556.75,9525.75
18-May-17,2365.72,9489.1,9519.75,9429.45
19-May-17,2381.73,9505.75,9503.3,9427.9
22-May-17,2394.02,9498.65,9550.6,9438.25
23-May-17,2398.42,9448.05,9523.25,9386.15
24-May-17,2404.39,9431.9,9496.05,9360.55
25-May-17,2415.07,9523.3,9539.03,9509.75
26-May-17,2415.82,9604.9,9571.53,9595.1
31-May-17,2411.8,9649.6,9612.33,9621.25
01-Jun-17,2430.06,9634.65,9556.2,9616.1
02-Jun-17,2439.07,9673.5,9606.63,9653.5
05-Jun-17,2436.1,9687.2,9588.25,9675.1
06-Jun-17,2429.33,9709.3,9627.1,9637.15
07-Jun-17,2433.14,9678.55,9637.1,9663.9
08-Jun-17,2433.79,9688.7,9671.1,9647.25
09-Jun-17,2431.77,9676.25,9646.2,9668.25
12-Jun-17,2429.39,9647.05,9690.33,9616.4
13-Jun-17,2440.35,9654.15,9712.73,9606.9
14-Jun-17,2437.92,9627.4,9702.7,9618.15
15-Jun-17,2432.46,9621.4,9729.03,9578.05
16-Jun-17,2433.15,9615.85,9739.4,9588.05
19-Jun-17,2453.46,9673.3,9750.13,9657.55
20-Jun-17,2437.03,9676.5,9774.4,9653.5
21-Jun-17,2435.61,9650.45,9765.58,9633.6
22-Jun-17,2434.5,9698.85,9771.23,9630
23-Jun-17,2438.3,9647.65,9773.68,9574.95
27-Jun-17,2419.38,9615.4,9742.38,9511.4
28-Jun-17,2440.69,9522.5,9750.15,9491.25
29-Jun-17,2419.7,9575.8,9804.33,9504.1
30-Jun-17,2423.41,9535.8,9737.4,9520.9
03-Jul-17,2429.01,9624,9836.08,9615
05-Jul-17,2432.54,9643.65,9872.6,9637.6
06-Jul-17,2409.75,9700.7,9860.55,9674.55
07-Jul-17,2425.18,9684.25,9858.95,9665.8
10-Jul-17,2427.43,9782.15,9867.28,9771.05
11-Jul-17,2425.53,9830.05,9931.33,9786.05
12-Jul-17,2443.25,9824.95,9878.75,9816.1
13-Jul-17,2447.83,9897.25,9873.05,9891.7
14-Jul-17,2459.27,9913.3,9831.88,9886.35
18-Jul-17,2460.61,9885.35,9848,9827.15
19-Jul-17,2473.83,9905.05,9899.73,9899.6
20-Jul-17,2473.45,9922.55,9864.7,9873.3
21-Jul-17,2472.54,9924.7,9861.18,9915.25
24-Jul-17,2469.91,9982.05,9874.03,9966.4
25-Jul-17,2477.13,10011.3,9915.3,9964.55
26-Jul-17,2477.83,10025.95,9945.85,10020.65
27-Jul-17,2475.42,10114.85,9946.43,10020.55
28-Jul-17,2472.1,10026.05,9926.98,10014.5
01-Aug-17,2476.35,10128.6,9995.43,10114.65
02-Aug-17,2477.57,10137.85,10008.65,10081.5
03-Aug-17,2472.16,10081.15,9964.9,10013.65
04-Aug-17,2476.83,10075.25,9976.6,10066.4
07-Aug-17,2480.91,10088.1,10004.98,10057.4
08-Aug-17,2474.92,10083.8,9987.83,9978.55
09-Aug-17,2474.02,9969.8,9995.3,9908.05
10-Aug-17,2438.21,9892.65,9954.08,9820.25
14-Aug-17,2465.84,9818.3,9939.3,9794.15
16-Aug-17,2468.11,9903.95,9944.5,9897.3
17-Aug-17,2430.01,9947.8,10031.35,9904.15
18-Aug-17,2425.55,9865.95,9977.35,9837.4
21-Aug-17,2428.37,9884.35,9949.5,9754.35
22-Aug-17,2452.51,9828.45,9923.83,9765.55
24-Aug-17,2438.97,9881.5,9904.68,9857.05
28-Aug-17,2444.24,9925.75,9886.68,9912.8
29-Aug-17,2446.3,9887.35,9852.4,9796.05
30-Aug-17,2457.59,9909.45,9820,9884.4
31-Aug-17,2471.65,9925.1,9855.48,9917.9
05-Sep-17,2457.85,9963.1,9967.53,9952.2
06-Sep-17,2465.54,9931.55,9974.9,9916.2
07-Sep-17,2465.1,9964.85,10010.83,9929.9
08-Sep-17,2461.43,9963.6,10052.6,9934.8
11-Sep-17,2488.11,10028.65,10105.88,10006.05
12-Sep-17,2496.48,10097.55,10139.95,10093.05
13-Sep-17,2498.37,10131.95,10149.8,10079.3
14-Sep-17,2495.62,10126.5,10141.15,10086.6
15-Sep-17,2500.23,10115.15,10133.9,10085.4
19-Sep-17,2506.65,10178.95,10183.85,10147.55
20-Sep-17,2508.24,10171.05,10237.38,10141.15
21-Sep-17,2500.6,10158.9,10207.13,10121.9
22-Sep-17,2502.22,10095.05,10159.48,9964.4
25-Sep-17,2496.66,9960.5,10100.28,9872.6
26-Sep-17,2496.84,9891.35,10090.35,9871.5
27-Sep-17,2507.04,9921.05,10083.03,9735.75
28-Sep-17,2510.06,9789.2,10070.28,9768.95
29-Sep-17,2519.36,9854,10118.53,9788.6
10-Oct-17,2550.64,10034,10246.38,10016.95
11-Oct-17,2555.24,10067.25,10220.78,9984.8
12-Oct-17,2550.93,10104.45,10180.68,10096.4
13-Oct-17,2553.17,10191.9,10244.28,10167.45
16-Oct-17,2557.64,10242.95,10260.03,10230.85
17-Oct-17,2559.36,10251.85,10273.38,10234.45
18-Oct-17,2561.26,10236.45,10211.88,10210.85
19-Oct-17,2562.1,10211.95,10149.4,10146.55
23-Oct-17,2564.98,10224.15,10178.38,10184.85
24-Oct-17,2569.13,10237.75,10263,10207.7
25-Oct-17,2557.15,10340.55,10275.38,10295.35
26-Oct-17,2560.4,10355.65,10315.28,10343.8
27-Oct-17,2581.07,10366.15,10340,10323.05
30-Oct-17,2572.83,10384.5,10374.4,10363.65
31-Oct-17,2575.26,10367.7,10365.55,10335.3
01-Nov-17,2579.36,10451.65,10396.3,10440.5
02-Nov-17,2579.85,10453,10402.75,10423.8
03-Nov-17,2587.84,10461.7,10368.15,10452.5
06-Nov-17,2591.13,10490.45,10343.23,10451.8
07-Nov-17,2590.64,10485.75,10260,10350.15
08-Nov-17,2594.38,10384.25,10216.73,10303.15
09-Nov-17,2584.62,10368.45,10185.58,10308.95
10-Nov-17,2582.3,10344.95,10218.38,10321.75
13-Nov-17,2584.84,10334.15,10243.55,10224.95
14-Nov-17,2578.87,10248,10252.38,10186.6
15-Nov-17,2564.62,10175.45,10210.05,10118.05
16-Nov-17,2585.64,10232.25,10217.88,10214.75
17-Nov-17,2578.85,10343.6,10272.08,10283.6
20-Nov-17,2582.14,10309.85,10317.3,10298.75
21-Nov-17,2599.03,10358.7,10379.3,10326.9
22-Nov-17,2597.08,10368.7,10390.88,10342.3
24-Nov-17,2602.42,10404.5,10428.35,10389.7
27-Nov-17,2601.42,10407.15,10407.08,10399.55
28-Nov-17,2627.04,10409.55,10428.15,10370.25
29-Nov-17,2626.07,10392.95,10449.15,10361.3
30-Nov-17,2647.58,10332.7,10372.9,10226.55
01-Dec-17,2642.22,10272.7,10323.63,10121.8
04-Dec-17,2639.44,10179.2,10304.35,10127.75
05-Dec-17,2629.57,10147.95,10317.6,10118.25
06-Dec-17,2629.27,10104.2,10346.25,10044.1
07-Dec-17,2636.98,10182.65,10358.7,10166.7
08-Dec-17,2651.5,10270.85,10429.93,10265.65
11-Dec-17,2659.99,10329.2,10486.23,10322.25
12-Dec-17,2664.11,10326.1,10506.43,10240.15
13-Dec-17,2662.85,10296.55,10466.1,10192.95
14-Dec-17,2652.01,10276.1,10472.28,10252.1
15-Dec-17,2675.81,10373.1,10603.58,10333.25
18-Dec-17,2690.16,10443.55,10490.83,10388.75
19-Dec-17,2681.47,10472.2,10690.55,10463.2
20-Dec-17,2679.25,10494.45,10765.03,10444.2
21-Dec-17,2684.57,10473.95,10768.5,10440.3
22-Dec-17,2683.34,10501.1,10771.93,10493
27-Dec-17,2682.62,10552.4,10820.4,10490.75
28-Dec-17,2687.54,10534.55,10790.78,10477.9
04-Jan-18,2723.99,10513,10779.4,10504.8
05-Jan-18,2743.15,10566.1,10737.53,10558.85
09-Jan-18,2751.29,10659.15,10653.18,10637
10-Jan-18,2748.23,10655.5,10593.43,10632.2
11-Jan-18,2767.56,10664.6,10613.18,10651.2
12-Jan-18,2786.24,10690.4,10617.45,10681.25
16-Jan-18,2776.42,10762.35,10639.2,10700.45
17-Jan-18,2802.56,10803,10532.15,10788.55
18-Jan-18,2798.03,10887.5,10640.75,10817
19-Jan-18,2810.3,10906.85,10693.43,10894.7
22-Jan-18,2832.97,10975.1,10756.53,10966.2
23-Jan-18,2839.13,11092.9,10765.03,11083.7
24-Jan-18,2837.54,11110.1,10785.83,11086
25-Jan-18,2839.25,11095.6,10718.95,11069.65
29-Jan-18,2853.53,11171.55,10758.65,11130.4
30-Jan-18,2822.43,11121.1,10638.63,11049.65
31-Jan-18,2823.81,11058.5,10624.83,11027.7
01-Feb-18,2821.98,11117.35,10587.75,11016.9
02-Feb-18,2762.13,10954.95,10584.88,10760.6
05-Feb-18,2648.94,10702.75,10532.7,10666.55
06-Feb-18,2695.14,10594.15,10348.33,10498.25
07-Feb-18,2681.66,10614,10433.2,10476.7
08-Feb-18,2581,10637.8,10412.93,10576.85
09-Feb-18,2619.55,10480.2,10311.38,10454.95
14-Feb-18,2698.63,10590.55,10306.15,10500.9
22-Feb-18,2703.96,10397.55,10274.25,10382.7
23-Feb-18,2747.3,10499.1,10212.18,10491.05
26-Feb-18,2779.6,10592.95,10331.85,10582.6
27-Feb-18,2744.28,10631.65,10372.58,10554.3
28-Feb-18,2713.83,10535.5,10309.95,10492.85
01-Mar-18,2677.67,10525.5,10351.25,10458.35
05-Mar-18,2720.94,10428.7,10301.88,10358.85
06-Mar-18,2728.12,10441.35,10306.8,10249.25
07-Mar-18,2726.8,10243.35,10283.2,10154.2
08-Mar-18,2738.97,10270.35,10287.28,10242.65
09-Mar-18,2786.57,10296.7,10340.9,10226.85
12-Mar-18,2783.02,10433.65,10407.68,10421.4
13-Mar-18,2765.31,10478.6,10459,10426.85
14-Mar-18,2749.48,10420.35,10448.38,10410.9
15-Mar-18,2747.33,10420,10470.2,10360.15
16-Mar-18,2752.01,10346.3,10376.23,10195.15
19-Mar-18,2712.92,10224.55,10328.83,10094.25
20-Mar-18,2716.94,10155.65,10343.73,10124.35
22-Mar-18,2643.69,10207.85,10371.1,10114.75
23-Mar-18,2588.26,10027.7,10282.25,9998.05
26-Mar-18,2658.55,10143.5,10293.48,10130.65
27-Mar-18,2612.62,10207.9,10429.73,10184.15
28-Mar-18,2605,10158.35,10440.78,10113.7
03-Apr-18,2614.45,10255.35,10464.8,10245
04-Apr-18,2644.69,10279.85,10438.78,10128.4
09-Apr-18,2613.16,10397.7,10557.03,10379.35
10-Apr-18,2656.87,10424.85,10596.78,10402.25
11-Apr-18,2642.19,10428.15,10595.23,10417.15
12-Apr-18,2663.99,10469.9,10662.23,10458.65
13-Apr-18,2656.3,10519.9,10620.95,10480.6
16-Apr-18,2677.84,10540.15,10586.8,10528.35
17-Apr-18,2706.39,10560.45,10585.3,10548.7
18-Apr-18,2708.64,10594.2,10565.7,10526.2
19-Apr-18,2693.13,10572.2,10539.88,10565.3
20-Apr-18,2670.14,10582.35,10531.3,10564.05
23-Apr-18,2670.29,10638.35,10571.5,10584.7
24-Apr-18,2634.56,10636.8,10643.13,10614.35
25-Apr-18,2639.4,10612.6,10592.58,10570.55
26-Apr-18,2666.94,10628.4,10661.73,10617.8
27-Apr-18,2669.91,10719.8,10706.15,10692.3
02-May-18,2635.67,10784.65,10730.05,10718.05
08-May-18,2671.92,10758.55,10661.28,10717.8
09-May-18,2697.79,10766.25,10694.1,10741.7
10-May-18,2723.07,10785.55,10761.5,10716.55
11-May-18,2727.72,10812.05,10751.95,10806.5
14-May-18,2730.13,10834.85,10812.65,10806.6
15-May-18,2711.45,10929.2,10818.98,10801.85
16-May-18,2722.46,10790.45,10796.48,10741.1
17-May-18,2720.13,10777.25,10749.1,10682.7
18-May-18,2712.97,10674.95,10711.55,10596.4
21-May-18,2733.01,10621.7,10647.63,10516.7
23-May-18,2733.29,10533.55,10599.8,10430.35
24-May-18,2727.76,10535.15,10614.7,10513.85
25-May-18,2721.33,10628.05,10680.5,10605.15
29-May-18,2689.86,10717.25,10723.58,10633.3
30-May-18,2724.01,10648.7,10681.85,10614.35
31-May-18,2705.27,10763.8,10702.95,10736.15
01-Jun-18,2734.62,10764.75,10677.85,10696.2
04-Jun-18,2746.87,10770.3,10670.7,10628.5
05-Jun-18,2748.8,10633.15,10632.1,10593.15
06-Jun-18,2772.35,10698.35,10686.78,10684.65
07-Jun-18,2770.37,10818,10769.48,10768.35
08-Jun-18,2779.03,10779.45,10784.7,10767.65
11-Jun-18,2782,10850.55,10866.98,10786.95
12-Jun-18,2786.85,10856.55,10883.03,10842.85
13-Jun-18,2775.63,10893.25,10960.48,10856.7
14-Jun-18,2782.49,10833.7,10922.45,10808.05
15-Jun-18,2779.66,10834,10887.45,10817.7
19-Jun-18,2762.59,10789.45,10859.85,10710.45
20-Jun-18,2767.32,10781.8,10900.13,10772.05
21-Jun-18,2749.76,10809.6,10866.2,10741.1
22-Jun-18,2754.88,10837,10870.35,10821.85
25-Jun-18,2717.07,10831.05,10923.23,10762.45
26-Jun-18,2723.06,10805.25,10937.98,10769.15
27-Jun-18,2699.63,10785.5,10904.78,10671.4
28-Jun-18,2716.31,10674.2,10871.78,10589.1
29-Jun-18,2718.37,10723.05,10947.88,10714.3
03-Jul-18,2713.22,10713.3,10979.18,10699.9
05-Jul-18,2736.61,10786.05,11046.13,10749.75
06-Jul-18,2759.82,10816.35,11062.8,10772.65
09-Jul-18,2784.17,10860.35,11068.03,10852.9
10-Jul-18,2793.84,10956.9,11122.33,10947.25
11-Jul-18,2774.02,10976.65,11175.33,10948.3
12-Jul-18,2798.29,11078.3,11214.3,11023.2
13-Jul-18,2801.31,11071.35,11229.85,11018.9
16-Jul-18,2798.43,11019.5,11210.73,10936.85
17-Jul-18,2809.55,11018.5,11202.18,11008.05
18-Jul-18,2815.62,11076.2,11181.3,10980.45
19-Jul-18,2804.49,11006.5,11193.95,10957.1
20-Jul-18,2801.83,11030.25,11198.03,11010.2
23-Jul-18,2806.98,11093.4,11248.7,11084.75
24-Jul-18,2820.4,11143.4,11328.9,11134.3
25-Jul-18,2846.07,11157.15,11347.5,11132
26-Jul-18,2837.44,11185.85,11373.2,11167.3
27-Jul-18,2818.82,11283.4,11407.43,11278.35
30-Jul-18,2802.6,11328.1,11481.2,11319.55
31-Jul-18,2816.29,11366,11513.98,11356.5
01-Aug-18,2813.36,11390.55,11533.38,11346.2
02-Aug-18,2827.22,11328.9,11466.88,11244.7
03-Aug-18,2840.35,11368,11511.1,11360.8
06-Aug-18,2850.4,11427.65,11486.58,11387.1
07-Aug-18,2858.45,11428.95,11451.18,11389.45
08-Aug-18,2857.7,11459.95,11470.78,11450
09-Aug-18,2853.58,11495.2,11528.55,11470.7
10-Aug-18,2833.28,11478.75,11496.33,11429.5
13-Aug-18,2821.93,11406.3,11409.85,11355.75
14-Aug-18,2839.96,11452.45,11375.78,11435.1
16-Aug-18,2840.69,11449.85,11444.75,11385.05
17-Aug-18,2850.13,11486.45,11421.63,11470.75
20-Aug-18,2857.05,11565.3,11415.85,11551.75
21-Aug-18,2862.96,11581.75,11443.2,11570.9
23-Aug-18,2856.98,11620.7,11346.13,11582.75
24-Aug-18,2874.69,11604.6,11310.73,11557.1
27-Aug-18,2896.74,11700.95,11314.85,11691.95
28-Aug-18,2897.52,11760.2,11125.58,11738.5
29-Aug-18,2914.04,11753.2,11038.23,11691.9
30-Aug-18,2901.13,11698.8,11061.03,11676.8
31-Aug-18,2901.52,11727.65,10988.03,11680.5
04-Sep-18,2896.72,11602.55,11011.58,11520.3
05-Sep-18,2888.6,11542.65,10999.38,11476.95
06-Sep-18,2878.05,11562.25,10908.08,11536.9
07-Sep-18,2871.68,11603,10946.48,11589.1
10-Sep-18,2877.13,11573,10824.7,11438.1
11-Sep-18,2887.89,11479.4,10782.33,11287.5
12-Sep-18,2888.92,11380.75,10708.4,11369.9
14-Sep-18,2904.98,11523.25,10779.7,11515.2
18-Sep-18,2904.31,11411.45,10772.13,11278.9
19-Sep-18,2907.95,11332.05,10748,11234.35
21-Sep-18,2929.67,11346.8,10631.23,11143.1
26-Sep-18,2905.97,11145.55,10717.48,11053.8
27-Sep-18,2914,11089.45,10780.15,10977.55
28-Sep-18,2913.98,11034.1,10704.55,10930.45
05-Oct-18,2885.57,10540.65,10439.18,10316.45
09-Oct-18,2880.34,10397.6,10449.45,10301.05
10-Oct-18,2785.68,10482.35,10481.88,10460.1
11-Oct-18,2728.37,10335.95,10367.43,10234.65
15-Oct-18,2750.79,10526.3,10530.88,10512.5
16-Oct-18,2809.92,10604.9,10585.9,10584.75
19-Oct-18,2767.78,10380.1,10472.38,10303.55
22-Oct-18,2755.88,10408.55,10499.35,10245.25
23-Oct-18,2740.69,10222.1,10421.6,10146.8
24-Oct-18,2656.1,10290.65,10399,10224.75
25-Oct-18,2705.57,10166.6,10358.55,10124.9
26-Oct-18,2658.69,10128.85,10349.85,10030
29-Oct-18,2641.25,10275.3,10389.08,10250.85
30-Oct-18,2682.63,10285.1,10529.2,10198.4
31-Oct-18,2711.74,10396,10513.78,10386.6
01-Nov-18,2740.37,10441.9,10641.55,10380.45
02-Nov-18,2723.06,10606.95,10674.33,10553
05-Nov-18,2738.31,10558.8,10599.83,10524
07-Nov-18,2813.89,10616.45,10643.43,10598.4
09-Nov-18,2781.01,10619.55,10551.85,10585.2
12-Nov-18,2726.22,10645.5,10515.6,10482.2
13-Nov-18,2722.18,10596.25,10596.38,10582.5
14-Nov-18,2701.58,10651.6,10685.65,10576.3
15-Nov-18,2730.2,10646.5,10686.63,10616.7
16-Nov-18,2736.27,10695.15,10765.75,10682.2
19-Nov-18,2690.73,10774.7,10802.1,10763.4
20-Nov-18,2641.89,10740.85,10813,10656.2
21-Nov-18,2649.93,10671.3,10762.45,10600.05
26-Nov-18,2673.45,10637.8,10726.7,10628.6
27-Nov-18,2682.17,10695.15,10689.33,10685.6
28-Nov-18,2743.79,10757.8,10723.68,10728.85
29-Nov-18,2737.8,10883.05,10808.28,10858.7
30-Nov-18,2760.17,10922.45,10864.35,10876.75
03-Dec-18,2790.37,10941.2,10884.45,10883.75
04-Dec-18,2700.06,10890.95,10878.48,10869.5
06-Dec-18,2695.95,10722.65,10741.8,10601.15
07-Dec-18,2633.08,10704.55,10706.7,10693.7
10-Dec-18,2637.72,10558.85,10608,10488.45
11-Dec-18,2636.78,10567.15,10584.9,10549.15
12-Dec-18,2651.07,10752.2,10689.63,10737.6
13-Dec-18,2650.54,10838.6,10809.95,10791.55
14-Dec-18,2599.95,10815.75,10805.73,10805.45
17-Dec-18,2545.94,10900.35,10847.5,10888.35
18-Dec-18,2546.16,10915.4,10813.55,10908.7
19-Dec-18,2506.96,10985.15,10912.48,10967.3
20-Dec-18,2467.42,10962.55,10904.1,10951.7
21-Dec-18,2416.62,10963.65,10834.65,10754
27-Dec-18,2488.83,10834.2,10857.13,10779.8
28-Dec-18,2485.74,10893.6,10880.98,10859.9
04-Jan-19,2531.94,10741.05,10669.43,10727.35
07-Jan-19,2549.69,10835.95,10794.1,10771.8
08-Jan-19,2574.41,10818.45,10858.35,10802.15
09-Jan-19,2584.96,10870.4,10830.15,10855.15
10-Jan-19,2596.64,10859.35,10846.73,10821.6
11-Jan-19,2596.26,10850.15,10766.05,10794.95
15-Jan-19,2610.3,10896.95,10768.73,10886.8
16-Jan-19,2616.1,10928.15,10799.88,10890.3
17-Jan-19,2635.96,10930.65,10798.68,10905.2
18-Jan-19,2670.71,10928.2,10830.53,10906.95
22-Jan-19,2632.9,10949.8,10875.63,10922.75
23-Jan-19,2638.7,10944.8,10850.35,10831.5
24-Jan-19,2642.33,10866.6,10869.18,10849.8
25-Jan-19,2664.76,10931.7,10811.08,10780.55
28-Jan-19,2643.85,10804.45,10754.43,10661.55
29-Jan-19,2640,10690.35,10789.28,10652.2
30-Jan-19,2681.05,10710.2,10837.58,10651.8
31-Jan-19,2704.1,10838.05,10883.8,10830.95
01-Feb-19,2706.53,10983.45,10931.23,10893.65
12-Feb-19,2744.73,10910.9,11002.35,10831.4
13-Feb-19,2753.03,10891.65,11046.25,10793.65
14-Feb-19,2745.73,10792.7,11035.53,10746.05
15-Feb-19,2775.6,10785.75,11001.93,10724.4
18-Feb-19,2779.76,10759.9,11057.7,10640.95
19-Feb-19,2784.7,10722.85,11057.9,10604.35
20-Feb-19,2774.88,10752.7,11095.13,10735.45
21-Feb-19,2792.67,10808.85,11138.8,10789.85
22-Feb-19,2796.11,10801.55,11165.6,10791.65
25-Feb-19,2793.9,10887.1,11091.85,10880.1
26-Feb-19,2792.38,10888.75,11113.03,10835.3
27-Feb-19,2784.49,10939.7,11148.7,10806.65
28-Feb-19,2803.69,10865.7,11186.68,10792.5
01-Mar-19,2792.81,10877.9,11226.73,10863.5
05-Mar-19,2789.65,10994.9,11277.55,10987.45
06-Mar-19,2771.45,11062.3,11364.1,11053
07-Mar-19,2748.93,11089.05,11394.05,11058.2
08-Mar-19,2743.07,11049,11335.75,11035.4
11-Mar-19,2783.3,11180.9,11385.08,11168.05
12-Mar-19,2791.52,11320.4,11455.45,11301.2
13-Mar-19,2810.92,11352.3,11478.33,11341.7
14-Mar-19,2808.48,11383.45,11460.23,11343.25
15-Mar-19,2822.48,11487,11514.08,11426.85
18-Mar-19,2832.94,11530.15,11558.55,11462.2
19-Mar-19,2832.57,11543.85,11631.1,11532.4
20-Mar-19,2824.23,11556.1,11679.63,11521.05
22-Mar-19,2800.71,11572.8,11540.25,11456.9
25-Mar-19,2798.36,11395.65,11526.23,11354.25
26-Mar-19,2818.46,11496.75,11574.6,11483.25
27-Mar-19,2805.37,11546.2,11587.95,11445.05
28-Mar-19,2815.44,11588.5,11554.75,11570
29-Mar-19,2834.4,11630.35,11524.63,11623.9
01-Apr-19,2867.19,11738.1,11501.18,11669.15
02-Apr-19,2867.24,11729.35,11500.83,11713.2
03-Apr-19,2873.4,11761,11461.95,11643.95
04-Apr-19,2879.39,11662.55,11423,11598
08-Apr-19,2895.77,11710.3,11415.33,11604.5
09-Apr-19,2878.2,11683.9,11497.93,11671.95
10-Apr-19,2888.21,11680.05,11708.48,11584.3
11-Apr-19,2888.32,11606.7,11717.05,11596.7
12-Apr-19,2907.41,11657.35,11681.8,11643.45
15-Apr-19,2905.58,11704.6,11844.7,11690.35
16-Apr-19,2907.06,11810.95,11795.28,11787.15
18-Apr-19,2905.03,11856.15,11848.53,11752.8
23-Apr-19,2933.68,11645.95,11748.35,11575.95
24-Apr-19,2927.25,11740.85,11773.7,11726.15
25-Apr-19,2926.17,11796.75,11831.78,11641.8
26-Apr-19,2939.88,11762.9,11882.4,11754.65
07-May-19,2884.05,11657.05,11789.83,11497.9
08-May-19,2879.42,11479.1,11693.38,11359.45
09-May-19,2870.72,11357.6,11615.05,11301.8
10-May-19,2881.4,11345.8,11625.7,11278.9
14-May-19,2834.41,11294.75,11535.38,11222.05
15-May-19,2850.96,11286.8,11534.15,11157
16-May-19,2876.32,11281.55,11527.6,11257.1
17-May-19,2859.53,11426.15,11551.95,11407.15
20-May-19,2840.23,11845.2,11659.45,11828.25
21-May-19,2864.36,11883.55,11742.65,11709.1
22-May-19,2856.27,11784.8,11762.95,11737.9
23-May-19,2822.24,12041.15,11721.23,11657.05
24-May-19,2826.06,11859,11706.05,11844.1
28-May-19,2802.39,11958.55,11839.65,11928.75
29-May-19,2783.02,11931.9,11854.33,11861.1
30-May-19,2788.86,11968.55,11885.28,11945.9
31-May-19,2752.06,12039.25,11850.58,11922.8
03-Jun-19,2744.45,12103.05,11918.78,12088.55
04-Jun-19,2803.27,12095.2,11975.53,12021.65
06-Jun-19,2843.49,12039.8,11906,11843.75
10-Jun-19,2886.73,11975.05,11821.83,11922.7
11-Jun-19,2885.72,12000.35,11743.45,11965.6
12-Jun-19,2879.84,11962.45,11730.03,11906.2
13-Jun-19,2891.64,11931.35,11708.03,11914.05
14-Jun-19,2886.98,11911.85,11718.63,11823.3
17-Jun-19,2889.67,11844.05,11638.08,11672.15
18-Jun-19,2917.75,11727.2,11655.6,11691.5
19-Jun-19,2926.46,11802.5,11665.88,11691.45
20-Jun-19,2954.18,11843.5,11656.1,11831.75
21-Jun-19,2950.46,11827.95,11551.63,11724.1
24-Jun-19,2945.35,11754,11534.18,11699.65
25-Jun-19,2917.38,11814.4,11505.38,11796.45
26-Jun-19,2913.78,11871.85,11559.48,11847.55
27-Jun-19,2924.92,11911.15,11564.33,11841.55
28-Jun-19,2941.76,11871.7,11543.23,11788.85
02-Jul-19,2973.01,11917.45,11541.08,11910.3
03-Jul-19,2995.82,11945.2,11481.9,11916.75
05-Jul-19,2990.41,11981.75,11439.03,11811.15
08-Jul-19,2975.95,11771.9,11209.55,11558.6
09-Jul-19,2979.63,11582.55,11239.78,11555.9
10-Jul-19,2993.07,11593.7,11225.65,11498.9
11-Jul-19,2999.91,11599,11288.78,11582.9
12-Jul-19,3013.77,11639.55,11360.03,11552.5
15-Jul-19,3014.3,11618.4,11339.1,11588.35
16-Jul-19,3004.04,11670.05,11326.05,11662.6
17-Jul-19,2984.42,11706.65,11359.9,11687.5
18-Jul-19,2995.11,11677.15,11364.65,11596.9
22-Jul-19,2985.03,11398.15,11188.78,11346.2
23-Jul-19,3005.47,11398.15,11168.5,11331.05
24-Jul-19,3019.56,11359.75,11069.03,11271.3
25-Jul-19,3003.67,11361.4,11050.95,11252.15
26-Jul-19,3025.86,11307.6,11175.9,11284.3
29-Jul-19,3020.97,11310.95,11141.03,11189.2
30-Jul-19,3013.18,11267.45,11046.88,11085.4
01-Aug-19,2980.38,11076.75,10961.8,10980
02-Aug-19,2953.56,11080.15,10908.23,10997.35
05-Aug-19,2844.74,10895.8,10820.68,10862.6
06-Aug-19,2881.77,11018.55,10866.95,10948.25
07-Aug-19,2883.98,10975.65,10896.48,10855.5
08-Aug-19,2938.09,11058.05,10935.9,11032.45
09-Aug-19,2918.65,11181.45,11058.8,11109.65
13-Aug-19,2926.32,11145.9,10991.68,10925.85
14-Aug-19,2840.6,11078.15,10967.85,11029.4
16-Aug-19,2888.68,11068.65,10904.73,11047.8
19-Aug-19,2923.65,11146.9,10941.53,11053.9
20-Aug-19,2900.51,11076.3,11320.18,11017
21-Aug-19,2924.43,11034.2,11235.8,10918.7
22-Aug-19,2922.95,10908.25,11164.58,10741.35
23-Aug-19,2847.11,10862.55,11115.38,10829.35
27-Aug-19,2869.16,11141.75,11278.88,11105.35
28-Aug-19,2887.94,11129.65,11270.93,11046.1
29-Aug-19,2924.58,11021.1,11146.4,10948.3
30-Aug-19,2926.46,11042.6,11137.55,11023.25
03-Sep-19,2906.27,10967.5,11003.28,10797.9
04-Sep-19,2937.78,10858.75,11033.98,10844.65
05-Sep-19,2976,10920.1,11054.68,10847.9
06-Sep-19,2978.71,10957.05,11115.18,10946.2
09-Sep-19,2978.43,11028.85,11155.13,11003.05
11-Sep-19,3000.93,11054.8,11237,11035.7
12-Sep-19,3009.57,11081.75,11223,10982.8
17-Sep-19,3005.7,11000.1,11197.8,10817.6
18-Sep-19,3006.73,10885.15,11244.78,10840.65
19-Sep-19,3006.79,10845.2,11160.93,10704.8
24-Sep-19,2966.6,11655.05,11609.4,11588.2
25-Sep-19,2984.87,11564.95,11531.5,11440.2
26-Sep-19,2977.62,11610.85,11637.88,11571.2
27-Sep-19,2961.79,11593.6,11691.85,11512.4
30-Sep-19,2976.74,11508.25,11667.9,11474.45
09-Oct-19,2919.4,11321.6,11511.4,11313.3
10-Oct-19,2938.13,11293.35,11577.68,11234.55
11-Oct-19,2970.27,11362.9,11542.53,11305.05
15-Oct-19,2995.68,11462.35,11644.15,11428.3
16-Oct-19,2989.69,11481.05,11684.98,11464
17-Oct-19,2997.95,11599.1,11739.13,11586.35
18-Oct-19,2986.2,11684.7,11790.68,11661.85
23-Oct-19,3004.52,11651.6,11761.25,11604.1
24-Oct-19,3010.29,11679.6,11809.58,11582.6
25-Oct-19,3022.55,11646.9,11811.6,11583.9
29-Oct-19,3036.89,11809.4,11871.13,11786.85
30-Oct-19,3046.77,11883.95,11971.63,11844.1
31-Oct-19,3037.56,11945,12001.25,11877.45
05-Nov-19,3074.62,11978.95,11999.53,11917.2
06-Nov-19,3076.78,12002.9,11927.88,11966.05
07-Nov-19,3085.18,12021.4,12022.85,12012.05
08-Nov-19,3093.08,12034.15,12011.7,11908.15
11-Nov-19,3087.01,11932.65,5926.98,11913.45
13-Nov-19,3094.04,11946.8,5911.6,11840.45
14-Nov-19,3096.63,11895.65,5901.33,11872.1
15-Nov-19,3120.459961,11973.65,11926.45,11895.45
18-Nov-19,3122.030029,11946.2,11906.9,11884.5
19-Nov-19,3120.179932,11958.85,11920.3,11940.1
20-Nov-19,3108.459961,12038.6,12002.325,11999.1
21-Nov-19,3103.540039,12028.2,11992.55,11968.4
22-Nov-19,3110.290039,11968.1,11925.8,11914.4
25-Nov-19,3133.639893,12084.5,12002.125,12073.75
26-Nov-19,3140.52002,12132.45,12069.4,12037.7
27-Nov-19,3153.629883,12114.9,12085.025,12100.7
29-Nov-19,3140.97998,12147.4,12082.4,12056.05
02-Dec-19,3113.870117,12137.15,12080.425,12048.2
03-Dec-19,3093.199951,12068.6,12012.5,11994.2
04-Dec-19,3112.76001,12054.7,11995,12043.2
05-Dec-19,3117.429932,12081.2,12039.975,12018.4
06-Dec-19,3145.909912,12057.05,11972.95,11921.5
09-Dec-19,3135.959961,11981.95,11935,11937.5
10-Dec-19,3132.52002,11953.2,11898.95,11856.8
11-Dec-19,3141.629883,11923.2,11877.75,11910.15
12-Dec-19,3168.570068,12005.5,11969.75,11971.8
13-Dec-19,3168.800049,12098.85,12061.225,12086.7
16-Dec-19,3191.449951,12134.65,12090.475,12053.95
17-Dec-19,3192.52002,12182.75,12126.55,12165
18-Dec-19,3191.139893,12237.7,12200.575,12221.65
20-Dec-19,3221.219971,12293.9,12273.325,12271.8
23-Dec-19,3224.01001,12287.15,12250.2,12262.75
24-Dec-19,3223.379883,12283.7,12242.9,12214.55
27-Dec-19,3240.02002,12258.45,12208.175,12245.8
30-Dec-19,3221.290039,12286.45,12250.125,12255.85
06-Jan-20,3246.280029,12179.1,12076.65,11993.05
07-Jan-20,3237.179932,12152.15,12078.75,12052.95
08-Jan-20,3253.050049,12044.95,11987.275,12025.35
09-Jan-20,3274.699951,12224.05,12178.3,12215.9
10-Jan-20,3265.350098,12311.2,12262.2,12256.8
14-Jan-20,3283.149902,12374.25,12341.475,12362.3
15-Jan-20,3289.290039,12355.15,12316.95,12343.3
16-Jan-20,3316.810059,12389.05,12352.425,12355.5
17-Jan-20,3329.620117,12385.45,12353.425,12352.35
21-Jan-20,3320.790039,12230.05,12196.175,12169.85
22-Jan-20,3321.75,12225.05,12156.475,12106.9
23-Jan-20,3325.540039,12189,12141.55,12180.35
03-Feb-20,3248.919922,11749.85,11682.175,11707.9
04-Feb-20,3297.590088,11986.15,11884.775,11979.65
05-Feb-20,3334.689941,12098.15,12025.75,12089.15
06-Feb-20,3345.780029,12160.6,12122.625,12137.95
07-Feb-20,3327.709961,12154.7,12114.325,12098.35
10-Feb-20,3352.090088,12103.55,12047.15,12031.5
12-Feb-20,3357.75,12231.75,12188.025,12201.2
13-Feb-20,3373.939941,12225.65,12182.725,12174.65
14-Feb-20,3380.159912,12246.7,12168.95,12113.45
18-Feb-20,3370.290039,12030.75,11969.4,11992.5
19-Feb-20,3386.149902,12134.7,12088.4,12125.9
20-Feb-20,3373.22998,12152,12111.725,12080.85
25-Feb-20,3128.209961,11883.05,11831.475,11797.9
26-Feb-20,3116.389893,11783.25,11711.425,11678.5
27-Feb-20,2978.76001,11663.85,11600.275,11633.3
28-Feb-20,2954.219971,11384.8,11279.925,11201.75
02-Mar-20,3090.22998,11433,11234.625,11132.75
03-Mar-20,3003.370117,11342.25,11247.4,11303.3
04-Mar-20,3130.120117,11356.6,11219.375,11251
05-Mar-20,3023.939941,11389.5,11317.05,11269
06-Mar-20,2972.370117,11035.1,10931.25,10989.45
09-Mar-20,2746.560059,10751.55,10523,10451.45
12-Mar-20,2480.639893,10040.75,9774.375,9590.15
16-Mar-20,2386.129883,9602.2,9383.65,9197.4
17-Mar-20,2529.189941,9403.8,9159.7,8967.05
18-Mar-20,2398.100098,9127.55,8767.3,8468.8
19-Mar-20,2409.389893,8575.45,8204,8263.45
23-Mar-20,2237.399902,8159.25,7871.425,7610.25
24-Mar-20,2447.330078,8036.95,7774.025,7801.05
25-Mar-20,2475.560059,8376.75,8045.75,8317.85
26-Mar-20,2630.070068,8749.05,8526.975,8641.45
27-Mar-20,2541.469971,9038.9,8780.9,8660.25
30-Mar-20,2626.649902,8576,8410,8281.1
31-Mar-20,2584.590088,8678.3,8518.15,8597.75
01-Apr-20,2470.5,8588.1,8393.225,8253.8
03-Apr-20,2488.649902,8356.55,8206.175,8083.8
07-Apr-20,2659.409912,8819.4,8590.175,8792.2
08-Apr-20,2749.97998,9131.7,8892.8,8748.75
09-Apr-20,2789.820068,9128.35,9016.45,9111.9
16-Apr-20,2799.550049,9053.75,8937.825,8992.8
17-Apr-20,2874.560059,9324,9207.675,9266.75
20-Apr-20,2823.159912,9390.85,9310.825,9261.85
21-Apr-20,2736.560059,9044.4,8976.9,8981.45
22-Apr-20,2799.310059,9209.75,9078,9187.3
23-Apr-20,2797.800049,9343.6,9256.875,9313.9
24-Apr-20,2836.73999,9296.9,9219.1,9154.4
27-Apr-20,2878.47998,9377.1,9313.725,9282.3
28-Apr-20,2863.389893,9404.4,9332.2,9380.9
29-Apr-20,2939.51001,9599.85,9496.1,9553.35
