Date,CRUDE,GOLD,Close
02-Nov-15,3044.76,2646.83,8050.8
04-Nov-15,3122.3,2592.22,8040.2
05-Nov-15,3051.34,2581.72,7955.45
06-Nov-15,2983.01,2566.81,7954.3
09-Nov-15,2960.77,2569.78,7915.2
10-Nov-15,2941.8,2562.44,7783.35
11-Nov-15,2899.58,2550.64,7825
13-Nov-15,2747.07,2540.91,7762.25
16-Nov-15,2720.48,2555.06,7806.6
17-Nov-15,2741.9,2519.41,7837.55
18-Nov-15,2726.36,2509.33,7731.8
19-Nov-15,2724.24,2525.88,7842.75
20-Nov-15,2793.1,2535.82,7856.55
23-Nov-15,2781.4,2516.42,7849.25
24-Nov-15,2850.85,2527.46,7831.6
27-Nov-15,2836.64,2516.96,7942.7
30-Nov-15,2822.84,2507.91,7935.25
01-Dec-15,2794.36,2533.49,7954.9
02-Dec-15,2758.77,2519.37,7931.35
03-Dec-15,2734.01,2507.41,7864.15
04-Dec-15,2740.66,2545.18,7781.9
07-Dec-15,2604.18,2562.88,7765.4
08-Dec-15,2529.23,2548.36,7701.7
09-Dec-15,2554.12,2558.87,7612.5
10-Dec-15,2487.56,2546.33,7683.3
11-Dec-15,2439.12,2546.4,7610.45
14-Dec-15,2402.59,2548.29,7650.05
15-Dec-15,2479.75,2530.19,7700.9
16-Dec-15,2455.64,2535.64,7750.9
17-Dec-15,2359.49,2503.3,7844.35
18-Dec-15,2369.85,2499.72,7761.95
21-Dec-15,2390.7,2525.61,7834.45
22-Dec-15,2415.42,2531.99,7786.1
23-Dec-15,2474.52,2515.19,7865.95
29-Dec-15,2496.31,2519.95,7928.95
30-Dec-15,2462.83,2509.12,7896.25
04-Jan-16,2504.76,2531.49,7791.3
05-Jan-16,2445.32,2541.04,7784.65
06-Jan-16,2350.55,2563.48,7741
07-Jan-16,2229.6,2598.61,7568.3
08-Jan-16,2247.16,2593.81,7601.35
12-Jan-16,2091.43,2578.58,7510.3
13-Jan-16,2080.84,2562.15,7562.4
14-Jan-16,2100.12,2586,7536.8
19-Jan-16,2031.35,2597.65,7435.1
20-Jan-16,1965.15,2635.41,7309.3
21-Jan-16,1971.54,2633.1,7276.8
22-Jan-16,2122.23,2618,7422.45
25-Jan-16,2144.24,2635.96,7436.15
27-Jan-16,2142.42,2674.71,7437.75
28-Jan-16,2266.03,2675.92,7424.65
29-Jan-16,2298.59,2661.82,7563.55
01-Feb-16,2223.19,2684.77,7555.95
02-Feb-16,2094.78,2696.08,7455.55
03-Feb-16,2104.86,2713.19,7361.8
04-Feb-16,2217.39,2732.5,7404
05-Feb-16,2163.66,2744.22,7489.1
16-Feb-16,2069.61,2881.86,7048.25
17-Feb-16,2071.87,2888.1,7108.45
18-Feb-16,2170.34,2896.96,7191.75
19-Feb-16,2127.52,2946.92,7210.75
22-Feb-16,2296.15,2898.52,7234.55
23-Feb-16,2262.13,2924.34,7109.55
24-Feb-16,2167.48,2959.42,7018.7
25-Feb-16,2208.71,2962.99,6970.6
26-Feb-16,2334.16,2949.68,7029.75
29-Feb-16,2283.96,2958.56,6987.05
01-Mar-16,2333.14,2955.63,7222.3
02-Mar-16,2326.41,2922.09,7368.85
03-Mar-16,2349.02,2942.99,7475.6
04-Mar-16,2368.62,2980.02,7485.35
08-Mar-16,2536.74,3000.07,7485.3
09-Mar-16,2526.84,2955.35,7531.8
10-Mar-16,2555.26,2949.8,7486.15
11-Mar-16,2603.37,2971.49,7510.2
14-Mar-16,2525.95,2941.07,7538.75
15-Mar-16,2467.01,2905.75,7460.6
16-Mar-16,2534.06,2904.12,7498.75
17-Mar-16,2646.54,2948.13,7512.55
18-Mar-16,2729.9,2923.89,7604.35
22-Mar-16,2770.41,2915.4,7714.9
23-Mar-16,2731.05,2874.5,7716.5
29-Mar-16,2586.35,2857.54,7597
30-Mar-16,2597.9,2866.88,7735.2
31-Mar-16,2552.24,2863.55,7738.4
01-Apr-16,2501.87,2860.3,7713.05
05-Apr-16,2380.26,2875.35,7603.2
06-Apr-16,2487.83,2870.64,7614.35
07-Apr-16,2507.39,2894,7546.45
08-Apr-16,2608.95,2898.11,7555.2
11-Apr-16,2667.58,2927.39,7671.4
12-Apr-16,2731.64,2936.85,7708.95
13-Apr-16,2784.89,2916.99,7850.45
18-Apr-16,2630.24,2906.82,7914.7
20-Apr-16,2824.42,2929.31,7914.75
21-Apr-16,2927.27,2948.7,7912.05
22-Apr-16,2931.9,2927.27,7899.3
25-Apr-16,2906.65,2918.62,7855.05
26-Apr-16,2900.02,2915.51,7962.65
27-Apr-16,2980.56,2934.19,7979.9
28-Apr-16,3032.83,2954.98,7847.25
06-May-16,2957.71,3024.1,7733.45
09-May-16,2977.08,2998.6,7866.05
10-May-16,2932.9,2976.74,7887.8
11-May-16,3006.05,2998.19,7848.85
12-May-16,3096.85,2989.12,7900.4
13-May-16,3090.01,2994.68,7814.9
16-May-16,3168.32,3013.45,7860.75
17-May-16,3212.96,3001.62,7890.75
18-May-16,3255,3001.28,7870.15
19-May-16,3210.44,2974.38,7783.4
20-May-16,3294.56,2978.1,7749.7
23-May-16,3243.88,2967.13,7731.05
24-May-16,3283.76,2951.58,7748.85
25-May-16,3322.88,2903.26,7934.9
26-May-16,3346.27,2897.26,8069.65
27-May-16,3298.69,2871.84,8156.65
31-May-16,3345.53,2878.8,8160.1
01-Jun-16,3283.3,2899.03,8179.95
02-Jun-16,3292.84,2893.05,8218.95
03-Jun-16,3286.01,2920.44,8220.8
06-Jun-16,3312.24,2943.34,8201.05
07-Jun-16,3342.18,2931.82,8266.45
08-Jun-16,3394.15,2957.01,8273.05
13-Jun-16,3271.69,3036.66,8110.6
14-Jun-16,3255.37,3044.3,8108.85
15-Jun-16,3233.52,3042.32,8206.6
16-Jun-16,3162.84,3097.42,8140.75
17-Jun-16,3171.2,3047.23,8170.2
20-Jun-16,3315.67,3052.89,8238.5
21-Jun-16,3350.53,3041.41,8219.9
22-Jun-16,3371.99,3015.33,8203.7
23-Jun-16,3351.21,2999.54,8270.45
24-Jun-16,3261.99,3153.88,8088.6
27-Jun-16,3202.34,3160.06,8094.7
28-Jun-16,3224.76,3129.62,8127.85
29-Jun-16,3299.59,3135.44,8204
30-Jun-16,3319.56,3121.76,8287.75
01-Jul-16,3264.38,3151.16,8328.35
04-Jul-16,3303.38,3180.18,8370.7
05-Jul-16,3203.86,3177.93,8335.95
07-Jul-16,3172.99,3198.2,8337.9
08-Jul-16,3064.73,3168.46,8323.2
11-Jul-16,3035.09,3170.27,8467.9
12-Jul-16,3083.02,3137.69,8521.05
13-Jul-16,3071.89,3124.92,8519.5
14-Jul-16,3042.7,3095.36,8565
15-Jul-16,3072.06,3099.96,8541.4
18-Jul-16,3059.97,3101.59,8508.7
19-Jul-16,3051.62,3106.16,8528.55
20-Jul-16,3073.29,3090.22,8565.85
21-Jul-16,3073.91,3086.37,8510.1
22-Jul-16,2999.89,3090.78,8541.2
25-Jul-16,2956.05,3082.15,8635.65
26-Jul-16,2905.69,3090.93,8590.65
27-Jul-16,2875.03,3092.62,8615.8
28-Jul-16,2812.99,3126.57,8666.3
29-Jul-16,2760.6,3132.87,8638.5
01-Aug-16,2744.46,3151.43,8636.55
03-Aug-16,2692.13,3181.7,8544.85
04-Aug-16,2759.75,3172.35,8551.1
05-Aug-16,2790.11,3150.29,8683.15
08-Aug-16,2857.15,3113.35,8711.35
10-Aug-16,2845.55,3146.09,8575.3
12-Aug-16,2940.28,3133.28,8672.15
16-Aug-16,3077.24,3142.34,8642.55
17-Aug-16,3108.71,3136.43,8624.05
18-Aug-16,3181.03,3145.93,8673.25
19-Aug-16,3253.68,3142.28,8666.9
22-Aug-16,3236.92,3130.1,8629.15
23-Aug-16,3190.82,3136.17,8632.6
24-Aug-16,3175.4,3120.61,8650.3
25-Aug-16,3153.98,3096.94,8592.2
26-Aug-16,3195.2,3108.06,8572.55
30-Aug-16,3157.19,3094.4,8744.35
31-Aug-16,3062.76,3077.25,8786.2
01-Sep-16,2969.71,3073.75,8774.65
02-Sep-16,2941.18,3087.23,8809.65
06-Sep-16,2973.38,3111.57,8943
07-Sep-16,3000.44,3135.57,8917.95
08-Sep-16,3107.42,3130.2,8952.5
09-Sep-16,3120.44,3121.86,8866.7
14-Sep-16,2982.11,3105.32,8726.6
20-Sep-16,2947.09,3095.23,8775.9
21-Sep-16,3036.99,3111.63,8777.15
23-Sep-16,3057.58,3128.66,8831.55
26-Sep-16,3034.32,3130.22,8723.05
27-Sep-16,3005.21,3112.14,8706.4
28-Sep-16,3018.27,3097.25,8745.15
29-Sep-16,3170.81,3109.88,8591.25
30-Sep-16,3191.34,3112.26,8611.15
13-Oct-16,3351.49,2979.5,8573.35
14-Oct-16,3377.32,2963.12,8583.4
17-Oct-16,3344.42,2967.28,8520.4
18-Oct-16,3352.24,2977.07,8677.9
19-Oct-16,3433.8,2988.85,8659.1
20-Oct-16,3422.79,2996.1,8699.4
24-Oct-16,3377.88,2981.19,8708.95
25-Oct-16,3378.06,2986.3,8691.3
26-Oct-16,3314.63,2991.27,8615.25
27-Oct-16,3323.16,2990.12,8615.25
28-Oct-16,3307.78,2992.27,8638
01-Nov-16,3138.77,3017.81,8626.25
02-Nov-16,3057.37,3049.41,8514
04-Nov-16,2967.2,3052.03,8433.75
07-Nov-16,2984.87,3018.81,8497.05
08-Nov-16,2997.6,3004.22,8543.55
09-Nov-16,2984.68,3060.34,8432
10-Nov-16,3012.91,2999.81,8525.75
11-Nov-16,2972.24,2966.36,8296.3
15-Nov-16,3038.22,2931.38,8108.45
16-Nov-16,3112.2,2937.38,8111.6
17-Nov-16,3123.49,2928.94,8079.95
18-Nov-16,3098.76,2890.93,8074.1
21-Nov-16,3252.38,2907.84,7929.1
22-Nov-16,3308.37,2916.24,8002.3
25-Nov-16,3241.5,2853.58,8114.3
28-Nov-16,3205.38,2874.93,8126.9
29-Nov-16,3162.25,2863.78,8142.15
30-Nov-16,3293.19,2846.61,8224.5
01-Dec-16,3452.34,2806,8192.9
02-Dec-16,3481.01,2808.7,8086.8
05-Dec-16,3543.36,2796.76,8128.75
06-Dec-16,3466.69,2793.16,8143.15
07-Dec-16,3425.9,2791.1,8102.05
08-Dec-16,3391.93,2783.24,8246.85
09-Dec-16,3470.13,2767.76,8261.75
12-Dec-16,3611.37,2754.44,8170.8
13-Dec-16,3576.46,2755.43,8221.8
14-Dec-16,3533.81,2761.3,8182.45
15-Dec-16,3452.06,2709.51,8153.6
16-Dec-16,3483.55,2711.57,8139.45
19-Dec-16,3549.6,2722.24,8104.35
20-Dec-16,3640,2710.07,8082.4
21-Dec-16,3627.93,2709.21,8061.3
22-Dec-16,3589.52,2695.78,7979.1
28-Dec-16,3693.73,2727.71,8034.85
29-Dec-16,3673.85,2744.39,8103.6
30-Dec-16,3659.88,2754.2,8185.8
04-Jan-17,3594.17,2772.27,8190.5
05-Jan-17,3631.35,2788.21,8273.8
06-Jan-17,3673.9,2788.59,8243.8
10-Jan-17,3546.35,2811.68,8288.6
11-Jan-17,3533.77,2821.42,8380.65
12-Jan-17,3601.89,2842.64,8407.2
13-Jan-17,3598.18,2834.17,8400.35
16-Jan-17,3573.19,2853.92,8412.8
17-Jan-17,3600.72,2870.05,8398
18-Jan-17,3540.34,2875.29,8417
19-Jan-17,3529.39,2856.35,8435.1
20-Jan-17,3620.08,2861.47,8349.35
23-Jan-17,3606.64,2878.87,8391.5
24-Jan-17,3633.17,2874.5,8475.8
25-Jan-17,3618.15,2849.79,8602.75
03-Feb-17,3621.12,2884.75,8740.95
06-Feb-17,3610.69,2907.24,8801.05
07-Feb-17,3542.22,2927.87,8768.3
08-Feb-17,3493.96,2933.64,8769.05
09-Feb-17,3538.38,2923.78,8778.4
10-Feb-17,3588.65,2903.47,8793.55
13-Feb-17,3576.28,2907.16,8805.05
14-Feb-17,3567.75,2907.52,8792.3
15-Feb-17,3552.06,2901.76,8724.7
16-Feb-17,3568.91,2931.19,8778
17-Feb-17,3576.57,2938.01,8821.7
21-Feb-17,3662.98,2919.11,8907.85
22-Feb-17,3621.88,2925.39,8926.9
23-Feb-17,3641.37,2935.24,8939.5
27-Feb-17,3634.6,2964.06,8896.7
28-Feb-17,3592.48,2956.54,8879.6
01-Mar-17,3622.87,2937.79,8945.8
02-Mar-17,3560.21,2929.3,8899.75
03-Mar-17,3541.73,2906.52,8897.55
06-Mar-17,3551.59,2906.84,8963.45
07-Mar-17,3563.94,2884.8,8946.9
08-Mar-17,3496.31,2867.34,8924.3
09-Mar-17,3318.7,2850.11,8927
10-Mar-17,3291.32,2833.62,8934.55
14-Mar-17,3160.42,2815.95,9087
15-Mar-17,3190.26,2797.33,9084.8
16-Mar-17,3209.91,2843.81,9153.7
17-Mar-17,3204.66,2849.18,9160.05
21-Mar-17,3205.27,2858.15,9121.5
22-Mar-17,3140.51,2886.74,9030.45
23-Mar-17,3157.86,2885.54,9086.3
24-Mar-17,3144.12,2877.89,9108
27-Mar-17,3106.33,2888.05,9045.2
28-Mar-17,3154.28,2883.79,9100.8
29-Mar-17,3184.31,2869.67,9143.8
30-Mar-17,3246.23,2867.1,9173.75
31-Mar-17,3267.95,2858.22,9173.75
05-Apr-17,3346.55,2887.26,9265.15
06-Apr-17,3333.36,2881.54,9261.95
07-Apr-17,3363.39,2885.9,9198.3
10-Apr-17,3407.4,2871.02,9181.45
11-Apr-17,3428.39,2897.45,9237
12-Apr-17,3458.86,2923.76,9203.45
13-Apr-17,3424.43,2935.32,9150.8
18-Apr-17,3393.03,2937.69,9105.15
19-Apr-17,3373.27,2931.51,9103.5
20-Apr-17,3309.28,2926.01,9136.4
21-Apr-17,3255.77,2932.91,9119.4
24-Apr-17,3211.87,2907.62,9217.95
25-Apr-17,3176.89,2891.36,9306.6
26-Apr-17,3189.52,2872.72,9351.85
27-Apr-17,3142.27,2877.28,9342.15
28-Apr-17,3181.49,2885.05,9304.05
02-May-17,3133.19,2860.08,9313.8
08-May-17,2982.45,2812.82,9314.05
09-May-17,2993.86,2807.58,9316.85
10-May-17,3033.35,2806.86,9407.3
11-May-17,3091.19,2800.01,9422.4
12-May-17,3072.34,2804.96,9400.9
15-May-17,3152.07,2806.84,9445.4
16-May-17,3142.74,2809.57,9512.25
17-May-17,3141.47,2841.23,9525.75
18-May-17,3170.68,2881.37,9429.45
19-May-17,3255.83,2865.97,9427.9
22-May-17,3310.67,2870.35,9438.25
23-May-17,3318.06,2886.98,9386.15
24-May-17,3345.01,2870.3,9360.55
25-May-17,3267.33,2871.08,9509.75
26-May-17,3171.04,2883.16,9595.1
31-May-17,3139.23,2883.92,9621.25
01-Jun-17,3145.86,2891.87,9616.1
02-Jun-17,3062.82,2896.68,9653.5
05-Jun-17,3065.66,2923.03,9675.1
06-Jun-17,3061.71,2946.87,9637.15
07-Jun-17,3030.47,2947.72,9663.9
08-Jun-17,2948.07,2922.78,9647.25
09-Jun-17,2947.34,2901.06,9668.25
12-Jun-17,2986.3,2898.87,9616.4
13-Jun-17,2974.29,2890.06,9606.9
14-Jun-17,2925.66,2898.63,9618.15
15-Jun-17,2878.99,2879.26,9578.05
16-Jun-17,2886.27,2873.86,9588.05
19-Jun-17,2887.67,2859.43,9657.55
20-Jun-17,2831.44,2853.73,9653.5
21-Jun-17,2808.21,2856.79,9633.6
22-Jun-17,2775.54,2868.54,9630
23-Jun-17,2778.66,2874.52,9574.95
27-Jun-17,2844.53,2857.38,9511.4
28-Jun-17,2872.22,2864.23,9491.25
29-Jun-17,2923.78,2853.93,9504.1
30-Jun-17,2944.11,2848.34,9520.9
03-Jul-17,3017.28,2825.94,9615
05-Jul-17,2997.86,2810.58,9637.6
06-Jul-17,2977.48,2813.45,9674.55
07-Jul-17,2876.34,2793.22,9665.8
10-Jul-17,2858.25,2770.6,9771.05
11-Jul-17,2877.27,2775.65,9786.05
12-Jul-17,2955.91,2789.78,9816.1
13-Jul-17,2941.7,2788.27,9891.7
14-Jul-17,2983.93,2792.18,9886.35
18-Jul-17,2983.19,2821.45,9827.15
19-Jul-17,3012.61,2822.3,9899.6
20-Jul-17,3056.74,2824.57,9873.3
21-Jul-17,3000.45,2842.46,9915.25
24-Jul-17,2975.17,2855.98,9966.4
25-Jul-17,3050.1,2849.6,9964.55
26-Jul-17,3125.66,2836.71,10020.65
27-Jul-17,3136.78,2854.91,10020.55
28-Jul-17,3173.39,2860.04,10014.5
01-Aug-17,3178.98,2870.99,10114.65
02-Aug-17,3132.14,2858.84,10081.5
03-Aug-17,3161.16,2847.74,10013.65
04-Aug-17,3126.54,2849.48,10066.4
07-Aug-17,3134.4,2841.16,10057.4
08-Aug-17,3147.43,2843,9978.55
09-Aug-17,3153.93,2871.43,9908.05
10-Aug-17,3176.76,2906.39,9820.25
14-Aug-17,3112.75,2908.74,9794.15
16-Aug-17,3054.6,2888.86,9897.3
17-Aug-17,3004.96,2915.56,9904.15
18-Aug-17,3051.87,2927.54,9837.4
21-Aug-17,3090.01,2918.48,9754.35
22-Aug-17,3073.79,2912.96,9765.55
24-Aug-17,3072.56,2910.85,9857.05
28-Aug-17,3008.79,2932.58,9912.8
29-Aug-17,2976.86,2979.29,9796.05
30-Aug-17,2966.63,2955.23,9884.4
31-Aug-17,2997.64,2957.44,9917.9
05-Sep-17,3101.2,3012.88,9952.2
06-Sep-17,3149.9,3019.82,9916.2
07-Sep-17,3140.72,3020.19,9929.9
08-Sep-17,3107.87,3035.85,9934.8
11-Sep-17,3052.53,3001.89,10006.05
12-Sep-17,3085.85,2988.86,10093.05
13-Sep-17,3127.89,2994.97,10079.3
14-Sep-17,3202.04,2988.76,10086.6
15-Sep-17,3195.45,2992.95,10085.4
19-Sep-17,3218.55,2962.03,10147.55
20-Sep-17,3262.72,2975.38,10141.15
21-Sep-17,3285.47,2953.76,10121.9
22-Sep-17,3290.15,2964.61,9964.4
25-Sep-17,3346.53,2978.35,9872.6
26-Sep-17,3408.41,3001.52,9871.5
27-Sep-17,3425,2980.04,9735.75
28-Sep-17,3423.66,2964.02,9768.95
29-Sep-17,3374.35,2966.43,9788.6
10-Oct-17,3290.85,2981.2,10016.95
11-Oct-17,3334.18,2977.41,9984.8
12-Oct-17,3296.37,2983.19,10096.4
13-Oct-17,3328.71,2981.04,10167.45
16-Oct-17,3368.24,2990.82,10230.85
17-Oct-17,3367.09,2968.33,10234.45
18-Oct-17,3392.4,2959.11,10210.85
19-Oct-17,3355.85,2966.35,10146.55
23-Oct-17,3390.72,2946.92,10184.85
24-Oct-17,3403.97,2952.24,10207.7
25-Oct-17,3398.85,2939.7,10295.35
26-Oct-17,3398.31,2935.97,10343.8
27-Oct-17,3461.88,2926.56,10323.05
30-Oct-17,3512.63,2930.08,10363.65
31-Oct-17,3511.33,2925.08,10335.3
01-Nov-17,3533.1,2922.12,10440.5
02-Nov-17,3511.94,2926.82,10423.8
03-Nov-17,3547.43,2918.52,10452.5
06-Nov-17,3641.37,2922.97,10451.8
07-Nov-17,3727.19,2940.8,10350.15
08-Nov-17,3706.97,2950.27,10303.15
09-Nov-17,3715.99,2957.05,10308.95
10-Nov-17,3726.97,2959.37,10321.75
13-Nov-17,3719.13,2957.45,10224.95
14-Nov-17,3669.05,2954.34,10186.6
15-Nov-17,3609.15,2962.7,10118.05
16-Nov-17,3606.7,2949.9,10214.75
17-Nov-17,3639.73,2951.79,10283.6
20-Nov-17,3672.32,2958.81,10298.75
21-Nov-17,3686.79,2937.7,10326.9
22-Nov-17,3748.98,2943.37,10342.3
24-Nov-17,3797.02,2944.67,10389.7
27-Nov-17,3759.35,2949.91,10399.55
28-Nov-17,3726.25,2944.2,10370.25
29-Nov-17,3713.72,2937.6,10361.3
30-Nov-17,3710.88,2923.81,10226.55
01-Dec-17,3760.9,2928.88,10121.8
04-Dec-17,3723.23,2914.76,10127.75
05-Dec-17,3703.56,2905,10118.25
06-Dec-17,3669.76,2898.35,10044.1
07-Dec-17,3634.38,2877.76,10166.7
08-Dec-17,3690.86,2854.5,10265.65
11-Dec-17,3698.19,2844.34,10322.25
12-Dec-17,3739.1,2819.54,10240.15
13-Dec-17,3686.4,2816.53,10192.95
14-Dec-17,3635.55,2833.96,10252.1
15-Dec-17,3669.15,2829.89,10333.25
18-Dec-17,3687.17,2839.17,10388.75
19-Dec-17,3689.28,2844.34,10463.2
20-Dec-17,3705.75,2847.52,10444.2
21-Dec-17,3719.12,2849.29,10440.3
22-Dec-17,3725.11,2857.18,10493
27-Dec-17,3824.9,2890.01,10490.75
28-Dec-17,3822.85,2902.4,10477.9
04-Jan-18,3923.57,2914.9,10504.8
05-Jan-18,3893.76,2922.2,10558.85
09-Jan-18,3962.76,2920.65,10637
10-Jan-18,4039.26,2929.33,10632.2
11-Jan-18,4081.32,2934.25,10651.2
12-Jan-18,4039.9,2949.65,10681.25
16-Jan-18,4099.01,2979.99,10700.45
17-Jan-18,4069.57,2976.33,10788.55
18-Jan-18,4081.32,2961.68,10817
19-Jan-18,4037.69,2971.33,10894.7
22-Jan-18,4058.67,2980.09,10966.2
23-Jan-18,4098.22,2987.42,11083.7
24-Jan-18,4123.89,3010.01,11086
25-Jan-18,4202.84,3033.34,11069.65
29-Jan-18,4182.06,3006.83,11130.4
30-Jan-18,4122.6,3005.53,11049.65
31-Jan-18,4089.63,3007.13,11027.7
01-Feb-18,4172.09,3026.67,11016.9
02-Feb-18,4198.58,3044.79,10760.6
05-Feb-18,4156.05,3029.32,10666.55
06-Feb-18,4096.33,3043.28,10498.25
07-Feb-18,4039.52,3013.28,10476.7
08-Feb-18,3948.96,2993.1,10576.85
09-Feb-18,3866.32,3000.9,10454.95
14-Feb-18,3786.81,3035.78,10500.9
22-Feb-18,4035.45,3047.43,10382.7
23-Feb-18,4090.37,3047.44,10491.05
26-Feb-18,4131.79,3059.25,10582.6
27-Feb-18,4130.66,3047.5,10554.3
28-Feb-18,4088.06,3037.13,10492.85
01-Mar-18,3991.87,3020.98,10458.35
05-Mar-18,4033.24,3046.09,10358.85
06-Mar-18,4072.74,3052.07,10249.25
07-Mar-18,4020.41,3053.66,10154.2
08-Mar-18,3960.81,3046.69,10242.65
09-Mar-18,3974.41,3037.07,10226.85
12-Mar-18,3993.01,3033.61,10421.4
13-Mar-18,3958.7,3033.08,10426.85
14-Mar-18,3945.23,3044.96,10410.9
15-Mar-18,3974.36,3035.82,10360.15
16-Mar-18,4012.94,3025.14,10195.15
19-Mar-18,4041.12,3028.52,10094.25
20-Mar-18,4132.64,3028.23,10124.35
22-Mar-18,4223.98,3057.26,10114.75
23-Mar-18,4236.98,3083.08,9998.05
26-Mar-18,4253.77,3088.81,10130.65
27-Mar-18,4259.47,3081.78,10184.15
28-Mar-18,4197.91,3071.67,10113.7
03-Apr-18,4121.66,3080.3,10245
04-Apr-18,4087.71,3093.9,10128.4
09-Apr-18,4084.54,3070.44,10379.35
10-Apr-18,4202.68,3082.04,10402.25
11-Apr-18,4319.02,3123.35,10417.15
12-Apr-18,4352.55,3115.26,10458.65
13-Apr-18,4386.71,3105.07,10480.6
16-Apr-18,4354.9,3125.67,10528.35
17-Apr-18,4343.92,3130.64,10548.7
18-Apr-18,4442.4,3144.45,10526.2
19-Apr-18,4541.77,3153.99,10565.3
20-Apr-18,4515.32,3145.33,10564.05
23-Apr-18,4521.09,3130.32,10584.7
24-Apr-18,4576.5,3128.41,10614.35
25-Apr-18,4539.25,3138.03,10570.55
26-Apr-18,4566.41,3129.25,10617.8
27-Apr-18,4541.45,3119.92,10692.3
02-May-18,4503.23,3095.9,10718.05
08-May-18,4650.39,3117.27,10717.8
09-May-18,4779.76,3127.16,10741.7
10-May-18,4790.18,3137.57,10716.55
11-May-18,4794.91,3151.08,10806.5
14-May-18,4779.54,3150.64,10806.6
15-May-18,4839.08,3135.44,10801.85
16-May-18,4820.05,3104.64,10741.1
17-May-18,4865.56,3094.88,10682.7
18-May-18,4859.31,3105.07,10596.4
21-May-18,4892.24,3102.13,10516.7
23-May-18,4916.14,3126.41,10430.35
24-May-18,4871.43,3141.37,10513.85
25-May-18,4702.36,3132.48,10605.15
29-May-18,4537.23,3123.09,10633.3
30-May-18,4558.5,3108.74,10614.35
31-May-18,4556.82,3115.07,10736.15
01-Jun-18,4472.31,3098.09,10696.2
04-Jun-18,4389.29,3092.56,10628.5
05-Jun-18,4358.32,3095.07,10593.15
06-Jun-18,4361.17,3094.57,10684.65
07-Jun-18,4403.44,3108.12,10768.35
08-Jun-18,4443.93,3123,10767.65
11-Jun-18,4426.21,3116.59,10786.95
12-Jun-18,4475.7,3114.92,10842.85
13-Jun-18,4483.33,3115.2,10856.7
14-Jun-18,4513.77,3134.69,10808.05
15-Jun-18,4485.29,3121.58,10817.7
19-Jun-18,4429.63,3099.34,10710.45
20-Jun-18,4474.91,3083.94,10772.05
21-Jun-18,4447.07,3061.76,10741.1
22-Jun-18,4575.88,3061.17,10821.85
25-Jun-18,4680.54,3067.94,10762.45
26-Jun-18,4715.66,3055.9,10769.15
27-Jun-18,4946.56,3063.95,10671.4
28-Jun-18,5041.63,3061.32,10589.1
29-Jun-18,5057.35,3043.3,10714.3
03-Jul-18,5086.24,3040.57,10699.9
05-Jul-18,5080.79,3062.5,10749.75
06-Jul-18,5025.53,3062.09,10772.65
09-Jul-18,5054.93,3069.04,10852.9
10-Jul-18,5094.48,3055.67,10947.25
11-Jul-18,5005.24,3042.05,10948.3
12-Jul-18,4811.03,3022.32,11023.2
13-Jul-18,4833.31,3012.84,11018.9
16-Jul-18,4757.4,3017.75,10936.85
17-Jul-18,4632.63,2994.25,11008.05
18-Jul-18,4639.74,2972.17,10980.45
19-Jul-18,4731.1,2979.22,10957.1
20-Jul-18,4707.02,2985.36,11010.2
23-Jul-18,4729.26,2991.32,11084.75
24-Jul-18,4720.24,2988.2,11134.3
25-Jul-18,4746.15,2992.96,11132
26-Jul-18,4778.36,2988.38,11167.3
27-Jul-18,4755.95,2977.85,11278.35
30-Jul-18,4799.17,2979.76,11319.55
31-Jul-18,4750.08,2978.24,11356.5
01-Aug-18,4649.91,2975.4,11346.2
02-Aug-18,4671.37,2970.13,11244.7
03-Aug-18,4714.86,2962.8,11360.8
06-Aug-18,4767.11,2965.54,11387.1
07-Aug-18,4766.57,2966.68,11389.45
08-Aug-18,4654.38,2962.78,11450
09-Aug-18,4601.98,2966.86,11470.7
10-Aug-18,4629.32,2971.39,11429.5
13-Aug-18,4681.87,2982.22,11355.75
14-Aug-18,4731.31,2972.7,11435.1
16-Aug-18,4572.64,2941.51,11385.05
17-Aug-18,4612.35,2936.89,11470.75
20-Aug-18,4597.73,2946.37,11551.75
21-Aug-18,4615.91,2957.59,11570.9
23-Aug-18,4762.64,2962.2,11582.75
24-Aug-18,4822.2,2974.58,11557.1
27-Aug-18,4819.03,2998.81,11691.95
28-Aug-18,4833.49,3012.47,11738.5
29-Aug-18,4883.35,3013.53,11691.9
30-Aug-18,4964.24,3020.73,11676.8
31-Aug-18,4970.22,3024.8,11680.5
04-Sep-18,5042.93,3022.3,11520.3
05-Sep-18,4956.79,3035.6,11476.95
06-Sep-18,4912.82,3057.73,11536.9
07-Sep-18,4858.59,3048.21,11589.1
10-Sep-18,4936.08,3063.83,11438.1
11-Sep-18,4967.79,3065.74,11287.5
12-Sep-18,5075.64,3058.79,11369.9
14-Sep-18,4947.51,3052.78,11515.2
18-Sep-18,5055.59,3080.34,11278.9
19-Sep-18,5100.74,3080.04,11234.35
21-Sep-18,5126.6,3072.47,11143.1
26-Sep-18,5236.88,3075.82,11053.8
27-Sep-18,5248.95,3055.8,10977.55
28-Sep-18,5284.06,3048.51,10930.45
05-Oct-18,5528.75,3151.69,10316.45
09-Oct-18,5546.86,3132.52,10301.05
10-Oct-18,5501.9,3133.97,10460.1
11-Oct-18,5320.98,3171.26,10234.65
15-Oct-18,5285.01,3214.59,10512.5
16-Oct-18,5261.12,3203.09,10584.75
19-Oct-18,5087.88,3193.54,10303.55
22-Oct-18,5101.29,3186.16,10245.25
23-Oct-18,4984.51,3213.96,10146.8
24-Oct-18,4916.92,3191.55,10224.75
25-Oct-18,4920.39,3196.89,10124.9
26-Oct-18,4918.81,3205.35,10030
29-Oct-18,4945.3,3193.29,10250.85
30-Oct-18,4887.7,3184.91,10198.4
31-Oct-18,4916.81,3180.52,10386.6
01-Nov-18,4735.03,3184.65,10380.45
02-Nov-18,4613.56,3170.74,10553
05-Nov-18,4626.93,3177.8,10524
07-Nov-18,4563.35,3161.39,10598.4
09-Nov-18,4357.45,3117.05,10585.2
12-Nov-18,4440.53,3111.11,10482.2
13-Nov-18,4223.71,3084.5,10582.5
14-Nov-18,4065,3068.76,10576.3
15-Nov-18,4069.95,3085.61,10616.7
16-Nov-18,4118.27,3098.86,10682.2
19-Nov-18,4059.55,3090.85,10763.4
20-Nov-18,3990.96,3088.83,10656.2
21-Nov-18,3904.16,3081.53,10600.05
26-Nov-18,3650.83,3061.62,10628.6
27-Nov-18,3658.8,3055.87,10685.6
28-Nov-18,3650.91,3038.39,10728.85
29-Nov-18,3562.52,3033.84,10858.7
30-Nov-18,3555.67,3025.03,10876.75
03-Dec-18,3741.88,3072.12,10883.75
04-Dec-18,3789.31,3102.15,10869.5
06-Dec-18,3652.98,3119.64,10601.15
07-Dec-18,3725.72,3132.24,10693.7
10-Dec-18,3747.35,3185.36,10488.45
11-Dec-18,3729.76,3188.43,10549.15
12-Dec-18,3772.49,3178.32,10737.6
13-Dec-18,3678.82,3159.78,10791.55
14-Dec-18,3749.45,3156.34,10805.45
17-Dec-18,3656.26,3149.3,10888.35
18-Dec-18,3453.05,3133.6,10908.7
19-Dec-18,3339.02,3117.75,10967.3
20-Dec-18,3280.12,3113.95,10951.7
21-Dec-18,3235.87,3126.46,10754
27-Dec-18,3208.16,3166.44,10779.8
28-Dec-18,3185.08,3165.97,10859.9
04-Jan-19,3364.21,3166.13,10727.35
07-Jan-19,3428.06,3163.03,10771.8
08-Jan-19,3457.49,3165.83,10802.15
09-Jan-19,3611.35,3183.93,10855.15
10-Jan-19,3667.74,3202.96,10821.6
11-Jan-19,3690.99,3200.11,10794.95
15-Jan-19,3657.85,3219.83,10886.8
16-Jan-19,3696.69,3225.62,10890.3
17-Jan-19,3678.55,3231.13,10905.2
18-Jan-19,3779.12,3218.49,10906.95
22-Jan-19,3791.86,3213.14,10922.75
23-Jan-19,3786.04,3215.69,10831.5
24-Jan-19,3756.94,3206.43,10849.8
25-Jan-19,3808.16,3220.6,10780.55
28-Jan-19,3733.08,3253.04,10661.55
29-Jan-19,3770.19,3275.02,10652.2
30-Jan-19,3855.1,3292.91,10651.8
31-Jan-19,3892.64,3308.11,10830.95
01-Feb-19,3873.11,3325.1,10893.65
12-Feb-19,3775.61,3294.56,10831.4
13-Feb-19,3820.41,3297.07,10793.65
14-Feb-19,3845.53,3300.42,10746.05
15-Feb-19,3925.93,3330.86,10724.4
18-Feb-19,4004.22,3356.73,10640.95
19-Feb-19,4000.33,3374.09,10604.35
20-Feb-19,4041.04,3391.13,10735.45
21-Feb-19,4075.88,3364.78,10789.85
22-Feb-19,4091.33,3344.46,10791.65
25-Feb-19,4005.4,3343.26,10880.1
26-Feb-19,3960.17,3344.77,10835.3
27-Feb-19,4043.24,3347.94,10806.65
28-Feb-19,4049.73,3321.42,10792.5
01-Mar-19,4049.64,3286.76,10863.5
05-Mar-19,4004.61,3220.24,10987.45
06-Mar-19,3940.16,3209.14,11053
07-Mar-19,3967.85,3188.51,11058.2
08-Mar-19,3888.74,3210.49,11035.4
11-Mar-19,3960.4,3206.32,11168.05
12-Mar-19,3984.62,3198.43,11301.2
13-Mar-19,4016.61,3222.53,11341.7
14-Mar-19,4060.15,3197.06,11343.25
15-Mar-19,4038.12,3186.85,11426.85
18-Mar-19,4027.42,3168.62,11462.2
19-Mar-19,4070.82,3186.95,11532.4
20-Mar-19,4101.77,3181.18,11521.05
22-Mar-19,4099.99,3202.33,11456.9
25-Mar-19,4067.51,3220.1,11354.25
26-Mar-19,4137.36,3214.62,11483.25
27-Mar-19,4133.35,3211.84,11445.05
28-Mar-19,4090.12,3192.27,11570
29-Mar-19,4169.54,3177.48,11623.9
01-Apr-19,4231.93,3187.28,11669.15
02-Apr-19,4296.5,3175.45,11713.2
03-Apr-19,4303.59,3165.64,11643.95
04-Apr-19,4317.18,3172.81,11598
08-Apr-19,4442.96,3217.59,11604.5
09-Apr-19,4463.06,3220.71,11671.95
10-Apr-19,4460.32,3218.59,11584.3
11-Apr-19,4415.27,3199.09,11596.7
12-Apr-19,4447.95,3189.69,11643.45
15-Apr-19,4400.56,3177.87,11690.35
16-Apr-19,4416.18,3169.28,11787.15
18-Apr-19,4432.11,3149.12,11752.8
23-Apr-19,4626.1,3155.45,11575.95
24-Apr-19,4632.49,3165.08,11726.15
25-Apr-19,4642.72,3187.25,11641.8
26-Apr-19,4469.88,3191.63,11754.65
07-May-19,4288,3163.64,11497.9
08-May-19,4304.81,3180.07,11359.45
09-May-19,4321.18,3189.45,11301.8
10-May-19,4334.21,3190.34,11278.9
14-May-19,4334.05,3236.23,11222.05
15-May-19,4330.38,3229.18,11157
16-May-19,4406.3,3211.85,11257.1
17-May-19,4434.44,3192.3,11407.15
20-May-19,4394.03,3147.85,11828.25
21-May-19,4427.46,3146.05,11709.1
22-May-19,4335.73,3146.05,11737.9
23-May-19,4145.26,3155.86,11657.05
24-May-19,4065.95,3159.24,11844.1
28-May-19,4122.85,3162.05,11928.75
29-May-19,4052.24,3176.09,11861.1
30-May-19,4091.59,3172.19,11945.9
31-May-19,3860.34,3209.21,11922.8
03-Jun-19,3723.33,3236.3,12088.55
04-Jun-19,3687.47,3252.88,12021.65
06-Jun-19,3591.42,3277.16,11843.75
10-Jun-19,3766.81,3269.62,11922.7
11-Jun-19,3726.84,3258.99,11965.6
12-Jun-19,3611.08,3277.42,11906.2
13-Jun-19,3648.37,3286.04,11914.05
14-Jun-19,3654.26,3320.41,11823.3
17-Jun-19,3653.12,3301.58,11672.15
18-Jun-19,3677.4,3309.84,11691.5
19-Jun-19,3758.4,3307.45,11691.45
20-Jun-19,3917.8,3385.32,11831.75
21-Jun-19,4006.48,3418.9,11724.1
24-Jun-19,4011.32,3435.94,11699.65
25-Jun-19,4025.07,3471.4,11796.45
26-Jun-19,4119.02,3430.46,11847.55
27-Jun-19,4100.13,3416.56,11841.55
28-Jun-19,4100.63,3429.27,11788.85
02-Jul-19,4015.95,3384.74,11910.3
03-Jul-19,3904.12,3434.82,11916.75
05-Jul-19,3910.44,3470.9,11811.15
08-Jul-19,3966.96,3468.01,11558.6
09-Jul-19,3965.25,3450.95,11555.9
10-Jul-19,4065.31,3463.68,11498.9
11-Jul-19,4146.41,3497.74,11582.9
12-Jul-19,4142.87,3483.59,11552.5
15-Jul-19,4123.54,3491.24,11588.35
16-Jul-19,4068.25,3491.56,11662.6
17-Jul-19,3964.66,3496.96,11687.5
18-Jul-19,3871.95,3513.81,11596.9
22-Jul-19,3895.74,3520.51,11346.2
23-Jul-19,3887.13,3511.78,11331.05
24-Jul-19,3938.4,3514.35,11271.3
25-Jul-19,3901.65,3512.12,11252.15
26-Jul-19,3878.62,3494.99,11284.3
29-Jul-19,3881.31,3492.66,11189.2
30-Jul-19,3950.29,3501.24,11085.4
01-Aug-19,3933.43,3516.79,10980
02-Aug-19,3858.76,3604.41,10997.35
05-Aug-19,3895.69,3706.74,10862.6
06-Aug-19,3891.65,3724.84,10948.25
07-Aug-19,3710.79,3802.82,10855.5
08-Aug-19,3708.02,3786.27,11032.45
09-Aug-19,3808.6,3798.24,11109.65
13-Aug-19,3964.59,3825.12,10925.85
14-Aug-19,3944.74,3809.9,11029.4
16-Aug-19,3910.17,3798.87,11047.8
19-Aug-19,3965.53,3780.4,11053.9
20-Aug-19,4020.31,3794.26,11017
21-Aug-19,4047.39,3794.42,10918.7
22-Aug-19,4012.22,3810.18,10741.35
23-Aug-19,3906.34,3835.53,10829.35
27-Aug-19,3884.54,3889.73,11105.35
28-Aug-19,4023.97,3912.38,11046.1
29-Aug-19,4040.51,3914.66,10948.3
30-Aug-19,3997.38,3880.63,11023.25
03-Sep-19,3895.03,3944.43,10797.9
04-Sep-19,3985.14,3962.39,10844.65
05-Sep-19,4077.65,3923.09,10847.9
06-Sep-19,4001.18,3870.57,10946.2
09-Sep-19,4111.69,3853.03,11003.05
11-Sep-19,4100.98,3818.05,11035.7
12-Sep-19,3916.66,3804.07,10982.8
17-Sep-19,4353.61,3810.99,10817.6
18-Sep-19,4169.85,3793.14,10840.65
19-Sep-19,4184.69,3777.89,10704.8
24-Sep-19,4115.71,3804.68,11588.2
25-Sep-19,4009,3804.78,11440.2
26-Sep-19,3994.94,3781.22,11571.2
27-Sep-19,3954.1,3778.36,11512.4
30-Sep-19,3918.36,3756.05,11474.45
09-Oct-19,3780.15,3844.2,11313.3
10-Oct-19,3764.76,3834.75,11234.55
11-Oct-19,3860.65,3797.73,11305.05
15-Oct-19,3806.68,3820.82,11428.3
16-Oct-19,3796.53,3812.25,11464
17-Oct-19,3779.59,3812.89,11586.35
18-Oct-19,3846.41,3809.96,11661.85
23-Oct-19,3877.93,3805.04,11604.1
24-Oct-19,3980.03,3817.35,11582.6
25-Oct-19,3979.52,3841.5,11583.9
29-Oct-19,3921.44,3791.15,11786.85
30-Oct-19,3914.5,3801.01,11844.1
31-Oct-19,3875.19,3836.55,11877.45
05-Nov-19,4028.82,3817.89,11917.2
06-Nov-19,4044.99,3808.68,11966.05
07-Nov-19,4055.7,3790.82,12012.05
08-Nov-19,4028.31,3771.71,11908.15
11-Nov-19,4056.8,3771.25,11913.45
13-Nov-19,4088.64,3799.28,11840.45
14-Nov-19,4130.16,3816.68,11872.1
15-Nov-19,3885.29734,3799.356462,11895.45
18-Nov-19,3860.652208,3799.416847,11884.5
19-Nov-19,3930.845209,3810.413222,11940.1
20-Nov-19,3944.431099,3817.229284,11999.1
21-Nov-19,3850.152919,3806.463604,11968.4
22-Nov-19,3802.247871,3801.335031,11914.4
25-Nov-19,3836.144731,3777.597339,12073.75
26-Nov-19,3818.572272,3767.23124,12037.7
27-Nov-19,3827.866444,3761.418669,12100.7
29-Nov-19,3897.45375,3786.609298,12056.05
02-Dec-19,3945.912498,3787.147187,12048.2
03-Dec-19,3960.871559,3812.721635,11994.2
04-Dec-19,3855.435728,3823.483356,12043.2
05-Dec-19,3806.249179,3809.143423,12018.4
06-Dec-19,3805.732317,3787.493375,11921.5
09-Dec-19,3804.16467,3762.94634,11937.5
10-Dec-19,3802.171693,3760.493132,11856.8
11-Dec-19,3822.106313,3762.97209,11910.15
12-Dec-19,3798.462199,3774.412144,11971.8
13-Dec-19,3762.823565,3764.482775,12086.7
16-Dec-19,3730.674724,3786.685683,12053.95
17-Dec-19,3700.244751,3792.039432,12165
18-Dec-19,3683.67339,3791.93936,12221.65
20-Dec-19,3677.105289,3803.086098,12271.8
23-Dec-19,3692.416334,3817.815323,12262.75
24-Dec-19,3665.774935,3843.874416,12214.55
27-Dec-19,3627.674719,3880.895927,12245.8
30-Dec-19,3603.523723,3898.193726,12255.85
06-Jan-20,3463.434447,4081.210112,11993.05
07-Jan-20,3529.110183,4051.224633,12052.95
08-Jan-20,3585.042146,4077.813877,12025.35
09-Jan-20,3744.073906,3983.688692,12215.9
10-Jan-20,3775.474448,3974.565284,12256.8
14-Jan-20,3849.853927,3941.768424,12362.3
15-Jan-20,3876.107418,3962.384947,12343.3
16-Jan-20,3850.212742,3969.05876,12355.5
17-Jan-20,3814.320701,3984.136953,12352.35
21-Jan-20,3829.849184,3995.193947,12169.85
22-Jan-20,3881.760665,3988.088978,12106.9
23-Jan-20,4013.232998,4004.527195,12180.35
03-Feb-20,3753,4086.379817,11707.9
04-Feb-20,3702,4033.869177,11979.65
05-Feb-20,3666,4011.80745,12089.15
06-Feb-20,3750,4025.818081,12137.95
07-Feb-20,3715,4051.982504,12098.35
10-Feb-20,3712,4062.806501,12031.5
12-Feb-20,3665,4041.56023,12201.2
13-Feb-20,3751,4063.55936,12174.65
14-Feb-20,4284.181881,4079.808537,12113.45
18-Feb-20,4325.48407,4118.209091,11992.5
19-Feb-20,3820,4151.233561,12125.9
20-Feb-20,3898,4183.522671,12080.85
25-Feb-20,3798,4274.365984,11797.9
26-Feb-20,3749,4251.236464,11678.5
27-Feb-20,3627,4268.214262,11633.3
28-Feb-20,3433,4221.534994,11201.75
02-Mar-20,3332,4199.806969,11132.75
03-Mar-20,3418,4267.047729,11303.3
04-Mar-20,3539,4355.277424,11251
05-Mar-20,3560,4377.064267,11269
06-Mar-20,3504,4448.768763,10989.45
09-Mar-20,3293,4426.642079,10451.45
12-Mar-20,2599,4280.815336,9590.15
16-Mar-20,2528,3976.207447,9197.4
17-Mar-20,2338,3960.026294,8967.05
18-Mar-20,2266,3981.918102,8468.8
19-Mar-20,1910,3966.262441,8263.45
23-Mar-20,2075,4069.863328,7610.25
24-Mar-20,2008,4157.811464,7801.05
25-Mar-20,2082,4227.894529,8317.85
26-Mar-20,2164,4269.867556,8641.45
27-Mar-20,2001,4340.925618,8660.25
30-Mar-20,1952,4326.653677,8281.1
31-Mar-20,1907,4319.254133,8597.75
01-Apr-20,1972,4302.698139,8253.8
03-Apr-20,1917,4373.534936,8083.8
07-Apr-20,2245,4504.715843,8792.2
08-Apr-20,2378,4488.335451,8748.75
09-Apr-20,2273,4513.662551,9111.9
16-Apr-20,2090,4693.79426,8992.8
17-Apr-20,2106,4598.08872,9266.75
20-Apr-20,2014,4557.71584,9261.85
21-Apr-20,1772,4579.90433,8981.45
22-Apr-20,1324,4591.472358,9187.3
23-Apr-20,937,4650.704662,9313.9
24-Apr-20,1289,4659.173756,9154.4
27-Apr-20,1350,4637.982477,9282.3
28-Apr-20,1066,4587.319814,9380.9
29-Apr-20,1005,4585.894259,9553.35
