Date,USD,CRUDE,GOLD,10DMA,EMA,Close
16-Nov-15,65.88600101,2720.476083,2555.055049,7915.385,7915.385,7806.6
17-Nov-15,65.9810009,2741.896335,2519.405723,7894.06,7901.233182,7837.55
18-Nov-15,66.03300078,2726.358987,2509.334725,7861.17,7870.427149,7731.8
19-Nov-15,66.09000057,2724.235882,2525.883996,7841.425,7865.39494,7842.75
20-Nov-15,66.05799945,2793.100289,2535.824866,7831.535,7863.786769,7856.55
23-Nov-15,66.39500046,2781.402157,2516.419638,7821.03,7861.14372,7849.25
24-Nov-15,66.26200021,2850.853099,2527.460862,7812.67,7855.772135,7831.6
26-Nov-15,66.56499972,2872.913785,2531.094496,7822.715,7860.86811,7883.8
27-Nov-15,66.90700107,2836.640502,2516.96434,7834.485,7875.746636,7942.7
30-Nov-15,66.46199916,2822.835375,2507.912464,7851.785,7886.565429,7935.25
1-Dec-15,66.43400151,2794.364891,2533.486356,7866.615,7898.989897,7954.9
2-Dec-15,66.59100153,2758.769056,2519.367639,7875.995,7904.873552,7931.35
3-Dec-15,66.79000108,2734.007017,2507.409395,7889.23,7897.46927,7864.15
4-Dec-15,66.64299952,2740.659491,2545.183368,7883.145,7876.456675,7781.9
7-Dec-15,66.77300044,2604.183772,2562.880267,7874.03,7856.264552,7765.4
8-Dec-15,66.85699963,2529.233087,2548.355037,7859.275,7828.161906,7701.7
9-Dec-15,66.85500166,2554.120004,2558.873277,7837.365,7788.950651,7612.5
10-Dec-15,66.75599955,2487.562306,2546.330483,7817.315,7769.741442,7683.3
11-Dec-15,67.14800145,2439.119096,2546.395323,7784.09,7740.779361,7610.45
14-Dec-15,67.09299794,2402.587656,2548.290097,7755.57,7724.283114,7650.05
15-Dec-15,66.86299872,2479.750596,2530.185108,7730.17,7720.031639,7700.9
16-Dec-15,66.4760002,2455.636306,2535.638398,7712.125,7725.644068,7750.9
17-Dec-15,66.42100195,2359.493929,2503.298095,7710.145,7747.226965,7844.35
18-Dec-15,66.25499786,2369.84846,2499.718782,7708.15,7749.90388,7761.95
21-Dec-15,66.25099907,2390.704373,2525.609682,7715.055,7765.275902,7834.45
22-Dec-15,66.24399904,2415.422607,2531.991715,7723.495,7769.062102,7786.1
23-Dec-15,66.03699947,2474.516081,2515.191758,7748.84,7786.678083,7865.95
24-Dec-15,65.94700024,2519.013332,2517.401538,7766.615,7800.20025,7861.05
28-Dec-15,66.13700187,2474.302809,2515.22339,7798.085,7822.918386,7925.15
29-Dec-15,66.23499993,2496.313906,2519.951718,7825.975,7842.196861,7928.95
30-Dec-15,66.47500151,2462.83106,2509.120654,7845.51,7852.024705,7896.25
31-Dec-15,66.20799971,2456.284298,2493.063052,7865.055,7869.174758,7946.35
1-Jan-16,66.23499993,2483.568794,2497.090889,7876.94,7886.270257,7963.2
4-Jan-16,66.57899988,2504.76255,2531.491757,7879.875,7869.002938,7791.3
5-Jan-16,66.48099853,2445.324947,2541.03776,7874.895,7853.66604,7784.65
6-Jan-16,66.69800139,2350.548065,2563.484699,7870.385,7833.181305,7741
7-Jan-16,66.89100125,2229.599418,2598.610783,7840.62,7785.021068,7568.3
8-Jan-16,66.84700205,2247.157121,2593.811684,7814.65,7751.626328,7601.35
11-Jan-16,66.7600016,2173.536165,2599.056542,7778.52,7717.485178,7563.85
12-Jan-16,66.94600109,2091.430424,2578.575646,7736.655,7679.815145,7510.3
13-Jan-16,66.9169987,2080.837705,2562.151387,7703.27,7658.466937,7562.4
14-Jan-16,67.3160013,2100.120202,2585.997342,7662.315,7636.345676,7536.8
15-Jan-16,67.77500028,2032.118534,2597.240691,7609.775,7600.246462,7437.8
18-Jan-16,67.66099918,1993.404825,2604.112414,7565.745,7554.928924,7351
19-Jan-16,67.73400099,2031.347819,2597.652242,7530.79,7533.141847,7435.1
20-Jan-16,67.95800005,1965.147618,2635.414169,7487.62,7492.443329,7309.3
21-Jan-16,67.79900037,1971.538552,2633.096442,7458.47,7453.235451,7276.8
22-Jan-16,67.54900072,2122.229058,2617.999796,7440.58,7447.638096,7422.45
25-Jan-16,67.75500171,2144.235846,2635.96297,7427.81,7445.549351,7436.15
27-Jan-16,68.14400136,2142.420115,2674.705047,7420.555,7444.131288,7437.75
28-Jan-16,68.05300158,2266.028143,2675.921788,7406.78,7440.589235,7424.65
29-Jan-16,67.87799934,2298.594158,2661.818608,7409.455,7462.945738,7563.55
1-Feb-16,67.83499788,2223.19078,2684.765566,7421.27,7479.855604,7555.95
2-Feb-16,67.97499961,2094.783032,2696.079092,7431.725,7475.436403,7455.55
3-Feb-16,67.93399804,2104.858986,2713.188811,7424.395,7454.775239,7361.8
4-Feb-16,67.54400019,2217.386314,2732.501742,7433.865,7445.543377,7404
5-Feb-16,67.81000207,2163.663881,2744.22204,7455.095,7453.462763,7489.1
8-Feb-16,68.0340004,2081.865024,2805.844012,7451.575,7441.424079,7387.25
9-Feb-16,67.90099817,2038.238088,2836.557554,7437.78,7415.383337,7298.2
10-Feb-16,67.86100221,1934.222753,2820.26189,7415.575,7379.077276,7215.7
11-Feb-16,68.47100079,1854.077791,2937.211235,7370.745,7305.854135,6976.35
12-Feb-16,68.11799781,1940.911717,2953.363438,7312.485,7246.780656,6980.95
15-Feb-16,68.13100175,2041.45009,2879.47939,7273.185,7231.538718,7162.95
16-Feb-16,68.47400141,2069.609012,2881.860991,7232.455,7198.213497,7048.25
17-Feb-16,68.32900196,2071.865225,2888.103325,7207.12,7181.892861,7108.45
18-Feb-16,68.5419986,2170.342399,2896.963692,7185.895,7183.685068,7191.75
19-Feb-16,68.54500075,2127.523793,2946.92297,7158.06,7188.605965,7210.75
22-Feb-16,68.5329984,2296.153399,2898.517119,7142.79,7196.959426,7234.55
23-Feb-16,68.5609979,2262.127163,2924.344289,7123.925,7181.066803,7109.55
24-Feb-16,68.43100034,2167.478301,2959.420427,7104.225,7151.545566,7018.7
25-Feb-16,68.76800131,2208.712256,2962.989301,7103.65,7118.646372,6970.6
26-Feb-16,68.73700226,2334.160178,2949.678485,7108.53,7102.483395,7029.75
29-Feb-16,68.2079992,2283.960505,2958.562375,7090.94,7081.495505,6987.05
1-Mar-16,67.7530002,2333.139001,2955.632993,7108.345,7107.096323,7222.3
2-Mar-16,67.39499994,2326.405283,2922.088358,7134.385,7154.6879,7368.85
3-Mar-16,67.12199994,2349.019427,2942.985541,7162.77,7213.035555,7475.6
4-Mar-16,66.93800209,2368.617642,2980.021933,7190.23,7262.547272,7485.35
8-Mar-16,67.31300162,2536.735694,3000.066001,7215.305,7303.047768,7485.3
9-Mar-16,67.12800162,2526.836523,2955.353475,7257.53,7344.639083,7531.8
10-Mar-16,67.30200205,2555.26358,2949.800299,7304.275,7370.368341,7486.15
11-Mar-16,66.92100217,2603.365329,2971.494454,7358.235,7395.792279,7510.2
14-Mar-16,67.13799779,2525.954557,2941.072668,7409.135,7421.784592,7538.75
15-Mar-16,67.37200212,2467.007209,2905.751936,7456.49,7428.841939,7460.6
16-Mar-16,67.17299882,2534.064194,2904.123274,7484.135,7441.552495,7498.75
17-Mar-16,66.61899855,2646.543347,2948.13059,7498.505,7454.461132,7512.55
18-Mar-16,66.38399917,2729.896748,2923.891114,7511.38,7481.713654,7604.35
21-Mar-16,66.49999993,2750.425529,2896.678379,7533.27,7522.174808,7704.25
22-Mar-16,66.75500133,2770.408198,2915.400897,7556.23,7557.215752,7714.9
23-Mar-16,66.93000052,2731.048035,2874.504867,7574.7,7586.176524,7716.5
28-Mar-16,66.60799834,2654.666726,2846.326815,7587.595,7591.435338,7615.1
29-Mar-16,66.37500163,2586.353109,2857.542913,7596.275,7592.447095,7597
30-Mar-16,66.37500163,2597.901551,2866.882065,7615.92,7618.402168,7735.2
31-Mar-16,66.25499786,2552.236677,2863.549025,7643.7,7640.219956,7738.4
1-Apr-16,66.36499793,2501.867664,2860.297357,7665.13,7653.461782,7713.05
4-Apr-16,66.10599965,2438.993447,2838.127404,7689.755,7672.614185,7758.8
5-Apr-16,66.42199902,2380.255784,2875.347917,7689.64,7659.993424,7603.2
6-Apr-16,66.51699898,2487.833694,2870.643081,7680.65,7651.69462,7614.35
7-Apr-16,66.75699779,2507.388807,2893.995827,7663.805,7632.559235,7546.45
8-Apr-16,66.55100103,2608.952059,2898.105508,7647.675,7618.493919,7555.2
11-Apr-16,66.28700124,2667.577006,2927.391899,7653.305,7628.113207,7671.4
12-Apr-16,66.28299858,2731.64143,2936.848937,7664.5,7642.810805,7708.95
13-Apr-16,66.49599804,2784.894631,2916.991182,7676.025,7680.563386,7850.45
18-Apr-16,66.4159994,2630.240863,2906.824643,7693.655,7723.13368,7914.7
20-Apr-16,66.16600176,2824.415885,2929.312754,7713.825,7757.973011,7914.75
21-Apr-16,66.4889992,2927.268102,2948.704339,7729.15,7785.987009,7912.05
22-Apr-16,66.66000067,2931.903878,2927.271929,7758.76,7806.589371,7899.3
25-Apr-16,66.6850006,2906.646334,2918.617276,7782.83,7815.400394,7855.05
26-Apr-16,66.40399901,2900.024357,2915.511395,7824.45,7842.17305,7962.65
27-Apr-16,66.36199873,2980.562481,2934.194813,7866.92,7867.214314,7979.9
28-Apr-16,66.40100069,3032.827645,2954.977956,7884.505,7863.584438,7847.25
29-Apr-16,66.42499923,3076.558087,3008.505044,7898.59,7861.078177,7849.8
2-May-16,66.34599876,3022.667679,3037.814718,7894.135,7851.045781,7805.9
3-May-16,66.55799964,2949.752462,3029.853143,7877.365,7832.128366,7747
4-May-16,66.62700139,2939.726609,3012.411134,7856.545,7809.295936,7706.55
5-May-16,66.55799964,3008.505836,3005.475977,7838.89,7795.878493,7735.5
6-May-16,66.60000007,2957.707831,3024.099045,7822.305,7784.527858,7733.45
9-May-16,66.75199797,2977.082995,2998.599654,7823.405,7799.350066,7866.05
10-May-16,66.63100131,2932.897817,2976.739756,7815.92,7815.431872,7887.8
11-May-16,66.56099886,3006.052738,2998.186097,7802.815,7821.507895,7848.85
12-May-16,66.75699779,3096.854727,2989.116626,7808.13,7835.851914,7900.4
13-May-16,66.85500166,3090.012465,2994.675467,7804.64,7832.042475,7814.9
16-May-16,66.84399934,3168.32017,3013.445996,7810.125,7837.262025,7860.75
17-May-16,66.82500183,3212.958326,3001.623879,7824.5,7846.987112,7890.75
18-May-16,67.13999918,3255.001627,3001.281547,7840.86,7851.198546,7870.15
19-May-16,67.43599902,3210.43646,2974.375753,7845.65,7838.871537,7783.4
20-May-16,67.4080019,3294.556548,2978.096103,7847.275,7822.658531,7749.7
23-May-16,67.40900156,3243.880801,2967.130132,7833.775,7806.002434,7731.05
24-May-16,67.63000194,3283.762436,2951.576437,7819.88,7795.611083,7748.85
25-May-16,67.2729982,3322.875799,2903.263268,7828.485,7820.93634,7934.9
26-May-16,66.92699931,3346.270779,2897.257456,7845.41,7866.157006,8069.65
27-May-16,67.03099802,3298.686067,2871.838465,7879.585,7918.973914,8156.65
30-May-16,67.17099997,3338.470379,2859.307762,7911.36,7966.160475,8178.5
31-May-16,67.20899848,3345.526213,2878.799656,7938.295,8001.422207,8160.1
1-Jun-16,67.43399813,3283.30123,2899.029695,7969.275,8033.881805,8179.95
2-Jun-16,67.26800225,3292.841806,2893.049737,8012.83,8067.530568,8218.95
3-Jun-16,67.0000006,3286.011315,2920.441337,8059.94,8095.397738,8220.8
6-Jun-16,66.79000108,3312.244831,2943.340692,8106.94,8114.60724,8201.05
7-Jun-16,66.65800113,3342.177584,2931.820514,8158.7,8142.215014,8266.45
8-Jun-16,66.49999993,3394.15096,2957.013889,8192.515,8166.003194,8273.05
9-Jun-16,66.75300055,3393.021172,2977.360153,8205.91,8172.838977,8203.6
10-Jun-16,66.95199823,3328.116206,2996.55097,8207.25,8172.33189,8170.05
13-Jun-16,67.18699862,3271.693364,3036.661616,8200.46,8161.10791,8110.6
14-Jun-16,67.29199774,3255.365394,3044.297574,8195.335,8151.606472,8108.85
15-Jun-16,67.07900129,3233.522599,3042.324823,8198,8161.605295,8206.6
16-Jun-16,67.31499987,3162.843079,3097.423254,8190.18,8157.813423,8140.75
17-Jun-16,67.07399811,3171.20116,3047.229002,8185.12,8160.065528,8170.2
20-Jun-16,67.55099932,3315.674084,3052.885129,8188.865,8174.326341,8238.5
21-Jun-16,67.62400162,3350.530829,3041.408781,8184.21,8182.612461,8219.9
22-Jun-16,67.44899861,3371.986743,3015.326907,8177.275,8186.446559,8203.7
23-Jun-16,67.27899976,3351.214402,2999.544069,8183.96,8201.719912,8270.45
24-Jun-16,67.88499874,3261.986622,3153.877693,8175.815,8181.152655,8088.6
27-Jun-16,67.91399779,3202.340067,3160.056881,8174.225,8165.433991,8094.7
28-Jun-16,67.71499868,3224.757616,3129.616184,8176.125,8158.600538,8127.85
29-Jun-16,67.42199983,3299.586321,3135.43512,8175.865,8166.854985,8204
30-Jun-16,67.50399978,3319.562287,3121.761173,8190.565,8188.835897,8287.75
1-Jul-16,67.19000062,3264.377474,3151.164513,8206.38,8214.202098,8328.35
4-Jul-16,67.26499779,3303.380649,3180.176055,8219.6,8242.656262,8370.7
5-Jul-16,67.43399813,3203.858325,3177.932437,8231.205,8259.61876,8335.95
7-Jul-16,67.49500132,3172.985348,3198.198774,8244.625,8273.851712,8337.9
8-Jul-16,67.13899847,3064.731005,3168.457373,8249.9,8282.824128,8323.2
11-Jul-16,67.13799779,3035.085169,3170.265446,8287.83,8316.474287,8467.9
12-Jul-16,66.97500171,3083.017239,3137.688026,8330.465,8353.669871,8521.05
13-Jul-16,67.01599873,3071.893024,3124.921877,8369.63,8383.820804,8519.5
14-Jul-16,66.8429985,3042.70089,3095.36191,8405.73,8416.762476,8565
15-Jul-16,67.14099993,3072.061717,3099.958151,8431.095,8439.423844,8541.4
18-Jul-16,67.13700165,3059.969549,3101.592668,8449.13,8452.019508,8508.7
19-Jul-16,67.20399848,3051.623625,3106.159203,8464.915,8465.934143,8528.55
20-Jul-16,67.16300125,3073.290677,3090.215759,8487.905,8484.100663,8565.85
21-Jul-16,67.15300214,3073.907634,3086.372124,8505.125,8488.827815,8510.1
22-Jul-16,67.15399876,2999.887958,3090.779278,8526.925,8498.35003,8541.2
25-Jul-16,67.41200071,2956.051118,3082.148504,8543.7,8523.313661,8635.65
26-Jul-16,67.32099986,2905.686197,3090.932132,8550.66,8535.556632,8590.65
27-Jul-16,67.07200065,2875.029535,3092.624092,8560.29,8550.146335,8615.8
28-Jul-16,67.01400023,2812.993,3126.573057,8570.42,8571.265183,8666.3
29-Jul-16,66.65500204,2760.595093,3132.871339,8580.13,8583.489695,8638.5
1-Aug-16,66.76399968,2744.45917,3151.432641,8592.915,8593.137024,8636.55
2-Aug-16,66.68199908,2693.466011,3170.969143,8602.35,8598.548474,8622.9
3-Aug-16,66.76699966,2692.12617,3181.70393,8600.25,8588.785115,8544.85
4-Aug-16,66.84000061,2759.752239,3172.347283,8604.35,8581.933276,8551.1
5-Aug-16,66.84200215,2790.107023,3150.290929,8618.545,8600.336317,8683.15
8-Aug-16,66.81000084,2857.148506,3113.35411,8626.115,8620.520623,8711.35
9-Aug-16,66.77399919,2882.96295,3117.275003,8634.875,8631.016873,8678.25
10-Aug-16,66.76499816,2845.546347,3146.088625,8630.825,8620.886533,8575.3
11-Aug-16,66.75000182,2836.97088,3137.520668,8623.41,8615.661708,8592.15
12-Aug-16,66.90799936,2940.281313,3133.283619,8626.775,8625.932307,8672.15
16-Aug-16,66.87000051,3077.238598,3142.341799,8627.375,8628.953706,8642.55
17-Aug-16,66.89300137,3108.707221,3136.428361,8627.49,8628.062123,8624.05
18-Aug-16,66.82999918,3181.034299,3145.930267,8640.33,8636.2781,8673.25
19-Aug-16,67.13700165,3253.684469,3142.282554,8651.91,8641.845719,8666.9
22-Aug-16,67.20199778,3236.915253,3130.096188,8646.51,8639.537406,8629.15
23-Aug-16,67.12199994,3190.824925,3136.172615,8638.635,8638.27606,8632.6
24-Aug-16,67.16699811,3175.398024,3120.61164,8635.84,8640.462231,8650.3
25-Aug-16,67.01599873,3153.983373,3096.943626,8637.53,8631.68728,8592.2
26-Aug-16,67.13600102,3195.202672,3108.061067,8635.57,8620.935047,8572.55
29-Aug-16,67.11299943,3163.293467,3099.218377,8629.1,8618.48322,8607.45
30-Aug-16,67.14399782,3157.192217,3094.40408,8639.28,8641.368089,8744.35
31-Aug-16,66.97300117,3062.756367,3077.245004,8655.495,8667.701164,8786.2
1-Sep-16,66.80099902,2969.707996,3073.745297,8665.635,8687.146407,8774.65
2-Sep-16,66.79500213,2941.183762,3087.229674,8679.91,8709.419787,8809.65
6-Sep-16,66.279998,2973.379049,3111.571624,8711.295,8751.888917,8943
7-Sep-16,66.4780021,3000.435533,3135.572759,8739.83,8782.081841,8917.95
8-Sep-16,66.63100131,3107.423967,3130.203964,8770.05,8813.066961,8952.5
9-Sep-16,66.89500161,3120.435439,3121.85863,8797.5,8822.818423,8866.7
12-Sep-16,66.73800069,3052.35503,3110.565034,8811.805,8803.324164,8715.6
14-Sep-16,66.79800044,2982.109183,3105.320034,8823.72,8789.374316,8726.6
15-Sep-16,66.85999904,2939.213137,3098.747796,8823.54,8780.860804,8742.55
16-Sep-16,67.07500139,2904.470387,3086.838953,8822.905,8780.677021,8779.85
19-Sep-16,66.9799991,2944.304847,3092.604963,8826.28,8785.717563,8808.4
20-Sep-16,66.98500172,2947.092127,3095.227778,8822.905,8783.932552,8775.9
21-Sep-16,66.74400072,3036.989932,3111.629716,8806.32,8782.69936,8777.15
22-Sep-16,66.63299923,3090.754879,3127.795467,8801.27,8798.108568,8867.45
23-Sep-16,66.70700217,3057.579135,3128.656617,8789.175,8804.188828,8831.55
26-Sep-16,66.61299879,3034.315629,3130.223561,8774.81,8789.436314,8723.05
27-Sep-16,66.42499923,3005.208887,3112.142959,8773.89,8774.338802,8706.4
28-Sep-16,66.34900092,3018.27342,3097.250571,8775.745,8769.031747,8745.15
29-Sep-16,66.81200058,3170.813083,3109.878217,8760.615,8736.707793,8591.25
30-Sep-16,66.55600178,3191.340202,3112.259189,8743.745,8713.879104,8611.15
3-Oct-16,66.54600102,3227.441849,3090.760172,8736.715,8718.282903,8738.1
4-Oct-16,66.60900103,3248.579678,3047.944162,8736.04,8727.531466,8769.15
5-Oct-16,66.57200128,3308.034029,2997.835563,8732.72,8730.516654,8743.95
6-Oct-16,66.69700046,3341.145458,2976.597987,8716.93,8726.704535,8709.55
7-Oct-16,66.60200056,3354.130998,2963.586414,8703.535,8721.412801,8697.6
10-Oct-16,66.49200105,3364.776532,2971.512113,8702.11,8719.119565,8708.8
13-Oct-16,66.79399829,3351.486101,2979.498074,8688.805,8692.616008,8573.35
14-Oct-16,66.71699797,3377.317964,2963.120996,8672.63,8672.758552,8583.4
17-Oct-16,66.78900186,3344.422507,2967.279806,8665.545,8645.056997,8520.4
18-Oct-16,66.73299927,3352.238906,2977.067648,8672.22,8651.028452,8677.9
19-Oct-16,66.64499816,3433.800514,2988.848606,8664.32,8652.496006,8659.1
20-Oct-16,66.82999918,3422.794632,2996.102071,8657.345,8661.024005,8699.4
21-Oct-16,66.92600046,3399.621756,2990.260721,8652.255,8666.846913,8693.05
24-Oct-16,66.84500021,3377.879307,2981.194624,8652.195,8674.50202,8708.95
25-Oct-16,66.80600172,3378.055576,2986.304806,8651.565,8677.556198,8691.3
26-Oct-16,66.86299872,3314.625711,2991.27147,8642.21,8666.227798,8615.25
27-Oct-16,66.88099797,3323.157023,2990.117661,8646.4,8656.959108,8615.25
28-Oct-16,66.77799895,3307.779583,2992.273949,8651.86,8653.511997,8638
1-Nov-16,66.69599957,3138.772057,3017.811121,8662.445,8648.555271,8626.25
2-Nov-16,66.76199835,3057.371576,3049.412683,8646.055,8624.090676,8514
3-Nov-16,66.66800003,3030.880892,3040.631965,8628.64,8598.792371,8484.95
4-Nov-16,66.79600154,2967.204595,3052.02792,8602.075,8568.784667,8433.75
7-Nov-16,66.7449986,2984.868446,3018.813244,8582.475,8555.742001,8497.05
8-Nov-16,66.24600015,2997.595826,3004.22093,8565.935,8553.525273,8543.55
9-Nov-16,66.51499917,2984.679158,3060.340738,8540.005,8531.429769,8432
10-Nov-16,66.86500163,3012.911534,2999.814012,8531.055,8530.397084,8525.75
11-Nov-16,67.56500192,2972.235684,2966.364394,8499.16,8487.833978,8296.3
15-Nov-16,67.78599879,3038.215894,2931.382205,8446.205,8418.855073,8108.45
16-Nov-16,67.99899824,3112.204784,2937.38379,8394.74,8362.990514,8111.6
17-Nov-16,68.02299994,3123.493994,2928.935244,8351.335,8311.528602,8079.95
18-Nov-16,68.19099917,3098.757264,2890.925385,8310.25,8268.359766,8074.1
21-Nov-16,68.22800079,3252.377958,2907.838952,8259.785,8206.676172,7929.1
22-Nov-16,68.39600026,3308.369747,2916.242596,8210.31,8169.516868,8002.3
23-Nov-16,68.78399864,3305.979969,2895.41193,8159.285,8144.750165,8033.3
24-Nov-16,68.76099832,3311.345176,2870.741972,8112.635,8112.159226,7965.5
25-Nov-16,68.51900018,3241.501429,2853.579959,8071.49,8112.548457,8114.3
28-Nov-16,68.57900126,3205.378476,2874.92633,8054.55,8115.157829,8126.9
29-Nov-16,68.6149987,3162.252365,2863.778641,8057.92,8120.065496,8142.15
30-Nov-16,68.59800226,3293.194843,2846.610399,8069.21,8139.053588,8224.5
1-Dec-16,68.23599912,3452.339338,2806.001476,8080.505,8148.843845,8192.9
2-Dec-16,68.03100118,3481.008549,2808.704738,8081.775,8137.563146,8086.8
5-Dec-16,68.02499892,3543.361374,2796.764703,8101.74,8135.960755,8128.75
6-Dec-16,67.74199864,3466.691809,2793.163453,8115.825,8137.267891,8143.15
7-Dec-16,67.43800003,3425.900251,2791.097515,8122.7,8130.864638,8102.05
8-Dec-16,67.54599849,3391.928896,2783.236013,8150.835,8151.952886,8246.85
9-Dec-16,67.47000048,3470.12741,2767.760024,8165.58,8171.915997,8261.75
12-Dec-16,67.43100156,3611.36541,2754.441537,8169.97,8171.713089,8170.8
13-Dec-16,67.41100096,3576.45522,2755.428194,8177.935,8180.8198,8221.8
14-Dec-16,67.47499916,3533.808768,2761.302009,8173.73,8181.1162,8182.45
15-Dec-16,67.8570006,3452.062885,2709.5131,8169.8,8176.113254,8153.6
16-Dec-16,67.85500227,3483.55398,2711.57027,8175.065,8169.447208,8139.45
19-Dec-16,67.84399978,3549.602948,2722.23659,8172.625,8157.611352,8104.35
20-Dec-16,67.91700054,3639.995605,2710.071166,8166.55,8143.936561,8082.4
21-Dec-16,67.83699963,3627.931708,2709.212134,8162.475,8128.911732,8061.3
22-Dec-16,67.84799985,3589.518741,2695.781103,8135.7,8101.673235,7979.1
23-Dec-16,67.83699963,3584.682837,2696.050017,8108.1,8080.596283,7985.75
26-Dec-16,67.76000139,3612.205362,2696.988004,8081.845,8049.260595,7908.25
27-Dec-16,67.97799851,3647.746035,2721.673503,8062.95,8046.276851,8032.85
28-Dec-16,68.23300069,3693.73265,2727.709161,8048.19,8044.199241,8034.85
29-Dec-16,67.93499952,3673.854214,2744.387727,8043.19,8054.999379,8103.6
30-Dec-16,67.9549983,3659.877163,2754.198776,8047.825,8078.78131,8185.8
2-Jan-17,68.14499975,3677.449128,2752.333979,8055.34,8097.093799,8179.5
3-Jan-17,68.2600007,3697.97925,2760.829353,8066.325,8114.394927,8192.25
4-Jan-17,67.88599877,3594.170583,2772.271738,8079.245,8128.232213,8190.5
5-Jan-17,67.74299905,3631.346528,2788.210331,8108.715,8154.699083,8273.8
6-Jan-17,68.11500046,3673.900144,2788.591315,8134.52,8170.89925,8243.8
9-Jan-17,68.09999913,3618.817166,2794.271743,8167.3,8182.744841,8236.05
10-Jan-17,68.32699908,3546.354702,2811.681976,8192.875,8201.991233,8288.6
11-Jan-17,68.31200223,3533.773109,2821.423634,8227.455,8234.474646,8380.65
12-Jan-17,68.14100172,3601.894497,2842.637285,8257.815,8265.879255,8407.2
13-Jan-17,68.17999902,3598.182095,2834.169886,8279.27,8290.328482,8400.35
16-Jan-17,68.10299979,3573.186495,2853.922002,8302.6,8312.59603,8412.8
17-Jan-17,67.86200153,3600.722178,2870.049881,8323.175,8328.124025,8398
18-Jan-17,68.21999968,3540.336989,2875.290045,8345.825,8344.283293,8417
19-Jan-17,68.09999913,3529.386509,2856.35124,8361.955,8360.795422,8435.1
20-Jan-17,68.07500231,3620.082078,2861.467761,8372.51,8358.714436,8349.35
23-Jan-17,68.05100096,3606.641817,2878.874245,8388.055,8364.675448,8391.5
24-Jan-17,68.13799771,3633.169759,2874.504867,8406.775,8384.879912,8475.8
25-Jan-17,67.98799985,3618.146796,2849.790398,8428.985,8424.492655,8602.75
27-Jan-17,68.10499884,3644.434813,2819.625723,8452.39,8463.903081,8641.25
1-Feb-17,67.41500013,3594.08462,2880.441514,8483.995,8509.811612,8716.4
2-Feb-17,67.21000128,3630.983776,2893.845081,8516.14,8550.618592,8734.25
3-Feb-17,67.18400139,3621.118743,2884.745753,8550.435,8585.224302,8740.95
6-Feb-17,67.19499854,3610.686234,2907.238734,8588.84,8624.465338,8801.05
7-Feb-17,67.34999976,3542.224869,2927.871876,8622.16,8650.617095,8768.3
8-Feb-17,67.05000046,3493.961457,2933.635302,8664.13,8672.15035,8769.05
9-Feb-17,66.76499816,3538.382291,2923.77998,8702.82,8691.468468,8778.4
10-Feb-17,66.85400049,3588.652853,2903.465577,8734.595,8710.028747,8793.55
13-Feb-17,66.97500171,3576.281771,2907.162667,8754.825,8727.305338,8805.05
14-Feb-17,66.83500176,3567.753693,2907.517678,8769.93,8739.12255,8792.3
15-Feb-17,66.87500013,3552.064725,2901.755272,8770.76,8736.500268,8724.7
16-Feb-17,67.08000021,3568.91201,2931.193171,8775.135,8744.045674,8778
17-Feb-17,67.08000021,3576.572525,2938.005153,8783.21,8758.164642,8821.7
20-Feb-17,66.90500012,3627.30339,2925.148378,8791.025,8780.171071,8879.2
21-Feb-17,66.98500172,3662.97902,2919.111422,8804.98,8803.385422,8907.85
22-Feb-17,66.94999906,3621.877096,2925.38798,8820.765,8825.842618,8926.9
23-Feb-17,66.68999927,3641.367688,2935.236932,8836.875,8846.507596,8939.5
27-Feb-17,66.69999888,3634.601844,2964.060763,8847.19,8855.633488,8896.7
28-Feb-17,66.72500211,3592.484982,2956.541792,8854.645,8859.991036,8879.6
1-Mar-17,66.86500163,3622.865835,2937.789372,8869.995,8875.592665,8945.8
2-Mar-17,66.78500078,3560.20501,2929.304173,8887.5,8879.984908,8899.75
3-Mar-17,66.78000123,3541.733497,2906.520488,8899.455,8883.178561,8897.55
6-Mar-17,66.67500104,3551.590376,2906.841542,8913.63,8897.773368,8963.45
7-Mar-17,66.62499939,3563.942161,2884.795684,8920.4,8906.705483,8946.9
8-Mar-17,66.76499816,3496.306269,2867.342404,8922.045,8909.904486,8924.3
9-Mar-17,66.68999927,3318.698555,2850.107164,8922.055,8913.012761,8927
10-Mar-17,66.55500069,3291.315258,2833.61575,8921.56,8916.928623,8934.55
14-Mar-17,65.77499886,3160.424245,2815.949538,8940.59,8947.850692,9087
15-Mar-17,65.63000142,3190.264235,2797.327992,8961.11,8972.750566,9084.8
16-Mar-17,65.38499864,3209.905278,2843.809453,8981.9,9005.650463,9153.7
17-Mar-17,65.47499984,3204.661692,2849.18143,9007.93,9033.723106,9160.05
20-Mar-17,65.34499872,3176.089657,2854.101201,9030.86,9050.655269,9126.85
21-Mar-17,65.34499872,3205.268295,2858.147292,9046.665,9063.536129,9121.5
22-Mar-17,65.45499864,3140.510812,2886.744359,9055.02,9057.520469,9030.45
23-Mar-17,65.45499864,3157.863772,2885.536537,9071.22,9062.753111,9086.3
24-Mar-17,65.42500048,3144.123867,2877.888321,9089.32,9070.979818,9108
27-Mar-17,64.99499961,3106.327662,2888.053279,9100.385,9066.292578,9045.2
28-Mar-17,65.04499943,3154.27885,2883.789068,9101.765,9072.566655,9100.8
29-Mar-17,64.87500079,3184.30553,2869.671021,9107.665,9085.518172,9143.8
30-Mar-17,64.86000001,3246.229996,2867.103996,9109.67,9101.560323,9173.75
31-Mar-17,64.86000001,3267.954846,2858.220815,9111.04,9114.685719,9173.75
3-Apr-17,64.98500211,3288.420182,2877.813782,9122.14,9137.079224,9237.85
5-Apr-17,64.87500079,3346.54703,2887.261115,9136.505,9160.36482,9265.15
6-Apr-17,64.60599806,3333.358912,2881.537127,9159.655,9178.834853,9261.95
7-Apr-17,64.26999981,3363.390684,2885.902941,9170.855,9182.37397,9198.3
10-Apr-17,64.6050005,3407.398225,2871.022199,9178.2,9182.205976,9181.45
11-Apr-17,64.55499947,3428.392682,2897.450533,9197.38,9192.168526,9237
12-Apr-17,64.68999906,3458.863806,2923.762883,9207.645,9194.219703,9203.45
13-Apr-17,64.44499839,3424.426063,2935.323091,9208.345,9186.325211,9150.8
17-Apr-17,64.47999943,3409.573558,2943.028848,9204.9,9177.775173,9139.3
18-Apr-17,64.6050005,3393.026819,2937.694439,9198.04,9164.570596,9105.15
19-Apr-17,64.66500038,3373.272182,2931.511106,9184.605,9153.466851,9103.5
20-Apr-17,64.62000047,3309.283767,2926.012839,9171.73,9150.363787,9136.4
21-Apr-17,64.65000041,3255.774644,2932.912558,9157.475,9144.734008,9119.4
24-Apr-17,64.49000018,3211.87033,2907.619125,9159.44,9158.046006,9217.95
25-Apr-17,64.32999952,3176.887791,2891.360038,9171.955,9185.055823,9306.6
26-Apr-17,64.13000023,3189.518425,2872.721214,9183.44,9215.382037,9351.85
27-Apr-17,64.11500077,3142.274224,2877.275565,9197.31,9238.430758,9342.15
28-Apr-17,64.2899983,3181.486954,2885.045367,9212.635,9250.361529,9304.05
2-May-17,64.16500158,3133.194084,2860.084659,9230.085,9261.895797,9313.8
3-May-17,64.16500158,3074.74288,2852.220739,9250.765,9270.996561,9311.95
4-May-17,64.21499798,3004.703634,2815.901962,9276.405,9287.160823,9359.9
5-May-17,64.3150015,2937.087142,2816.322277,9291.295,9286.822491,9285.3
8-May-17,64.35999998,2982.448749,2812.820837,9310.76,9291.772947,9314.05
9-May-17,64.67999894,2993.860934,2807.584972,9320.65,9296.332411,9316.85
10-May-17,64.61499832,3033.345759,2806.859966,9330.72,9316.508337,9407.3
11-May-17,64.40499924,3091.192602,2800.01456,9337.775,9335.761366,9422.4
12-May-17,64.24300095,3072.344123,2804.96254,9343.65,9347.604754,9400.9
15-May-17,64.06499984,3152.06737,2806.844209,9357.785,9365.385708,9445.4
16-May-17,64.0450016,3142.739087,2809.572776,9377.63,9392.088307,9512.25
17-May-17,64.13000023,3141.467067,2841.231958,9399.01,9416.390433,9525.75
18-May-17,64.88000119,3170.682817,2881.371072,9405.965,9418.764899,9429.45
19-May-17,64.56499849,3255.832851,2865.970045,9420.225,9420.425827,9427.9
22-May-17,64.5099985,3310.672668,2870.35469,9432.645,9423.666586,9438.25
23-May-17,64.89499859,3318.062666,2886.97771,9439.575,9416.845388,9386.15
24-May-17,64.76999817,3345.014349,2870.297018,9434.9,9406.609863,9360.55
25-May-17,64.55499947,3267.33221,2871.079899,9443.635,9425.362615,9509.75
26-May-17,64.5099985,3171.03595,2883.157172,9463.055,9456.223958,9595.1
29-May-17,64.5400005,3230.090129,2889.714063,9479.005,9483.255966,9604.9
30-May-17,64.63499905,3203.989265,2888.403637,9490.235,9508.94579,9624.55
31-May-17,64.5099985,3139.232413,2883.922134,9499.785,9529.364737,9621.25
1-Jun-17,64.47799966,3145.859222,2891.870086,9518.45,9545.134785,9616.1
2-Jun-17,64.41500164,3062.817494,2896.678379,9541.01,9564.837551,9653.5
5-Jun-17,64.3499981,3065.66235,2923.027906,9564.695,9584.885269,9675.1
6-Jun-17,64.43000067,3061.711628,2946.870865,9589.795,9594.387948,9637.15
7-Jun-17,64.43499913,3030.468227,2947.722148,9620.13,9607.026503,9663.9
8-Jun-17,64.25000138,2948.068676,2922.780148,9633.88,9614.339866,9647.25
9-Jun-17,64.24499856,2947.335139,2901.064981,9641.195,9624.141708,9668.25
12-Jun-17,64.47999943,2986.295484,2898.87002,9642.345,9622.734125,9616.4
13-Jun-17,64.34500039,2974.289412,2890.064824,9640.58,9619.855193,9606.9
14-Jun-17,64.23499938,2925.658928,2898.626341,9640.27,9619.545158,9618.15
15-Jun-17,64.56499849,2878.991507,2879.26383,9636.465,9612.000584,9578.05
16-Jun-17,64.46500205,2886.266919,2873.860514,9629.92,9607.645932,9588.05
19-Jun-17,64.49499964,2887.674797,2859.430401,9628.165,9616.719399,9657.55
20-Jun-17,64.5400005,2831.443107,2853.734683,9629.8,9623.406781,9653.5
21-Jun-17,64.5300009,2808.207121,2856.79188,9626.77,9625.260094,9633.6
22-Jun-17,64.6050005,2775.535006,2868.543268,9625.045,9626.121895,9630
23-Jun-17,64.50500088,2778.660865,2874.521392,9615.715,9616.817914,9574.95
27-Jun-17,64.47499814,2844.526288,2857.379611,9605.215,9597.65102,9511.4
28-Jun-17,64.52500018,2872.217217,2864.22978,9593.65,9578.30538,9491.25
29-Jun-17,64.65999962,2923.783943,2853.930147,9582.245,9564.813493,9504.1
30-Jun-17,64.62000047,2944.113363,2848.337425,9576.53,9556.829222,9520.9
3-Jul-17,64.84500196,3017.284629,2825.936445,9579.225,9567.405727,9615
4-Jul-17,64.78999845,3055.606887,2813.913112,9574.8,9575.75014,9613.3
5-Jul-17,64.79999902,2997.862049,2810.575634,9573.21,9586.995569,9637.6
6-Jul-17,64.72499869,2977.477065,2813.453937,9577.305,9602.914557,9674.55
7-Jul-17,64.62499922,2876.34003,2793.218067,9580.885,9614.348274,9665.8
10-Jul-17,64.47499814,2858.254766,2770.604989,9600.495,9642.839497,9771.05
11-Jul-17,64.56499849,2877.274932,2775.64978,9627.96,9668.87777,9786.05
12-Jul-17,64.47499814,2955.91295,2789.781588,9660.445,9695.645448,9816.1
13-Jul-17,64.45999893,2941.695527,2788.272526,9699.205,9731.29173,9891.7
14-Jul-17,64.42399856,2983.932444,2792.180777,9735.75,9759.484143,9886.35
17-Jul-17,64.34500039,2994.242485,2808.468093,9765.845,9787.932481,9915.95
18-Jul-17,64.31599839,2983.188789,2821.447515,9787.23,9795.062939,9827.15
19-Jul-17,64.26999981,3012.614831,2822.299553,9813.43,9814.069677,9899.6
20-Jul-17,64.37499827,3056.741491,2824.571513,9833.305,9824.838827,9873.3
21-Jul-17,64.38499963,3000.454616,2842.459523,9858.25,9841.277222,9915.25
24-Jul-17,64.39499996,2975.170046,2855.975987,9877.785,9864.026818,9966.4
25-Jul-17,64.38499963,3050.099838,2849.60362,9895.635,9882.30376,9964.55
26-Jul-17,64.35500072,3125.655532,2836.710437,9916.09,9907.457622,10020.65
27-Jul-17,64.12499963,3136.781217,2854.907872,9928.975,9928.019872,10020.55
28-Jul-17,64.11500077,3173.387956,2860.043759,9941.79,9943.743532,10014.5
1-Aug-17,64.09500007,3178.980223,2870.989228,9961.66,9974.817435,10114.65
2-Aug-17,63.63500185,3132.143755,2858.841826,9987.095,9994.214265,10081.5
3-Aug-17,63.70499998,3161.161286,2847.737188,9998.5,9997.748035,10013.65
4-Aug-17,63.67499873,3126.537954,2849.481822,10017.81,10010.23021,10066.4
7-Aug-17,63.84000163,3134.395701,2841.159307,10032.025,10018.80654,10057.4
8-Aug-17,63.69199976,3147.433048,2843.000958,10033.24,10011.48717,9978.55
9-Aug-17,63.85999845,3153.933694,2871.434396,10027.59,9992.680408,9908.05
10-Aug-17,64.09500007,3176.760897,2906.385329,10007.55,9961.329425,9820.25
11-Aug-17,64.13999966,3105.004286,2920.611927,9976.575,9915.77862,9710.8
14-Aug-17,64.09000082,3112.745012,2908.743975,9954.54,9893.664326,9794.15
16-Aug-17,64.17000019,3054.59965,2888.862568,9932.805,9894.325358,9897.3
17-Aug-17,64.17000019,3004.958626,2915.562397,9915.07,9896.111656,9904.15
18-Aug-17,64.09500007,3051.866899,2927.53759,9897.445,9885.43681,9837.4
21-Aug-17,64.1099984,3090.009343,2918.480989,9866.24,9861.602844,9754.35
22-Aug-17,64.07199847,3073.78527,2912.955076,9837.055,9844.138691,9765.55
23-Aug-17,64.0450016,3082.31977,2914.483233,9824.45,9845.658929,9852.5
24-Aug-17,64.0450016,3072.559715,2910.852239,9819.35,9847.730033,9857.05
28-Aug-17,63.90499934,3008.790228,2932.577119,9828.605,9859.560936,9912.8
29-Aug-17,64.01499897,2976.861974,2979.293907,9837.13,9848.013493,9796.05
30-Aug-17,63.98999913,2966.626566,2955.231203,9846.155,9854.629221,9884.4
31-Aug-17,63.93500112,2997.636519,2957.442404,9848.215,9866.132999,9917.9
1-Sep-17,64.02499946,3010.646327,2977.98081,9855.24,9885.817909,9974.4
4-Sep-17,64.04000195,3043.163318,3013.85469,9862.785,9890.732834,9912.85
5-Sep-17,64.10500091,3101.196371,3012.883088,9882.57,9901.908683,9952.2
6-Sep-17,64.06000116,3149.898741,3019.816033,9897.635,9904.507104,9916.2
7-Sep-17,64.01499897,3140.71821,3020.18997,9905.375,9909.123994,9929.9
8-Sep-17,63.78500066,3107.871588,3035.850357,9913.15,9913.792359,9934.8
11-Sep-17,63.93500112,3052.53014,3001.894195,9922.475,9930.566475,10006.05
12-Sep-17,64.03100125,3085.85059,2988.857539,9952.175,9960.108934,10093.05
13-Sep-17,64.0099999,3127.8896,2994.971443,9971.665,9981.780037,10079.3
14-Sep-17,64.12300125,3202.036291,2988.759276,9988.535,10000.83821,10086.6
15-Sep-17,64.1099984,3195.448184,2992.954585,9999.635,10016.21308,10085.4
18-Sep-17,64.15799908,3196.673612,2966.619596,10023.66,10041.10161,10153.1
19-Sep-17,64.29999807,3218.554609,2962.032665,10043.195,10060.45587,10147.55
20-Sep-17,64.29299914,3262.715153,2975.384643,10065.69,10075.12753,10141.15
21-Sep-17,64.80999847,3285.465355,2953.755996,10084.89,10083.63161,10121.9
22-Sep-17,64.79499834,3290.153403,2964.614363,10087.85,10061.95314,9964.4
25-Sep-17,65.12699928,3346.532661,2978.353328,10074.505,10027.52529,9872.6
26-Sep-17,65.45999887,3408.406663,3001.515765,10052.35,9999.157059,9871.5
27-Sep-17,65.71499957,3425.000003,2980.039694,10017.995,9951.264866,9735.75
28-Sep-17,65.47000161,3423.657964,2964.016836,9986.23,9918.116709,9768.95
29-Sep-17,65.30999946,3374.346815,2966.425991,9956.55,9894.568216,9788.6
3-Oct-17,65.4849986,3314.63103,2949.626282,9927.19,9888.192177,9859.5
4-Oct-17,65.03000029,3281.374403,2947.600506,9903.925,9893.048145,9914.9
5-Oct-17,65.14500105,3293.951442,2943.323365,9878.68,9892.257573,9888.7
6-Oct-17,65.39999948,3268.104916,2942.959558,9864.46,9908.156196,9979.7
9-Oct-17,65.35500052,3241.946271,2971.379671,9866.895,9922.809615,9988.75
10-Oct-17,65.25000212,3290.851793,2981.203512,9881.33,9939.926049,10016.95
11-Oct-17,65.15999809,3334.17988,2977.413342,9892.66,9948.084949,9984.8
12-Oct-17,65.06000126,3296.369303,2983.186759,9928.725,9975.051322,10096.4
13-Oct-17,64.69999808,3328.711978,2981.043544,9968.575,10010.0329,10167.45
16-Oct-17,64.69999808,3368.243119,2990.824152,10012.8,10050.18146,10230.85
17-Oct-17,65.03000029,3367.085727,2968.327941,10050.295,10083.68483,10234.45
18-Oct-17,65.05499847,3392.395574,2959.105167,10079.89,10106.80577,10210.85
19-Oct-17,64.99499961,3355.851531,2966.346796,10105.675,10114.032,10146.55
23-Oct-17,65.02299798,3390.724004,2946.92297,10126.19,10126.908,10184.85
24-Oct-17,65.09000027,3403.974578,2952.238683,10148.085,10141.59745,10207.7
25-Oct-17,64.92500156,3398.851227,2939.697975,10175.925,10169.55246,10295.35
26-Oct-17,64.83999855,3398.312529,2935.969442,10211.825,10201.23383,10343.8
27-Oct-17,65.03999895,3461.882828,2926.560881,10234.49,10223.38223,10323.05
30-Oct-17,64.86000001,3512.631062,2930.076651,10254.11,10248.88546,10363.65
31-Oct-17,64.75000186,3511.330222,2925.079928,10264.555,10264.59719,10335.3
1-Nov-17,64.56499849,3533.100581,2922.122513,10285.16,10296.57952,10440.5
2-Nov-17,64.5750006,3511.942044,2926.817847,10306.455,10319.71052,10423.8
3-Nov-17,64.56000068,3547.427608,2918.51506,10337.05,10343.85406,10452.5
6-Nov-17,64.62499922,3641.366438,2922.968099,10363.745,10363.48059,10451.8
7-Nov-17,65.06000126,3727.188037,2940.804545,10377.99,10361.05685,10350.15
8-Nov-17,64.91999844,3706.970646,2950.270245,10378.77,10350.52833,10303.15
9-Nov-17,64.97499924,3715.985551,2957.048865,10375.285,10342.96863,10308.95
10-Nov-17,65.19000017,3726.967333,2959.367879,10375.155,10339.1107,10321.75
13-Nov-17,65.43999826,3719.133522,2957.45115,10361.285,10318.35421,10224.95
14-Nov-17,65.41000101,3669.050097,2954.340665,10346.415,10294.3989,10186.6
15-Nov-17,65.27000176,3609.15216,2962.699612,10314.17,10262.33546,10118.05
16-Nov-17,65.29500151,3606.699499,2949.904718,10293.265,10253.68356,10214.75
17-Nov-17,65.01499961,3639.73186,2951.785535,10276.375,10259.12291,10283.6
20-Nov-17,65.10000044,3672.320039,2958.807482,10261.07,10266.32784,10298.75
21-Nov-17,64.88000119,3686.78801,2937.703069,10258.745,10277.34096,10326.9
22-Nov-17,64.88000119,3748.978703,2943.366682,10262.66,10289.15169,10342.3
23-Nov-17,64.57000124,3766.479905,2947.374626,10266.64,10299.98775,10348.75
24-Nov-17,64.67999894,3797.017759,2944.666767,10273.435,10316.29907,10389.7
27-Nov-17,64.47700189,3759.349694,2949.91342,10290.895,10331.4356,10399.55
28-Nov-17,64.40999798,3726.253766,2944.198604,10309.26,10338.49276,10370.25
29-Nov-17,64.35999998,3713.719368,2937.599511,10333.585,10342.63953,10361.3
30-Nov-17,64.49000018,3710.878396,2923.805625,10334.765,10321.53235,10226.55
1-Dec-17,64.52000023,3760.902126,2928.883773,10318.585,10285.21737,10121.8
4-Dec-17,64.38000064,3723.229751,2914.763569,10301.485,10256.58694,10127.75
5-Dec-17,64.35999998,3703.556774,2905.000668,10280.62,10231.43477,10118.25
6-Dec-17,64.5300009,3669.756831,2898.3491,10250.8,10197.3739,10044.1
7-Dec-17,64.57000124,3634.378425,2877.764092,10232.595,10191.79683,10166.7
8-Dec-17,64.47999943,3690.855158,2854.500405,10220.19,10205.22468,10265.65
11-Dec-17,64.35500072,3698.185006,2844.343312,10212.46,10226.50201,10322.25
12-Dec-17,64.40999798,3739.102037,2819.538272,10199.45,10228.98346,10240.15
13-Dec-17,64.45999893,3686.399226,2816.528516,10182.615,10222.43192,10192.95
14-Dec-17,64.33999932,3635.552233,2833.961056,10185.17,10227.82612,10252.1
15-Dec-17,64.08000055,3669.15408,2829.887003,10206.315,10246.9941,10333.25
18-Dec-17,64.2100006,3687.167898,2839.166875,10232.415,10272.7679,10388.75
19-Dec-17,64.06000116,3689.283382,2844.343312,10266.91,10307.39192,10463.2
20-Dec-17,64.11500077,3705.746218,2847.518245,10306.92,10332.26611,10444.2
21-Dec-17,64.01999882,3719.11586,2849.286966,10334.28,10351.90864,10440.3
22-Dec-17,64.01999882,3725.114232,2857.183674,10357.015,10377.56161,10493
26-Dec-17,64.05000204,3786.858374,2876.489302,10377.94,10405.55041,10531.5
27-Dec-17,64.11999981,3824.903907,2890.01471,10403,10421.04125,10490.75
28-Dec-17,64.08000055,3822.854538,2902.403771,10431.495,10431.3792,10477.9
29-Dec-17,63.84000163,3845.180845,2904.91628,10459.355,10449.43753,10530.7
1-Jan-18,63.67999833,3824.551322,2913.846306,10469.585,10446.91252,10435.55
2-Jan-18,63.45999907,3836.70322,2917.467755,10474.93,10446.0557,10442.2
3-Jan-18,63.50499835,3871.198635,2922.122513,10472.93,10445.53648,10443.2
4-Jan-18,63.39999864,3923.56972,2914.899509,10478.99,10456.31167,10504.8
5-Jan-18,63.33999923,3893.756509,2922.199364,10490.845,10474.955,10558.85
8-Jan-18,63.4749998,3908.16958,2923.070627,10503.905,10501.98136,10623.6
9-Jan-18,63.66999992,3962.762441,2920.654577,10514.455,10526.53021,10637
10-Jan-18,63.63000121,4039.257682,2929.329916,10528.6,10545.7429,10632.2
11-Jan-18,63.68999988,4081.322926,2934.246471,10545.93,10564.91692,10651.2
12-Jan-18,63.60999845,4039.904202,2949.652383,10560.985,10586.06839,10681.25
15-Jan-18,63.51500148,4092.156095,2972.042001,10591.585,10614.33777,10741.55
16-Jan-18,64.01999882,4099.012604,2979.986411,10617.41,10629.99454,10700.45
17-Jan-18,63.88499882,4069.573382,2976.332206,10651.945,10658.8228,10788.55
18-Jan-18,63.86999951,4081.321146,2961.681761,10683.165,10687.58229,10817
19-Jan-18,63.83000181,4037.687761,2971.326697,10716.75,10725.24006,10894.7
22-Jan-18,63.8899988,4058.669883,2980.092979,10751.01,10769.05096,10966.2
23-Jan-18,63.76000123,4098.224693,2987.419974,10795.68,10826.25987,11083.7
24-Jan-18,63.66000059,4123.891306,3010.008278,10841.06,10873.48535,11086
25-Jan-18,63.51500148,4202.835264,3033.336367,10882.905,10909.15165,11069.65
29-Jan-18,63.60000178,4182.06353,3006.831521,10927.82,10949.37862,11130.4
30-Jan-18,63.68999988,4122.604351,3005.530176,10958.63,10967.60978,11049.65
31-Jan-18,63.55000092,4089.633999,3007.129905,10991.355,10978.53528,11027.7
1-Feb-18,63.98000139,4172.085463,3026.671025,11014.19,10985.51068,11016.9
2-Feb-18,64.13000023,4198.583019,3044.788844,11008.55,10944.61783,10760.6
5-Feb-18,64.13999966,4156.045122,3029.320796,10985.735,10894.06004,10666.55
6-Feb-18,64.22999889,4096.334813,3043.278463,10938.94,10822.09458,10498.25
7-Feb-18,64.28000163,4039.519487,3013.282549,10878.24,10759.29557,10476.7
8-Feb-18,64.29999807,3948.958886,2993.097916,10827.325,10726.12364,10576.85
9-Feb-18,64.37499827,3866.322097,3000.903272,10765.855,10676.81935,10454.95
12-Feb-18,64.28000163,3864.127716,3011.476738,10706.79,10651.89765,10539.75
14-Feb-18,64.1000001,3786.81039,3035.776628,10651.915,10624.44353,10500.9
15-Feb-18,63.9000011,3879.562199,3060.18153,10603.695,10610.09016,10545.5
16-Feb-18,64.21499798,3938.009669,3076.979883,10547.235,10581.40104,10452.3
19-Feb-18,64.25000138,4023.210203,3075.560367,10509.015,10544.49176,10378.4
20-Feb-18,64.86000001,4025.904127,3062.674572,10478.4,10511.02053,10360.4
21-Feb-18,64.80500046,3987.312088,3046.653404,10468.32,10490.37134,10397.45
22-Feb-18,64.97499924,4035.453571,3047.433299,10458.92,10470.79474,10382.7
23-Feb-18,64.71000019,4090.365045,3047.442586,10450.34,10474.47751,10491.05
26-Feb-18,64.76999817,4131.787672,3059.245345,10463.105,10494.13615,10582.6
27-Feb-18,64.91999844,4130.656329,3047.498309,10464.56,10505.07503,10554.3
28-Feb-18,65.21000131,4088.055902,3037.131976,10463.755,10502.8523,10492.85
1-Mar-18,65.23000197,3991.86988,3020.983753,10455.04,10494.76097,10458.35
5-Mar-18,65.02500211,4033.243954,3046.087301,10445.695,10470.04988,10358.85
6-Mar-18,64.90499791,4072.743611,3052.074495,10432.78,10429.90445,10249.25
7-Mar-18,64.88000119,4020.40825,3053.658894,10412.16,10379.77637,10154.2
8-Mar-18,65.10500167,3960.805645,3046.690532,10396.68,10354.8443,10242.65
9-Mar-18,65.12500158,3974.408714,3037.067408,10381.095,10331.57261,10226.85
12-Mar-18,64.98500211,3993.014817,3033.612426,10374.13,10347.90486,10421.4
13-Mar-18,64.85499849,3958.696021,3033.078757,10358.555,10362.25852,10426.85
14-Mar-18,64.83999855,3945.229387,3044.964998,10344.215,10371.10243,10410.9
15-Mar-18,64.98999836,3974.362715,3035.822708,10330.945,10369.11108,10360.15
16-Mar-18,64.98999836,4012.940799,3025.141955,10304.625,10337.48179,10195.15
19-Mar-18,65.2200001,4041.115176,3028.522626,10278.165,10293.25783,10094.25
20-Mar-18,65.21000131,4132.641502,3028.229152,10265.675,10262.54731,10124.35
21-Mar-18,65.18000207,4210.490911,3039.134941,10265.78,10243.03871,10155.25
22-Mar-18,65.10500167,4223.984828,3057.262527,10252.99,10219.71349,10114.75
23-Mar-18,64.98999836,4236.984599,3083.07975,10230.11,10179.41104,9998.05
26-Mar-18,64.82500134,4253.768357,3088.81263,10201.035,10170.5454,10130.65
27-Mar-18,64.94500068,4259.465984,3081.778063,10176.765,10173.01896,10184.15
28-Mar-18,65.15999809,4197.914311,3071.668162,10147.045,10162.23369,10113.7
2-Apr-18,65.12999817,4175.099833,3077.349171,10132.21,10171.24575,10211.8
3-Apr-18,65.00000163,4121.656357,3080.297187,10137.195,10184.65561,10245
4-Apr-18,65.04499943,4087.714091,3093.89667,10140.61,10174.42732,10128.4
5-Apr-18,64.89000009,4127.420193,3061.418171,10160.69,10201.83144,10325.15
6-Apr-18,64.93000124,4081.632024,3063.800583,10178.325,10225.42573,10331.6
9-Apr-18,64.95499853,4084.535737,3070.442082,10204.785,10253.41196,10379.35
10-Apr-18,64.94999922,4202.675839,3082.044012,10245.205,10280.47342,10402.25
11-Apr-18,65.26000041,4319.024097,3123.350481,10273.855,10305.32371,10417.15
12-Apr-18,65.29000088,4352.549411,3115.255093,10301.305,10333.20122,10458.65
13-Apr-18,65.25500088,4386.707466,3105.069336,10337.995,10360.00099,10480.6
16-Apr-18,65.47000161,4354.902042,3125.673973,10369.65,10390.6099,10528.35
17-Apr-18,65.67999982,4343.915293,3130.635143,10400.02,10419.35356,10548.7
18-Apr-18,65.72000073,4442.404062,3144.446436,10439.8,10438.78018,10526.2
19-Apr-18,65.86999976,4541.772266,3153.987113,10463.815,10461.78379,10565.3
20-Apr-18,66.20999865,4515.321155,3145.326674,10487.06,10480.37764,10564.05
23-Apr-18,66.53000074,4521.090751,3130.321547,10507.595,10499.34534,10584.7
24-Apr-18,66.41000087,4576.49983,3128.411924,10528.805,10520.25528,10614.35
25-Apr-18,66.91999901,4539.247804,3138.032642,10544.145,10529.39978,10570.55
26-Apr-18,66.80500201,4566.414641,3129.253829,10560.06,10545.47254,10617.8
27-Apr-18,66.62000158,4541.450133,3119.92038,10581.23,10572.16845,10692.3
30-Apr-18,66.45999823,4528.864442,3102.997806,10602.33,10602.56509,10739.35
2-May-18,66.68999927,4503.231814,3095.898554,10619.265,10623.56235,10718.05
3-May-18,66.67000017,4529.171504,3100.929038,10634.61,10633.7601,10679.65
4-May-18,66.82000075,4611.234745,3105.551484,10639.905,10630.94008,10618.25
7-May-18,67.13999918,4738.737974,3125.820528,10655.05,10646.31461,10715.5
8-May-18,67.12999791,4650.393716,3117.265286,10668.36,10659.31196,10717.8
9-May-18,67.34999976,4779.760107,3127.159695,10681.095,10674.2916,10741.7
10-May-18,67.24500057,4790.181627,3137.569889,10695.695,10681.97495,10716.55
11-May-18,67.35999864,4794.906296,3151.075147,10714.565,10704.61587,10806.5
14-May-18,67.55999902,4779.539398,3150.638319,10725.995,10723.15844,10806.6
15-May-18,68.07999836,4839.083955,3135.444951,10732.245,10737.46599,10801.85
16-May-18,67.77500028,4820.047166,3104.635531,10734.55,10738.12672,10741.1
17-May-18,67.76500182,4865.563585,3094.882921,10734.855,10728.04914,10682.7
18-May-18,67.99000139,4859.310837,3105.069336,10732.67,10704.11293,10596.4
21-May-18,68.11500046,4892.235999,3102.131475,10712.79,10670.03785,10516.7
22-May-18,68.02000169,4947.159087,3112.055793,10694.68,10645.79461,10536.7
23-May-18,68.37000039,4916.136531,3126.406883,10663.545,10606.62286,10430.35
24-May-18,68.33999888,4871.429552,3141.374414,10643.275,10589.75507,10513.85
25-May-18,67.73000058,4702.358097,3132.478793,10623.14,10592.55415,10605.15
28-May-18,67.40000115,4500.98942,3099.756359,10611.345,10610.02612,10688.65
29-May-18,67.84000017,4537.233024,3123.087109,10594.49,10614.25773,10633.3
30-May-18,67.44000116,4558.49894,3108.737417,10581.815,10614.27451,10614.35
31-May-18,67.43000125,4556.81599,3115.070712,10587.16,10636.43369,10736.15
1-Jun-18,66.99500023,4472.308674,3098.085383,10597.14,10647.30029,10696.2
4-Jun-18,67.06999881,4389.289116,3092.557143,10608.32,10643.88206,10628.5
5-Jun-18,67.09999846,4358.317417,3095.074498,10613.965,10634.65805,10593.15
6-Jun-18,66.84000061,4361.173777,3094.566869,10639.395,10643.74749,10684.65
7-Jun-18,67.41999977,4403.441269,3108.119029,10664.845,10666.40249,10768.35
8-Jun-18,67.53000172,4443.925293,3122.999329,10681.095,10684.81113,10767.65
11-Jun-18,67.47000048,4426.206611,3116.58522,10690.925,10703.38183,10786.95
12-Jun-18,67.47999859,4475.704117,3114.915461,10711.88,10728.73968,10842.85
13-Jun-18,67.64499824,4483.332117,3115.196865,10736.115,10752.0052,10856.7
14-Jun-18,67.68999957,4513.774369,3134.688146,10743.305,10762.19516,10808.05
15-Jun-18,68.06000006,4485.293734,3121.576021,10755.455,10772.28695,10817.7
18-Jun-18,68.03999963,4417.930987,3097.778273,10772.59,10777.29841,10799.85
19-Jun-18,68.31000034,4429.62581,3099.343249,10784.32,10765.14416,10710.45
20-Jun-18,68.06000006,4474.90783,3083.935472,10793.06,10766.39976,10772.05
21-Jun-18,67.94500205,4447.067652,3061.755611,10790.335,10761.79981,10741.1
22-Jun-18,67.8700018,4575.875485,3061.165141,10795.755,10772.71802,10821.85
25-Jun-18,68.11500046,4680.53874,3067.936383,10793.305,10770.85111,10762.45
26-Jun-18,68.37000039,4715.66389,3055.898495,10785.935,10770.54182,10769.15
27-Jun-18,68.63999797,4946.561105,3063.950781,10767.405,10752.51603,10671.4
28-Jun-18,68.84000056,5041.627269,3061.31508,10745.51,10722.80403,10589.1
29-Jun-18,68.45999916,5057.349305,3043.296986,10735.17,10721.25784,10714.3
2-Jul-18,68.720002,5075.96386,3041.427281,10720.915,10709.62914,10657.3
3-Jul-18,68.55000023,5086.236676,3040.567248,10719.86,10707.86021,10699.9
4-Jul-18,68.68999929,5082.493699,3059.797625,10719.645,10719.14017,10769.9
5-Jul-18,68.88000153,5080.788101,3062.496363,10720.51,10724.70559,10749.75
6-Jul-18,68.80500229,5025.525275,3062.093124,10715.59,10733.42276,10772.65
9-Jul-18,68.65999919,5054.931891,3069.03801,10724.635,10755.14589,10852.9
10-Jul-18,68.75499892,5094.482336,3055.66505,10742.445,10790.07391,10947.25
11-Jul-18,68.73000086,5005.236567,3042.047176,10770.135,10818.84229,10948.3
12-Jul-18,68.5200002,4811.028093,3022.316787,10813.545,10855.99824,11023.2
13-Jul-18,68.50000069,4833.30807,3012.837701,10844.005,10885.61674,11018.9
16-Jul-18,68.55000023,4757.403881,3017.747372,10871.96,10894.93188,10936.85
17-Jul-18,68.42999823,4632.631968,2994.245061,10902.775,10915.49881,11008.05
18-Jul-18,68.62499999,4639.737935,2972.165669,10923.83,10927.30812,10980.45
19-Jul-18,69.0200002,4731.104862,2979.222899,10944.565,10932.72482,10957.1
20-Jul-18,68.7399979,4707.017076,2985.359796,10968.32,10946.81122,11010.2
23-Jul-18,68.84500051,4729.258173,2991.316209,10991.505,10971.891,11084.75
24-Jul-18,68.94700141,4720.235067,2988.196623,11010.21,11001.41991,11134.3
25-Jul-18,68.73000086,4746.148082,2992.963543,11028.58,11025.16174,11132
26-Jul-18,68.65999919,4778.357595,2988.37522,11042.99,11051.00506,11167.3
27-Jul-18,68.60500033,4755.954845,2977.84779,11068.935,11092.34051,11278.35
30-Jul-18,68.60500033,4799.171022,2979.76442,11107.205,11133.65132,11319.55
31-Jul-18,68.45999916,4750.076687,2978.238015,11142.05,11174.16926,11356.5
1-Aug-18,68.34999957,4649.90639,2975.402349,11178.625,11205.44758,11346.2
2-Aug-18,68.62499999,4671.365072,2970.126468,11207.385,11212.58438,11244.7
3-Aug-18,68.54500075,4714.858516,2962.796169,11242.445,11239.53268,11360.8
6-Aug-18,68.8299981,4767.111176,2965.537489,11272.68,11266.3631,11387.1
7-Aug-18,68.63000173,4766.567071,2966.681203,11298.195,11288.74254,11389.45
8-Aug-18,68.65999919,4654.378844,2962.778612,11329.995,11318.06207,11450
9-Aug-18,68.76000071,4601.975185,2966.857238,11360.335,11345.81442,11470.7
10-Aug-18,68.88999955,4629.32376,2971.3885,11375.45,11361.02998,11429.5
13-Aug-18,70.01999911,4681.872414,2982.21704,11379.07,11360.06999,11355.75
14-Aug-18,69.96000107,4731.312533,2972.704626,11386.93,11373.71181,11435.1
16-Aug-18,70.08999766,4572.640712,2941.51388,11390.815,11375.7733,11385.05
17-Aug-18,70.10000116,4612.349365,2936.892063,11413.42,11393.04179,11470.75
20-Aug-18,69.81999846,4597.733792,2946.367276,11432.515,11421.89783,11551.75
21-Aug-18,69.85999986,4615.908866,2957.591101,11450.895,11448.98913,11570.9
23-Aug-18,70.10499906,4762.644966,2962.199374,11470.225,11473.30929,11582.75
24-Aug-18,69.97000176,4822.196974,2974.579246,11480.935,11488.54396,11557.1
27-Aug-18,70.16500001,4819.032064,2998.806475,11503.06,11525.52688,11691.95
28-Aug-18,70.10000116,4833.493363,3012.465583,11533.96,11564.24927,11738.5
29-Aug-18,70.5349988,4883.35461,3013.527726,11567.575,11587.45849,11691.9
30-Aug-18,70.74499789,4964.237706,3020.728237,11591.745,11603.7024,11676.8
31-Aug-18,71.00500124,4970.219852,3024.803388,11621.29,11617.6656,11680.5
3-Sep-18,71.21499765,4976.02549,3021.056766,11632.45,11611.24458,11582.35
4-Sep-18,71.58499999,5042.926266,3022.298518,11629.305,11594.7092,11520.3
5-Sep-18,71.7550003,4956.7887,3035.601535,11619.91,11573.29844,11476.95
6-Sep-18,71.9499982,4912.822561,3057.729941,11615.325,11566.68054,11536.9
7-Sep-18,71.78999817,4858.588242,3048.213594,11618.525,11570.75681,11589.1
10-Sep-18,72.45500001,4936.076464,3063.828744,11593.14,11546.63739,11438.1
11-Sep-18,72.63999907,4967.786426,3065.735501,11548.04,11499.5215,11287.5
12-Sep-18,72.16000066,5075.638626,3058.786824,11515.84,11475.95395,11369.9
14-Sep-18,71.87999836,4947.511634,3052.782611,11499.68,11483.0896,11515.2
17-Sep-18,72.53999819,5011.726981,3071.639856,11469.405,11463.93694,11377.75
18-Sep-18,72.71000212,5055.590122,3080.344629,11439.06,11430.29386,11278.9
19-Sep-18,72.35999968,5100.73901,3080.041026,11410.465,11394.66771,11234.35
21-Sep-18,72.24000209,5126.599308,3072.470358,11377.08,11348.92812,11143.1
24-Sep-18,72.6699982,5253.943001,3081.92053,11320.13,11279.55937,10967.4
25-Sep-18,72.68499913,5275.761727,3086.057808,11267.965,11240.99403,11067.45
26-Sep-18,72.59999833,5236.881372,3075.815783,11229.535,11206.95875,11053.8
27-Sep-18,72.56999903,5248.948779,3055.795775,11198.54,11165.24807,10977.55
28-Sep-18,72.51000112,5284.061294,3048.510955,11154.595,11122.55751,10930.45
1-Oct-18,72.92499759,5404.678659,3079.177983,11103.905,11101.78342,11008.3
3-Oct-18,73.34499763,5538.107349,3131.841115,11051.955,11057.50462,10858.25
4-Oct-18,73.62999792,5574.232905,3140.812026,10983.99,10974.1856,10599.25
5-Oct-18,73.7699996,5528.748592,3151.690882,10892.2,10854.59731,10316.45
8-Oct-18,74.06499974,5471.257839,3134.000458,10812.695,10762.4978,10348.05
9-Oct-18,74.34000203,5546.859145,3132.518043,10746.06,10678.5982,10301.05
10-Oct-18,74.25000258,5501.89748,3133.970992,10685.325,10638.87125,10460.1
11-Oct-18,74.0499996,5320.975078,3171.260766,10603.41,10565.37648,10234.65
12-Oct-18,73.60999848,5264.377461,3183.770412,10552.905,10548.48985,10472.5
15-Oct-18,73.7699996,5285.012623,3214.586508,10511.11,10541.94624,10512.5
16-Oct-18,73.46500025,5261.121896,3203.085212,10468.755,10549.72874,10584.75
17-Oct-18,73.59999741,5210.150754,3191.553872,10428.235,10532.15079,10453.05
19-Oct-18,73.37500055,5087.877876,3193.541382,10398.665,10490.58701,10303.55
22-Oct-18,73.55999866,5101.285155,3186.1644,10391.545,10445.98028,10245.25
23-Oct-18,73.55000036,4984.507574,3213.956284,10371.42,10391.58386,10146.8
24-Oct-18,73.22999799,4916.916187,3191.553872,10363.79,10361.25043,10224.75
25-Oct-18,73.22999799,4920.387196,3196.890065,10330.27,10318.27763,10124.9
26-Oct-18,73.45999747,4918.810407,3205.354224,10309.805,10265.86351,10030
29-Oct-18,73.40000109,4945.303581,3193.286435,10287.64,10263.13378,10250.85
30-Oct-18,73.68000068,4887.703214,3184.906093,10256.23,10251.36401,10198.4
31-Oct-18,73.96000036,4916.813243,3180.519951,10236.415,10275.95237,10386.6
1-Nov-18,73.45500077,4735.029323,3184.652523,10229.155,10294.95194,10380.45
2-Nov-18,72.4399994,4613.555962,3170.737894,10254.1,10341.86977,10553
5-Nov-18,73.08000199,4626.931039,3177.801152,10281.975,10374.98435,10524
6-Nov-18,72.95499844,4565.749907,3176.902647,10320.295,10403.16902,10530
7-Nov-18,72.45000262,4563.353931,3161.385572,10357.66,10438.66556,10598.4
9-Nov-18,72.48000259,4357.452472,3117.051519,10403.69,10465.30819,10585.2
12-Nov-18,72.8599998,4440.533353,3111.106963,10448.91,10468.37942,10482.2
13-Nov-18,72.61500201,4223.709674,3084.496703,10482.075,10489.12862,10582.5
14-Nov-18,72.30999933,4065.002922,3068.755466,10519.865,10504.97796,10576.3
15-Nov-18,71.91499935,4069.951548,3085.610257,10542.875,10525.29106,10616.7
16-Nov-18,71.97999993,4118.273855,3098.863027,10573.05,10553.81996,10682.2
19-Nov-18,71.61000048,4059.552635,3090.84615,10594.09,10591.92542,10763.4
20-Nov-18,71.43000003,3990.961916,3088.831711,10607.31,10603.61171,10656.2
21-Nov-18,71.30499986,3904.163849,3081.531151,10614.315,10602.96412,10600.05
22-Nov-18,70.69000228,3850.875607,3076.430848,10607.15,10589.10701,10526.75
26-Nov-18,70.81999999,3650.834901,3061.615002,10611.49,10596.28755,10628.6
27-Nov-18,70.78499927,3658.798992,3055.87048,10631.83,10612.52618,10685.6
28-Nov-18,70.64000195,3650.907167,3038.386981,10646.465,10633.67597,10728.85
29-Nov-18,69.77999901,3562.519543,3033.842513,10674.705,10674.58943,10858.7
30-Nov-18,69.649999,3555.671633,3025.032141,10700.71,10711.34589,10876.75
3-Dec-18,70.44000136,3741.880368,3072.121115,10720.865,10742.6921,10883.75
4-Dec-18,70.52999909,3789.307117,3102.150721,10731.475,10765.74808,10869.5
5-Dec-18,70.55999801,3772.258351,3097.855045,10744.145,10768.86661,10782.9
6-Dec-18,70.85000021,3652.981402,3119.638122,10744.255,10738.37268,10601.15
7-Dec-18,70.8600009,3725.720494,3132.243313,10760.95,10730.25037,10693.7
10-Dec-18,72.51999739,3747.352185,3185.362622,10746.935,10686.28667,10488.45
11-Dec-18,72.29099787,3729.761253,3188.429826,10733.29,10661.35273,10549.15
12-Dec-18,71.8399991,3772.486779,3178.316255,10734.165,10675.21587,10737.6
13-Dec-18,71.53000097,3678.822699,3159.777299,10727.45,10696.36753,10791.55
14-Dec-18,71.92000079,3749.445968,3156.336503,10720.32,10716.20071,10805.45
17-Dec-18,71.61000048,3656.258402,3149.298809,10720.78,10747.50058,10888.35
18-Dec-18,70.61999768,3453.050539,3133.597809,10724.7,10776.80956,10908.7
19-Dec-18,70.27899778,3339.023859,3117.751228,10743.14,10811.44419,10967.3
20-Dec-18,69.98000042,3280.122373,3113.945493,10778.195,10836.94525,10951.7
21-Dec-18,70.13999944,3235.87275,3126.455756,10784.225,10821.86429,10754
24-Dec-18,70.10499906,3169.17252,3138.377333,10801.73,10793.07078,10663.5
26-Dec-18,70.06999923,3093.101605,3160.086839,10819.8,10781.5761,10729.85
27-Dec-18,70.36099907,3208.158704,3166.440794,10824.02,10781.25317,10779.8
28-Dec-18,69.93299929,3185.077233,3165.969626,10830.855,10795.55259,10859.9
31-Dec-18,69.56999897,3202.915851,3145.771925,10836.565,10807.73394,10862.55
1-Jan-19,69.45300067,3182.176019,3141.463231,10838.74,10826.34595,10910.1
2-Jan-19,70.0000014,3213.679411,3159.67746,10827.12,10820.19214,10792.5
3-Jan-19,70.10999768,3269.449173,3182.392459,10797.615,10793.29357,10672.25
4-Jan-19,69.55000106,3364.208928,3166.130008,10775.18,10781.30383,10727.35
7-Jan-19,69.80299918,3428.063357,3163.025497,10776.96,10779.57586,10771.8
8-Jan-19,70.13999944,3457.488337,3165.829305,10790.825,10783.68025,10802.15
9-Jan-19,70.55999801,3611.347117,3183.932603,10803.355,10796.67475,10855.15
10-Jan-19,70.42000108,3667.735426,3202.962099,10807.535,10801.20661,10821.6
11-Jan-19,70.39900112,3690.989685,3200.112644,10801.04,10800.06905,10794.95
14-Jan-19,70.76000062,3621.38524,3213.346958,10788.545,10788.71104,10737.6
15-Jan-19,71.09999802,3657.854589,3219.834179,10786.215,10806.5454,10886.8
16-Jan-19,70.97999812,3696.694223,3225.619158,10795.995,10821.77351,10890.3
17-Jan-19,71.05000179,3678.54717,3231.132609,10819.29,10836.94196,10905.2
18-Jan-19,71.2100025,3779.121791,3218.486989,10837.25,10849.67069,10906.95
21-Jan-19,71.18800175,3872.687956,3208.398303,10856.255,10870.06693,10961.85
22-Jan-19,71.26000081,3791.856335,3213.140459,10868.315,10879.64567,10922.75
23-Jan-19,71.18999849,3786.036398,3215.69258,10865.95,10870.89191,10831.5
24-Jan-19,71.00000021,3756.938528,3206.433388,10868.77,10867.05702,10849.8
25-Jan-19,70.90000179,3808.155317,3220.601544,10867.33,10851.32847,10780.55
28-Jan-19,71.06999791,3733.080922,3253.037524,10859.725,10816.82329,10661.55
29-Jan-19,71.39000043,3770.193736,3275.016211,10836.265,10786.89179,10652.2
30-Jan-19,71.23500049,3855.102631,3292.907407,10812.415,10762.32964,10651.8
31-Jan-19,70.96000226,3892.635183,3308.114474,10804.99,10774.80607,10830.95
1-Feb-19,71.43500058,3873.105802,3325.098174,10803.66,10796.41406,10893.65
4-Feb-19,71.71000246,3930.918569,3341.922073,10798.7,10817.47514,10912.25
5-Feb-19,71.53000097,3905.0737,3341.497726,10799.86,10838.72511,10934.35
6-Feb-19,71.550002,3843.830343,3337.070853,10822.955,10879.40237,11062.45
7-Feb-19,71.30000225,3805.215439,3314.627784,10844.915,10913.94739,11069.4
8-Feb-19,71.17500032,3750.194366,3315.012365,10861.22,10919.33877,10943.6
11-Feb-19,71.14000217,3707.498911,3305.45731,10883.945,10913.78627,10888.8
12-Feb-19,70.5349988,3775.6076,3294.556404,10901.865,10898.80695,10831.4
13-Feb-19,70.87500222,3820.408528,3297.065612,10916.05,10879.6875,10793.65
14-Feb-19,71.01999845,3845.527757,3300.417173,10907.56,10855.38977,10746.05
15-Feb-19,71.32999847,3925.931614,3330.857396,10890.635,10831.57345,10724.4
18-Feb-19,71.3869987,4004.222559,3356.72974,10863.505,10796.91464,10640.95
19-Feb-19,71.30000225,4000.325285,3374.092369,10830.505,10761.90289,10604.35
20-Feb-19,71.00999792,4041.038244,3391.129483,10797.805,10757.09327,10735.45
21-Feb-19,71.16500168,4075.883153,3364.782837,10769.85,10763.04904,10789.85
22-Feb-19,71.035002,4091.334598,3344.459234,10754.655,10768.24922,10791.65
25-Feb-19,70.83400094,4005.404564,3343.262824,10753.785,10788.58572,10880.1
26-Feb-19,70.96000226,3960.173044,3344.772455,10754.175,10797.07923,10835.3
27-Feb-19,71.19999909,4043.238315,3347.941518,10755.475,10798.81937,10806.65
28-Feb-19,70.84000233,4049.725836,3321.420505,10760.12,10797.67039,10792.5
1-Mar-19,71.00000021,4049.641972,3286.759945,10774.03,10809.63941,10863.5
5-Mar-19,70.49000209,4004.611977,3220.238555,10808.68,10841.96861,10987.45
6-Mar-19,70.08000193,3940.16028,3209.13963,10853.545,10880.33795,11053
7-Mar-19,70.11599991,3967.849109,3188.511157,10885.82,10912.67651,11058.2
8-Mar-19,70.01199866,3888.739972,3210.489311,10910.375,10934.98987,11035.4
11-Mar-19,69.85000131,3960.398556,3206.320299,10948.015,10977.36444,11168.05
12-Mar-19,69.62500044,3984.618616,3198.434047,10990.125,11036.24363,11301.2
13-Mar-19,69.52899943,4016.61174,3222.531943,11040.765,11091.78115,11341.7
14-Mar-19,69.36500225,4060.148952,3197.063817,11094.425,11137.50276,11343.25
15-Mar-19,68.96300128,4038.119101,3186.854861,11157.86,11190.11135,11426.85
18-Mar-19,68.62499999,4027.42174,3168.618007,11217.73,11239.58201,11462.2
19-Mar-19,69.01499862,4070.820035,3186.946268,11272.225,11292.82165,11532.4
20-Mar-19,68.78999837,4101.766174,3181.177608,11319.03,11334.31771,11521.05
22-Mar-19,69.16999807,4099.994086,3202.32617,11358.9,11356.6054,11456.9
25-Mar-19,68.88999955,4067.506167,3220.103752,11390.785,11356.17715,11354.25
26-Mar-19,68.9959992,4137.360891,3214.617509,11422.305,11379.2813,11483.25
27-Mar-19,69.10000014,4133.354586,3211.840127,11436.69,11391.23925,11445.05
28-Mar-19,69.18999823,4090.120912,3192.267052,11459.52,11423.7412,11570
29-Mar-19,69.18500069,4169.537283,3177.478036,11487.585,11460.13371,11623.9
1-Apr-19,69.20499995,4231.930005,3187.281472,11511.815,11498.13667,11669.15
2-Apr-19,68.92000152,4296.496671,3175.449961,11536.915,11537.2391,11713.2
3-Apr-19,68.44999906,4303.590107,3165.638889,11548.07,11556.64108,11643.95
4-Apr-19,68.97999828,4317.183033,3172.810285,11555.765,11564.16088,11598
5-Apr-19,69.16999807,4323.314425,3182.007656,11576.67,11582.66799,11665.95
8-Apr-19,69.55499825,4442.962963,3217.586038,11601.695,11586.63745,11604.5
9-Apr-19,69.28000067,4463.058322,3220.70527,11620.565,11602.14882,11671.95
10-Apr-19,69.1499999,4460.319743,3218.590579,11634.49,11598.90358,11584.3
11-Apr-19,69.0200002,4415.269806,3199.088899,11637.16,11598.50293,11596.7
12-Apr-19,69.18999823,4447.945273,3189.690919,11639.115,11606.67513,11643.45
15-Apr-19,69.39500051,4400.557549,3177.871843,11641.235,11621.88874,11690.35
16-Apr-19,69.53000014,4416.177241,3169.280795,11648.63,11651.93624,11787.15
18-Apr-19,69.39500051,4432.11145,3149.120293,11659.515,11670.27511,11752.8
22-Apr-19,69.70000144,4591.300288,3167.79493,11659.16,11656.48872,11594.45
23-Apr-19,69.76999901,4626.103191,3155.450093,11650.16,11641.84532,11575.95
24-Apr-19,69.96000107,4632.489695,3165.077798,11662.325,11657.17344,11726.15
25-Apr-19,70.17000227,4642.723711,3187.250996,11659.31,11654.37827,11641.8
26-Apr-19,69.85000131,4469.877911,3191.625176,11676.345,11672.60949,11754.65
30-Apr-19,69.64700114,4468.768525,3180.610995,11691.49,11686.34413,11748.15
2-May-19,69.40999973,4326.334032,3140.950137,11699.62,11693.32702,11724.75
3-May-19,69.09500127,4293.856575,3135.268003,11701.81,11696.76756,11712.25
6-May-19,69.37999814,4267.304785,3158.310304,11682.92,11678.85528,11598.25
7-May-19,69.64499786,4287.999672,3163.635903,11657.43,11645.95432,11497.9
8-May-19,69.71999821,4304.805939,3180.074923,11633.93,11593.86262,11359.45
9-May-19,70.20000121,4321.181702,3189.446759,11606.515,11540.76033,11301.8
10-May-19,70.01499861,4334.213623,3190.342196,11561.79,11493.14936,11278.9
13-May-19,70.57000167,4384.605105,3222.781196,11512.43,11430.43129,11148.2
14-May-19,70.3320001,4334.051164,3236.225008,11459.17,11392.54379,11222.05
15-May-19,70.24900039,4330.380463,3229.181467,11400.055,11349.71764,11157
16-May-19,70.12999928,4406.300194,3211.850443,11353.29,11332.87807,11257.1
17-May-19,70.28000044,4434.438096,3192.297624,11322.78,11346.38206,11407.15
20-May-19,69.60900206,4394.033542,3147.851434,11345.78,11433.99441,11828.25
21-May-19,69.64499786,4427.45598,3146.049034,11366.9,11484.01361,11709.1
22-May-19,69.649999,4335.727742,3146.049034,11404.745,11530.17477,11737.9
23-May-19,69.66500191,4145.262501,3155.858378,11440.27,11553.24299,11657.05
24-May-19,69.37999814,4065.948116,3159.238244,11496.79,11606.12609,11844.1
27-May-19,69.50400069,4084.442555,3166.119983,11574.445,11664.05771,11924.75
28-May-19,69.61000023,4122.851092,3162.045337,11645.115,11712.18358,11928.75
29-May-19,69.84500067,4052.237458,3176.085348,11715.525,11739.25929,11861.1
30-May-19,69.82500039,4091.586668,3172.186271,11784.405,11776.83033,11945.9
31-May-19,69.57999981,3860.339935,3209.211721,11835.97,11803.37027,11922.8
3-Jun-19,69.17099804,3723.332466,3236.298322,11862,11855.22113,12088.55
4-Jun-19,69.29099857,3687.472002,3252.878798,11893.255,11885.48092,12021.65
6-Jun-19,69.16499864,3591.41613,3277.162764,11903.84,11877.89348,11843.75
7-Jun-19,69.35500058,3709.347332,3288.781309,11925.2,11876.57649,11870.65
10-Jun-19,69.53499929,3766.808208,3269.619351,11933.06,11884.96258,11922.7
11-Jun-19,69.38499981,3726.843363,3258.985022,11937.145,11899.62393,11965.6
12-Jun-19,69.37500199,3611.080618,3277.420539,11934.89,11900.81958,11906.2
13-Jun-19,69.53000014,3648.373084,3286.036317,11940.185,11903.22511,11914.05
14-Jun-19,69.83300206,3654.259228,3320.405886,11927.925,11888.69327,11823.3
17-Jun-19,69.85000131,3653.123004,3301.583109,11902.86,11849.32177,11672.15
18-Jun-19,69.61000023,3677.397497,3309.84447,11863.155,11820.6269,11691.5
19-Jun-19,69.649999,3758.403852,3307.447048,11830.135,11797.14019,11691.45
20-Jun-19,69.51999917,3917.8029,3385.320573,11828.935,11803.43288,11831.75
21-Jun-19,69.6150012,4006.478022,3418.896927,11814.28,11789.00872,11724.1
24-Jun-19,69.27299858,4011.31809,3435.942015,11791.975,11772.76168,11699.65
25-Jun-19,69.33400116,4025.065704,3471.402586,11775.06,11777.06865,11796.45
26-Jun-19,69.24499961,4119.023501,3430.461123,11769.195,11789.88344,11847.55
27-Jun-19,69.08799835,4100.12689,3416.560753,11761.945,11799.27736,11841.55
28-Jun-19,68.95000111,4100.628152,3429.27296,11758.5,11797.38148,11788.85
1-Jul-19,68.8849978,4113.095895,3375.92627,11777.845,11809.78484,11865.6
2-Jul-19,68.88999955,4015.947494,3384.736194,11799.725,11828.06033,11910.3
3-Jul-19,68.79999868,3904.124733,3434.82084,11822.255,11844.18572,11916.75
4-Jul-19,68.52700115,3910.28906,3421.821641,11833.755,11862.83377,11946.75
5-Jul-19,68.44999906,3910.442656,3470.896533,11842.46,11853.43672,11811.15
8-Jul-19,68.56599971,3966.956294,3468.00763,11828.355,11799.83005,11558.6
9-Jul-19,68.56499835,3965.254645,3450.953326,11804.3,11755.47913,11555.9
10-Jul-19,68.41900042,4065.308929,3463.683281,11769.435,11708.82838,11498.9
11-Jul-19,68.40999974,4146.412999,3497.738712,11743.57,11685.93231,11582.9
12-Jul-19,68.56000138,4142.870467,3483.59228,11719.935,11661.67189,11552.5
15-Jul-19,68.54500075,4123.53524,3491.242219,11692.21,11648.34064,11588.35
16-Jul-19,68.65000183,4068.250247,3491.559156,11667.44,11650.93325,11662.6
17-Jul-19,68.84600058,3964.660169,3496.9559,11644.515,11657.58175,11687.5
18-Jul-19,68.85499785,3871.947396,3513.814562,11609.53,11646.5487,11596.9
19-Jul-19,68.85999998,3834.489791,3538.207332,11570.34,11605.22167,11419.25
22-Jul-19,68.93000165,3895.741435,3520.506953,11549.1,11558.12682,11346.2
23-Jul-19,69.03299819,3887.13212,3511.778505,11526.615,11516.84012,11331.05
24-Jul-19,68.97999828,3938.403192,3514.345559,11503.855,11472.19646,11271.3
25-Jul-19,69.04100048,3901.650538,3512.123852,11470.78,11432.18802,11252.15
26-Jul-19,68.88000153,3878.623696,3494.988187,11443.96,11405.29929,11284.3
29-Jul-19,68.75499892,3881.310371,3492.656689,11404.045,11366.00851,11189.2
30-Jul-19,68.86200103,3950.285738,3501.24119,11346.325,11314.98878,11085.4
1-Aug-19,69.01699916,3933.431106,3516.792685,11275.575,11254.08173,10980
2-Aug-19,69.70000144,3858.764842,3604.408913,11215.62,11207.40323,10997.35
5-Aug-19,70.82099809,3895.693324,3706.737737,11159.955,11144.71174,10862.6
6-Aug-19,71.03999786,3891.645955,3724.838714,11120.16,11108.99142,10948.25
7-Aug-19,71.14499763,3710.789617,3802.816366,11072.605,11062.90207,10855.5
8-Aug-19,70.42000108,3708.024557,3786.27249,11048.72,11057.36533,11032.45
9-Aug-19,70.92399784,3808.601959,3798.237618,11034.47,11066.87163,11109.65
13-Aug-19,71.41800156,3964.5878,3825.11571,10998.625,11041.23134,10925.85
14-Aug-19,71.27499926,3944.741904,3809.901171,10982.645,11039.08018,11029.4
16-Aug-19,71.15500078,3910.170866,3798.872495,10978.885,11040.66561,11047.8
19-Aug-19,71.45100194,3965.529893,3780.403898,10986.275,11043.07186,11053.9
20-Aug-19,71.54899861,4020.311974,3794.260043,10988.24,11038.33152,11017
21-Aug-19,71.43900152,4047.38815,3794.418411,10993.85,11016.58034,10918.7
22-Aug-19,71.9300006,4012.215899,3810.176983,10973.16,10966.53846,10741.35
23-Aug-19,71.51299763,3906.340987,3835.532372,10970.545,10941.5951,10829.35
26-Aug-19,72.02500017,3922.102839,3905.532969,10973.085,10962.73236,11057.85
27-Aug-19,71.54299935,3884.537987,3889.733826,10972.655,10988.66284,11105.35
28-Aug-19,71.82899757,4023.973912,3912.378374,10984.68,10999.10596,11046.1
29-Aug-19,71.68999925,4040.50924,3914.660403,10976.57,10989.86851,10948.3
30-Aug-19,71.45299815,3997.381627,3880.631767,10974.115,10995.93787,11023.25
3-Sep-19,72.16999961,3895.026003,3944.430858,10948.515,10959.93099,10797.9
4-Sep-19,71.98900066,3985.143075,3962.389004,10931.28,10938.97081,10844.65
5-Sep-19,71.92799835,4077.654325,3923.09171,10924.2,10922.41248,10847.9
6-Sep-19,71.64500074,4001.175486,3870.568199,10944.685,10926.73748,10946.2
9-Sep-19,71.77800212,4111.694016,3853.030023,10962.055,10940.61249,11003.05
11-Sep-19,71.57700168,4100.981224,3818.047145,10959.84,10957.90112,11035.7
12-Sep-19,70.96700205,3916.655237,3804.074925,10947.585,10962.42819,10982.8
13-Sep-19,70.98500137,3911.303283,3777.490688,10950.565,10983.05943,11075.9
16-Sep-19,71.57999892,4333.181532,3810.235053,10956.085,10986.7759,11003.5
17-Sep-19,71.49000177,4353.610897,3810.990133,10935.52,10956.01664,10817.6
18-Sep-19,71.14499763,4169.849277,3793.137456,10939.795,10935.04089,10840.65
19-Sep-19,71.37499939,4184.694789,3777.890275,10925.81,10893.17891,10704.8
24-Sep-19,70.97100111,4115.714784,3804.682804,10999.84,11019.54638,11588.2
25-Sep-19,70.98799962,4008.996924,3804.784136,11049.24,11096.02886,11440.2
26-Sep-19,70.96400053,3994.938828,3781.218687,11106.055,11182.42361,11571.2
27-Sep-19,70.50899811,3954.10348,3778.361325,11153.725,11242.41932,11512.4
30-Sep-19,70.64500229,3918.357622,3756.051939,11202.89,11284.60671,11474.45
1-Oct-19,71.10999863,3864.098227,3754.416132,11231.29,11298.2964,11359.9
3-Oct-19,71.03000179,3711.519629,3837.681426,11262.34,11301.1516,11314
4-Oct-19,70.82500077,3750.963947,3836.680197,11298.055,11278.16949,11174.75
7-Oct-19,70.97500062,3798.90099,3830.082232,11326.63,11250.57504,11126.4
9-Oct-19,71.12000206,3780.153049,3844.202174,11387.48,11261.97958,11313.3
10-Oct-19,70.99000028,3764.760607,3834.752831,11352.115,11256.99238,11234.55
11-Oct-19,70.92399784,3860.651338,3797.732754,11338.6,11265.73013,11305.05
14-Oct-19,71.23699987,3815.625698,3807.232218,11315.595,11279.44283,11341.15
15-Oct-19,71.49999993,3806.682212,3820.818878,11307.185,11306.50777,11428.3
16-Oct-19,71.3640023,3796.529588,3812.25411,11306.14,11335.14272,11464
17-Oct-19,71.12999818,3779.593906,3812.893681,11328.785,11380.81677,11586.35
18-Oct-19,71.09000022,3846.405176,3809.959233,11363.57,11431.91372,11661.85
22-Oct-19,70.80899776,3840.254662,3789.227983,11404.93,11460.35668,11588.35
23-Oct-19,70.72499914,3877.930143,3805.044728,11452.7,11486.49183,11604.1
24-Oct-19,70.96499765,3980.032921,3817.347554,11479.63,11503.96604,11582.6
25-Oct-19,70.81999999,3979.51638,3841.499721,11514.565,11518.49949,11583.9
29-Oct-19,70.88999985,3921.444914,3791.152965,11562.745,11567.29049,11786.85
30-Oct-19,70.95299882,3914.502828,3801.009548,11613.04,11617.61949,11844.1
31-Oct-19,70.97999812,3875.189583,3836.547721,11657.955,11664.8614,11877.45
4-Nov-19,70.78899789,4016.938516,3843.108921,11705.685,11715.12297,11941.3
5-Nov-19,70.77499969,4028.816349,3817.8868,11738.77,11751.86425,11917.2
6-Nov-19,71.00999792,4044.989971,3808.682272,11769.19,11790.80711,11966.05
7-Nov-19,71.0469983,4055.695942,3790.822419,11811.56,11831.03309,12012.05
8-Nov-19,71.35999957,4028.308606,3771.706169,11841.965,11845.05435,11908.15
11-Nov-19,71.56999886,4056.800153,3771.250999,11875.05,11857.48992,11913.45
13-Nov-19,72.14999927,4088.636335,3799.276618,11900.705,11854.39175,11840.45
14-Nov-19,71.96599808,4130.1639,3816.677353,11909.23,11857.61143,11872.1
15-Nov-19,71.65000064,4092.093532,3799.363227,11914.365,11864.49117,11895.45
18-Nov-19,71.94499776,4118.216038,3799.420968,11915.07,11868.12914,11884.5
19-Nov-19,71.82999851,4044.67724,3810.409276,11914.95,11881.21475,11940.1
20-Nov-19,71.74600136,4030.746003,3817.230981,11923.14,11902.64843,11999.1
21-Nov-19,71.75000118,4129.446339,3806.464137,11923.375,11914.60326,11968.4
22-Nov-19,71.79199791,4181.473866,3801.341874,11913.61,11914.56631,11914.4
25-Nov-19,71.68900221,4144.525639,3777.590577,11930.17,11943.5088,12073.75
26-Nov-19,71.48000129,4163.598053,3767.23037,11942.595,11960.63447,12037.7
27-Nov-19,71.26000081,4153.488712,3761.420613,11968.62,11986.10093,12100.7
28-Nov-19,71.50500006,4148.637428,3768.522287,11996.525,12016.10985,12151.15
29-Nov-19,71.74900247,4079.330007,3786.602244,12012.585,12023.3717,12056.05
2-Dec-19,71.6340024,4029.232828,3787.14718,12028.955,12027.88593,12048.2
12-Dec-19,70.57000167,4185.641261,3774.411003,12032.125,12017.68849,11971.8
13-Dec-19,70.79799894,4225.284437,3764.479128,12040.885,12030.23604,12086.7
16-Dec-19,70.91499993,4261.695619,3786.688276,12049.44,12034.54767,12053.95
