Date,USD,CRUDE,GOLD,Open,High,Low,Close,10DMA,EMA
16-Nov-15,65.88600101,2720.476083,2555.055049,7732.95,7838.85,7714.15,7806.6,7915.385,7915.385
17-Nov-15,65.9810009,2741.896335,2519.405723,7848.75,7860.45,7793,7837.55,7894.06,7901.233182
18-Nov-15,66.03300078,2726.358987,2509.334725,7823.15,7843.4,7725.05,7731.8,7861.17,7870.427149
19-Nov-15,66.09000057,2724.235882,2525.883996,7788.5,7854.9,7765.45,7842.75,7841.425,7865.39494
20-Nov-15,66.05799945,2793.100289,2535.824866,7841.9,7906.95,7817.8,7856.55,7831.535,7863.786769
23-Nov-15,66.39500046,2781.402157,2516.419638,7869.5,7877.5,7825.2,7849.25,7821.03,7861.14372
24-Nov-15,66.26200021,2850.853099,2527.460862,7837,7870.35,7812.65,7831.6,7812.67,7855.772135
26-Nov-15,66.56499972,2872.913785,2531.094496,7837.15,7897.1,7832,7883.8,7822.715,7860.86811
27-Nov-15,66.90700107,2836.640502,2516.96434,7910.6,7959.3,7879.45,7942.7,7834.485,7875.746636
30-Nov-15,66.46199916,2822.835375,2507.912464,7936.25,7966,7922.8,7935.25,7851.785,7886.565429
1-Dec-15,66.43400151,2794.364891,2533.486356,7958.15,7972.15,7934.15,7954.9,7866.615,7898.989897
2-Dec-15,66.59100153,2758.769056,2519.367639,7976.7,7979.3,7910.8,7931.35,7875.995,7904.873552
3-Dec-15,66.79000108,2734.007017,2507.409395,7902.3,7912.3,7853.3,7864.15,7889.23,7897.46927
4-Dec-15,66.64299952,2740.659491,2545.183368,7817.6,7821.4,7775.7,7781.9,7883.145,7876.456675
7-Dec-15,66.77300044,2604.183772,2562.880267,7816.55,7825.4,7746.05,7765.4,7874.03,7856.264552
8-Dec-15,66.85699963,2529.233087,2548.355037,7738.5,7771.25,7685.45,7701.7,7859.275,7828.161906
9-Dec-15,66.85500166,2554.120004,2558.873277,7695.5,7702.85,7606.9,7612.5,7837.365,7788.950651
10-Dec-15,66.75599955,2487.562306,2546.330483,7643.3,7691.95,7610,7683.3,7817.315,7769.741442
11-Dec-15,67.14800145,2439.119096,2546.395323,7699.6,7703.05,7575.3,7610.45,7784.09,7740.779361
14-Dec-15,67.09299794,2402.587656,2548.290097,7558.2,7663.95,7551.05,7650.05,7755.57,7724.283114
15-Dec-15,66.86299872,2479.750596,2530.185108,7659.15,7705,7625.1,7700.9,7730.17,7720.031639
16-Dec-15,66.4760002,2455.636306,2535.638398,7725.25,7776.6,7715.75,7750.9,7712.125,7725.644068
17-Dec-15,66.42100195,2359.493929,2503.298095,7783.05,7852.9,7737.55,7844.35,7710.145,7747.226965
18-Dec-15,66.25499786,2369.84846,2499.718782,7828.9,7836.15,7753.35,7761.95,7708.15,7749.90388
21-Dec-15,66.25099907,2390.704373,2525.609682,7745.65,7840.75,7733.45,7834.45,7715.055,7765.275902
22-Dec-15,66.24399904,2415.422607,2531.991715,7829.4,7846.3,7776.85,7786.1,7723.495,7769.062102
23-Dec-15,66.03699947,2474.516081,2515.191758,7830.45,7871.45,7826.1,7865.95,7748.84,7786.678083
24-Dec-15,65.94700024,2519.013332,2517.401538,7888.75,7888.75,7835.5,7861.05,7766.615,7800.20025
28-Dec-15,66.13700187,2474.302809,2515.22339,7863.2,7937.2,7863,7925.15,7798.085,7822.918386
29-Dec-15,66.23499993,2496.313906,2519.951718,7929.2,7942.15,7902.75,7928.95,7825.975,7842.196861
30-Dec-15,66.47500151,2462.83106,2509.120654,7938.6,7944.75,7889.85,7896.25,7845.51,7852.024705
31-Dec-15,66.20799971,2456.284298,2493.063052,7897.8,7955.55,7891.15,7946.35,7865.055,7869.174758
1-Jan-16,66.23499993,2483.568794,2497.090889,7938.45,7972.55,7909.8,7963.2,7876.94,7886.270257
4-Jan-16,66.57899988,2504.76255,2531.491757,7924.55,7937.55,7781.1,7791.3,7879.875,7869.002938
5-Jan-16,66.48099853,2445.324947,2541.03776,7828.4,7831.2,7763.25,7784.65,7874.895,7853.66604
6-Jan-16,66.69800139,2350.548065,2563.484699,7788.05,7800.95,7721.2,7741,7870.385,7833.181305
7-Jan-16,66.89100125,2229.599418,2598.610783,7673.35,7674.95,7556.6,7568.3,7840.62,7785.021068
8-Jan-16,66.84700205,2247.157121,2593.811684,7611.65,7634.1,7581.05,7601.35,7814.65,7751.626328
11-Jan-16,66.7600016,2173.536165,2599.056542,7527.45,7605.1,7494.35,7563.85,7778.52,7717.485178
12-Jan-16,66.94600109,2091.430424,2578.575646,7587.2,7588.3,7487.8,7510.3,7736.655,7679.815145
13-Jan-16,66.9169987,2080.837705,2562.151387,7557.9,7590.95,7425.8,7562.4,7703.27,7658.466937
14-Jan-16,67.3160013,2100.120202,2585.997342,7467.4,7604.8,7443.8,7536.8,7662.315,7636.345676
15-Jan-16,67.77500028,2032.118534,2597.240691,7561.65,7566.5,7427.3,7437.8,7609.775,7600.246462
18-Jan-16,67.66099918,1993.404825,2604.112414,7420.35,7463.65,7336.4,7351,7565.745,7554.928924
19-Jan-16,67.73400099,2031.347819,2597.652242,7381.8,7462.75,7364.15,7435.1,7530.79,7533.141847
20-Jan-16,67.95800005,1965.147618,2635.414169,7357,7470.9,7241.5,7309.3,7487.62,7492.443329
21-Jan-16,67.79900037,1971.538552,2633.096442,7376.65,7398.7,7250,7276.8,7458.47,7453.235451
22-Jan-16,67.54900072,2122.229058,2617.999796,7355.7,7433.4,7327.6,7422.45,7440.58,7447.638096
25-Jan-16,67.75500171,2144.235846,2635.96297,7468.75,7487.15,7421.2,7436.15,7427.81,7445.549351
27-Jan-16,68.14400136,2142.420115,2674.705047,7469.6,7477.9,7419.7,7437.75,7420.555,7444.131288
28-Jan-16,68.05300158,2266.028143,2675.921788,7426.5,7468.85,7409.6,7424.65,7406.78,7440.589235
29-Jan-16,67.87799934,2298.594158,2661.818608,7413.35,7575.65,7402.8,7563.55,7409.455,7462.945738
1-Feb-16,67.83499788,2223.19078,2684.765566,7589.5,7600.45,7541.25,7555.95,7421.27,7479.855604
2-Feb-16,67.97499961,2094.783032,2696.079092,7566.65,7576.3,7428.05,7455.55,7431.725,7475.436403
3-Feb-16,67.93399804,2104.858986,2713.188811,7392.45,7419.4,7350.3,7361.8,7424.395,7454.775239
4-Feb-16,67.54400019,2217.386314,2732.501742,7411.45,7457.05,7365.95,7404,7433.865,7445.543377
5-Feb-16,67.81000207,2163.663881,2744.22204,7418.25,7503.15,7406.65,7489.1,7455.095,7453.462763
8-Feb-16,68.0340004,2081.865024,2805.844012,7489.7,7512.55,7363.2,7387.25,7451.575,7441.424079
9-Feb-16,67.90099817,2038.238088,2836.557554,7303.95,7323.45,7275.15,7298.2,7437.78,7415.383337
10-Feb-16,67.86100221,1934.222753,2820.26189,7264.3,7271.85,7177.75,7215.7,7415.575,7379.077276
11-Feb-16,68.47100079,1854.077791,2937.211235,7203.6,7208.65,6959.95,6976.35,7370.745,7305.854135
12-Feb-16,68.11799781,1940.911717,2953.363438,7023.65,7034.8,6869,6980.95,7312.485,7246.780656
15-Feb-16,68.13100175,2041.45009,2879.47939,7057.35,7182.8,7056.8,7162.95,7273.185,7231.538718
16-Feb-16,68.47400141,2069.609012,2881.860991,7201.25,7204.65,7037.7,7048.25,7232.455,7198.213497
17-Feb-16,68.32900196,2071.865225,2888.103325,7058.85,7123.7,6960.65,7108.45,7207.12,7181.892861
18-Feb-16,68.5419986,2170.342399,2896.963692,7177.4,7215.1,7127.85,7191.75,7185.895,7183.685068
19-Feb-16,68.54500075,2127.523793,2946.92297,7170.55,7226.85,7145.95,7210.75,7158.06,7188.605965
22-Feb-16,68.5329984,2296.153399,2898.517119,7208.85,7252.4,7200.7,7234.55,7142.79,7196.959426
23-Feb-16,68.5609979,2262.127163,2924.344289,7240.3,7241.7,7090.7,7109.55,7123.925,7181.066803
24-Feb-16,68.43100034,2167.478301,2959.420427,7075,7090.8,7009.75,7018.7,7104.225,7151.545566
25-Feb-16,68.76800131,2208.712256,2962.989301,7029.85,7034.2,6961.4,6970.6,7103.65,7118.646372
26-Feb-16,68.73700226,2334.160178,2949.678485,7039.3,7052.9,6985.1,7029.75,7108.53,7102.483395
29-Feb-16,68.2079992,2283.960505,2958.562375,7050.45,7094.6,6825.8,6987.05,7090.94,7081.495505
1-Mar-16,67.7530002,2333.139001,2955.632993,7038.25,7235.5,7035.1,7222.3,7108.345,7107.096323
2-Mar-16,67.39499994,2326.405283,2922.088358,7321.7,7380.35,7308.15,7368.85,7134.385,7154.6879
3-Mar-16,67.12199994,2349.019427,2942.985541,7429.55,7483.95,7406.05,7475.6,7162.77,7213.035555
4-Mar-16,66.93800209,2368.617642,2980.021933,7505.4,7505.9,7444.1,7485.35,7190.23,7262.547272
8-Mar-16,67.31300162,2536.735694,3000.066001,7486.4,7527.15,7442.15,7485.3,7215.305,7303.047768
9-Mar-16,67.12800162,2526.836523,2955.353475,7436.1,7539,7424.3,7531.8,7257.53,7344.639083
10-Mar-16,67.30200205,2555.26358,2949.800299,7545.35,7547.1,7447.4,7486.15,7304.275,7370.368341
11-Mar-16,66.92100217,2603.365329,2971.494454,7484.85,7543.95,7460.6,7510.2,7358.235,7395.792279
14-Mar-16,67.13799779,2525.954557,2941.072668,7542.6,7583.7,7515.05,7538.75,7409.135,7421.784592
15-Mar-16,67.37200212,2467.007209,2905.751936,7535.85,7545.2,7452.8,7460.6,7456.49,7428.841939
16-Mar-16,67.17299882,2534.064194,2904.123274,7457.05,7508,7405.15,7498.75,7484.135,7441.552495
17-Mar-16,66.61899855,2646.543347,2948.13059,7557.4,7585.3,7479.4,7512.55,7498.505,7454.461132
18-Mar-16,66.38399917,2729.896748,2923.891114,7534.65,7613.6,7517.9,7604.35,7511.38,7481.713654
21-Mar-16,66.49999993,2750.425529,2896.678379,7619.2,7713.55,7617.7,7704.25,7533.27,7522.174808
22-Mar-16,66.75500133,2770.408198,2915.400897,7695.55,7728.2,7643.8,7714.9,7556.23,7557.215752
23-Mar-16,66.93000052,2731.048035,2874.504867,7717.45,7726.85,7670.6,7716.5,7574.7,7586.176524
28-Mar-16,66.60799834,2654.666726,2846.326815,7741,7749.4,7587.7,7615.1,7587.595,7591.435338
29-Mar-16,66.37500163,2586.353109,2857.542913,7606.55,7652.9,7582.25,7597,7596.275,7592.447095
30-Mar-16,66.37500163,2597.901551,2866.882065,7651.1,7741.95,7643.45,7735.2,7615.92,7618.402168
31-Mar-16,66.25499786,2552.236677,2863.549025,7727.65,7777.6,7702,7738.4,7643.7,7640.219956
1-Apr-16,66.36499793,2501.867664,2860.297357,7718.05,7740.15,7666.1,7713.05,7665.13,7653.461782
4-Apr-16,66.10599965,2438.993447,2838.127404,7733.15,7764.45,7704.4,7758.8,7689.755,7672.614185
5-Apr-16,66.42199902,2380.255784,2875.347917,7736.3,7736.3,7588.65,7603.2,7689.64,7659.993424
6-Apr-16,66.51699898,2487.833694,2870.643081,7636.05,7638.65,7591.75,7614.35,7680.65,7651.69462
7-Apr-16,66.75699779,2507.388807,2893.995827,7630.4,7630.75,7535.85,7546.45,7663.805,7632.559235
8-Apr-16,66.55100103,2608.952059,2898.105508,7542.35,7569.35,7526.7,7555.2,7647.675,7618.493919
11-Apr-16,66.28700124,2667.577006,2927.391899,7577.8,7678.8,7516.85,7671.4,7653.305,7628.113207
12-Apr-16,66.28299858,2731.64143,2936.848937,7669.25,7717.4,7663.35,7708.95,7664.5,7642.810805
13-Apr-16,66.49599804,2784.894631,2916.991182,7777.15,7864.8,7772.2,7850.45,7676.025,7680.563386
18-Apr-16,66.4159994,2630.240863,2906.824643,7908.15,7920.6,7842.75,7914.7,7693.655,7723.13368
20-Apr-16,66.16600176,2824.415885,2929.312754,7950.05,7950.4,7877.55,7914.75,7713.825,7757.973011
21-Apr-16,66.4889992,2927.268102,2948.704339,7953.65,7978.45,7884.1,7912.05,7729.15,7785.987009
22-Apr-16,66.66000067,2931.903878,2927.271929,7891.8,7923.35,7873.35,7899.3,7758.76,7806.589371
25-Apr-16,66.6850006,2906.646334,2918.617276,7894.8,7911,7827,7855.05,7782.83,7815.400394
26-Apr-16,66.40399901,2900.024357,2915.511395,7828.15,7974.5,7822.55,7962.65,7824.45,7842.17305
27-Apr-16,66.36199873,2980.562481,2934.194813,7942,7991,7940.55,7979.9,7866.92,7867.214314
28-Apr-16,66.40100069,3032.827645,2954.977956,7967.4,7992,7834.45,7847.25,7884.505,7863.584438
29-Apr-16,66.42499923,3076.558087,3008.505044,7844.25,7889.05,7788.7,7849.8,7898.59,7861.078177
2-May-16,66.34599876,3022.667679,3037.814718,7822.7,7829.8,7777.3,7805.9,7894.135,7851.045781
3-May-16,66.55799964,2949.752462,3029.853143,7824.8,7890.25,7735.15,7747,7877.365,7832.128366
4-May-16,66.62700139,2939.726609,3012.411134,7724.15,7749,7697.25,7706.55,7856.545,7809.295936
5-May-16,66.55799964,3008.505836,3005.475977,7731,7777.55,7706.85,7735.5,7838.89,7795.878493
6-May-16,66.60000007,2957.707831,3024.099045,7717.65,7738.9,7678.35,7733.45,7822.305,7784.527858
9-May-16,66.75199797,2977.082995,2998.599654,7755.25,7873.65,7753.55,7866.05,7823.405,7799.350066
10-May-16,66.63100131,2932.897817,2976.739756,7873.55,7896.9,7837.7,7887.8,7815.92,7815.431872
11-May-16,66.56099886,3006.052738,2998.186097,7804.65,7893.1,7780.9,7848.85,7802.815,7821.507895
12-May-16,66.75699779,3096.854727,2989.116626,7871.45,7916.05,7849.65,7900.4,7808.13,7835.851914
13-May-16,66.85500166,3090.012465,2994.675467,7881,7881,7784.2,7814.9,7804.64,7832.042475
16-May-16,66.84399934,3168.32017,3013.445996,7831.2,7873.9,7772.15,7860.75,7810.125,7837.262025
17-May-16,66.82500183,3212.958326,3001.623879,7896.85,7940.1,7879.7,7890.75,7824.5,7846.987112
18-May-16,67.13999918,3255.001627,3001.281547,7846.75,7882.05,7810.75,7870.15,7840.86,7851.198546
19-May-16,67.43599902,3210.43646,2974.375753,7875.5,7876.2,7766.8,7783.4,7845.65,7838.871537
20-May-16,67.4080019,3294.556548,2978.096103,7792.2,7812.4,7735.75,7749.7,7847.275,7822.658531
23-May-16,67.40900156,3243.880801,2967.130132,7813.95,7820.6,7722.2,7731.05,7833.775,7806.002434
24-May-16,67.63000194,3283.762436,2951.576437,7738.05,7761.55,7715.8,7748.85,7819.88,7795.611083
25-May-16,67.2729982,3322.875799,2903.263268,7811.8,7941.2,7809.3,7934.9,7828.485,7820.93634
26-May-16,66.92699931,3346.270779,2897.257456,7974.45,8083,7948.5,8069.65,7845.41,7866.157006
27-May-16,67.03099802,3298.686067,2871.838465,8081.95,8164.2,8077.05,8156.65,7879.585,7918.973914
30-May-16,67.17099997,3338.470379,2859.307762,8166.5,8200,8150.8,8178.5,7911.36,7966.160475
31-May-16,67.20899848,3345.526213,2878.799656,8209.85,8213.6,8134.3,8160.1,7938.295,8001.422207
1-Jun-16,67.43399813,3283.30123,2899.029695,8179.2,8215.35,8171.05,8179.95,7969.275,8033.881805
2-Jun-16,67.26800225,3292.841806,2893.049737,8156.9,8229.5,8154.75,8218.95,8012.83,8067.530568
3-Jun-16,67.0000006,3286.011315,2920.441337,8246.2,8262,8209.85,8220.8,8059.94,8095.397738
6-Jun-16,66.79000108,3312.244831,2943.340692,8228.75,8234.7,8186.05,8201.05,8106.94,8114.60724
7-Jun-16,66.65800113,3342.177584,2931.820514,8235.55,8294.95,8216.4,8266.45,8158.7,8142.215014
8-Jun-16,66.49999993,3394.15096,2957.013889,8285.5,8288.9,8252.05,8273.05,8192.515,8166.003194
9-Jun-16,66.75300055,3393.021172,2977.360153,8273.35,8273.35,8184.6,8203.6,8205.91,8172.838977
10-Jun-16,66.95199823,3328.116206,2996.55097,8180.25,8265.6,8162.85,8170.05,8207.25,8172.33189
13-Jun-16,67.18699862,3271.693364,3036.661616,8102.25,8125.25,8063.9,8110.6,8200.46,8161.10791
14-Jun-16,67.29199774,3255.365394,3044.297574,8134.4,8134.95,8069.5,8108.85,8195.335,8151.606472
15-Jun-16,67.07900129,3233.522599,3042.324823,8139.4,8213.2,8123.15,8206.6,8198,8161.605295
16-Jun-16,67.31499987,3162.843079,3097.423254,8180.65,8180.65,8074.45,8140.75,8190.18,8157.813423
17-Jun-16,67.07399811,3171.20116,3047.229002,8176.65,8195.25,8135.8,8170.2,8185.12,8160.065528
20-Jun-16,67.55099932,3315.674084,3052.885129,8115.75,8244.15,8107.35,8238.5,8188.865,8174.326341
21-Jun-16,67.62400162,3350.530829,3041.408781,8255.4,8257.25,8202.15,8219.9,8184.21,8182.612461
22-Jun-16,67.44899861,3371.986743,3015.326907,8213.65,8238.35,8153.25,8203.7,8177.275,8186.446559
23-Jun-16,67.27899976,3351.214402,2999.544069,8201.15,8285.6,8188.3,8270.45,8183.96,8201.719912
24-Jun-16,67.88499874,3261.986622,3153.877693,8029.1,8100.7,7927.05,8088.6,8175.815,8181.152655
27-Jun-16,67.91399779,3202.340067,3160.056881,8039.35,8120.65,8039.35,8094.7,8174.225,8165.433991
28-Jun-16,67.71499868,3224.757616,3129.616184,8096.05,8146.35,8086.85,8127.85,8176.125,8158.600538
29-Jun-16,67.42199983,3299.586321,3135.43512,8173.1,8212.4,8157.65,8204,8175.865,8166.854985
30-Jun-16,67.50399978,3319.562287,3121.761173,8260.25,8308.15,8242.1,8287.75,8190.565,8188.835897
1-Jul-16,67.19000062,3264.377474,3151.164513,8313.05,8356.75,8308.65,8328.35,8206.38,8214.202098
4-Jul-16,67.26499779,3303.380649,3180.176055,8376.75,8398.45,8364.7,8370.7,8219.6,8242.656262
5-Jul-16,67.43399813,3203.858325,3177.932437,8379.3,8381.45,8319.95,8335.95,8231.205,8259.61876
7-Jul-16,67.49500132,3172.985348,3198.198774,8342,8361.95,8317.7,8337.9,8244.625,8273.851712
8-Jul-16,67.13899847,3064.731005,3168.457373,8350,8353.3,8287.55,8323.2,8249.9,8282.824128
11-Jul-16,67.13799779,3035.085169,3170.265446,8413.35,8475.25,8407.05,8467.9,8287.83,8316.474287
12-Jul-16,66.97500171,3083.017239,3137.688026,8502.6,8526.6,8479.2,8521.05,8330.465,8353.669871
13-Jul-16,67.01599873,3071.893024,3124.921877,8540.45,8550.25,8493.55,8519.5,8369.63,8383.820804
14-Jul-16,66.8429985,3042.70089,3095.36191,8515.75,8571.4,8500.7,8565,8405.73,8416.762476
15-Jul-16,67.14099993,3072.061717,3099.958151,8565.45,8594.8,8510.05,8541.4,8431.095,8439.423844
18-Jul-16,67.13700165,3059.969549,3101.592668,8564.05,8587.1,8494.35,8508.7,8449.13,8452.019508
19-Jul-16,67.20399848,3051.623625,3106.159203,8514.3,8540.05,8476.7,8528.55,8464.915,8465.934143
20-Jul-16,67.16300125,3073.290677,3090.215759,8515.45,8569.9,8512.55,8565.85,8487.905,8484.100663
21-Jul-16,67.15300214,3073.907634,3086.372124,8582.7,8585.25,8503.45,8510.1,8505.125,8488.827815
22-Jul-16,67.15399876,2999.887958,3090.779278,8519.65,8548.95,8489.8,8541.2,8526.925,8498.35003
25-Jul-16,67.41200071,2956.051118,3082.148504,8519.95,8641.15,8517.2,8635.65,8543.7,8523.313661
26-Jul-16,67.32099986,2905.686197,3090.932132,8633.75,8644.9,8577.15,8590.65,8550.66,8535.556632
27-Jul-16,67.07200065,2875.029535,3092.624092,8599.4,8665,8572.05,8615.8,8560.29,8550.146335
28-Jul-16,67.01400023,2812.993,3126.573057,8636.95,8674.7,8625.25,8666.3,8570.42,8571.265183
29-Jul-16,66.65500204,2760.595093,3132.871339,8668.3,8670.35,8631.15,8638.5,8580.13,8583.489695
1-Aug-16,66.76399968,2744.45917,3151.432641,8654.3,8711.3,8590.5,8636.55,8592.915,8593.137024
2-Aug-16,66.68199908,2693.466011,3170.969143,8647.45,8687.2,8611.4,8622.9,8602.35,8598.548474
3-Aug-16,66.76699966,2692.12617,3181.70393,8635.2,8635.45,8529.6,8544.85,8600.25,8588.785115
4-Aug-16,66.84000061,2759.752239,3172.347283,8599.95,8601.4,8518.15,8551.1,8604.35,8581.933276
5-Aug-16,66.84200215,2790.107023,3150.290929,8600.2,8689.4,8590.15,8683.15,8618.545,8600.336317
8-Aug-16,66.81000084,2857.148506,3113.35411,8712.85,8723.5,8697.6,8711.35,8626.115,8620.520623
9-Aug-16,66.77399919,2882.96295,3117.275003,8727.8,8728.35,8638.2,8678.25,8634.875,8631.016873
10-Aug-16,66.76499816,2845.546347,3146.088625,8686.7,8690.1,8564.6,8575.3,8630.825,8620.886533
11-Aug-16,66.75000182,2836.97088,3137.520668,8572.8,8601.15,8540.05,8592.15,8623.41,8615.661708
12-Aug-16,66.90799936,2940.281313,3133.283619,8605.45,8684.3,8604.45,8672.15,8626.775,8625.932307
16-Aug-16,66.87000051,3077.238598,3142.341799,8670.25,8682.35,8600.45,8642.55,8627.375,8628.953706
17-Aug-16,66.89300137,3108.707221,3136.428361,8639.8,8667.1,8603.6,8624.05,8627.49,8628.062123
18-Aug-16,66.82999918,3181.034299,3145.930267,8648.85,8690.7,8645.05,8673.25,8640.33,8636.2781
19-Aug-16,67.13700165,3253.684469,3142.282554,8694.3,8696.6,8647.1,8666.9,8651.91,8641.845719
22-Aug-16,67.20199778,3236.915253,3130.096188,8667,8684.85,8614,8629.15,8646.51,8639.537406
23-Aug-16,67.12199994,3190.824925,3136.172615,8628.35,8642.15,8580,8632.6,8638.635,8638.27606
24-Aug-16,67.16699811,3175.398024,3120.61164,8648.5,8661.05,8620.9,8650.3,8635.84,8640.462231
25-Aug-16,67.01599873,3153.983373,3096.943626,8668.85,8683.05,8583.65,8592.2,8637.53,8631.68728
26-Aug-16,67.13600102,3195.202672,3108.061067,8614.35,8622.95,8547.55,8572.55,8635.57,8620.935047
29-Aug-16,67.11299943,3163.293467,3099.218377,8583.75,8622,8543.75,8607.45,8629.1,8618.48322
30-Aug-16,67.14399782,3157.192217,3094.40408,8646.75,8750.6,8642.25,8744.35,8639.28,8641.368089
31-Aug-16,66.97300117,3062.756367,3077.245004,8754.05,8819.2,8754.05,8786.2,8655.495,8667.701164
1-Sep-16,66.80099902,2969.707996,3073.745297,8793.6,8813.25,8759.95,8774.65,8665.635,8687.146407
2-Sep-16,66.79500213,2941.183762,3087.229674,8796.35,8824.1,8768.2,8809.65,8679.91,8709.419787
6-Sep-16,66.279998,2973.379049,3111.571624,8852.7,8950.85,8848.45,8943,8711.295,8751.888917
7-Sep-16,66.4780021,3000.435533,3135.572759,8968.7,8968.7,8913.35,8917.95,8739.83,8782.081841
8-Sep-16,66.63100131,3107.423967,3130.203964,8915.5,8960.35,8896,8952.5,8770.05,8813.066961
9-Sep-16,66.89500161,3120.435439,3121.85863,8934.3,8939.15,8858.7,8866.7,8797.5,8822.818423
12-Sep-16,66.73800069,3052.35503,3110.565034,8732.95,8746.95,8699.4,8715.6,8811.805,8803.324164
14-Sep-16,66.79800044,2982.109183,3105.320034,8710.65,8739.85,8688.9,8726.6,8823.72,8789.374316
15-Sep-16,66.85999904,2939.213137,3098.747796,8743.85,8751.95,8704.35,8742.55,8823.54,8780.860804
16-Sep-16,67.07500139,2904.470387,3086.838953,8780.85,8847.65,8750.5,8779.85,8822.905,8780.677021
19-Sep-16,66.9799991,2944.304847,3092.604963,8788.45,8824.3,8774.2,8808.4,8826.28,8785.717563
20-Sep-16,66.98500172,2947.092127,3095.227778,8816.1,8816.45,8759.3,8775.9,8822.905,8783.932552
21-Sep-16,66.74400072,3036.989932,3111.629716,8790.3,8826.85,8757.3,8777.15,8806.32,8782.69936
22-Sep-16,66.63299923,3090.754879,3127.795467,8873.35,8893.35,8837.8,8867.45,8801.27,8798.108568
23-Sep-16,66.70700217,3057.579135,3128.656617,8880.75,8885.2,8820.3,8831.55,8789.175,8804.188828
26-Sep-16,66.61299879,3034.315629,3130.223561,8807.9,8809.55,8715.1,8723.05,8774.81,8789.436314
27-Sep-16,66.42499923,3005.208887,3112.142959,8748.9,8768.5,8690.5,8706.4,8773.89,8774.338802
28-Sep-16,66.34900092,3018.27342,3097.250571,8711.2,8767.05,8703.15,8745.15,8775.745,8769.031747
29-Sep-16,66.81200058,3170.813083,3109.878217,8792.7,8800.65,8558.25,8591.25,8760.615,8736.707793
30-Sep-16,66.55600178,3191.340202,3112.259189,8581.5,8637.15,8555.2,8611.15,8743.745,8713.879104
3-Oct-16,66.54600102,3227.441849,3090.760172,8666.15,8745.2,8635,8738.1,8736.715,8718.282903
4-Oct-16,66.60900103,3248.579678,3047.944162,8770,8783.65,8736.1,8769.15,8736.04,8727.531466
5-Oct-16,66.57200128,3308.034029,2997.835563,8806.35,8806.95,8731.4,8743.95,8732.72,8730.516654
6-Oct-16,66.69700046,3341.145458,2976.597987,8768.7,8781.15,8684.65,8709.55,8716.93,8726.704535
7-Oct-16,66.60200056,3354.130998,2963.586414,8721.7,8723.7,8663.8,8697.6,8703.535,8721.412801
10-Oct-16,66.49200105,3364.776532,2971.512113,8735.35,8745.8,8703.95,8708.8,8702.11,8719.119565
13-Oct-16,66.79399829,3351.486101,2979.498074,8671.5,8681.55,8541.35,8573.35,8688.805,8692.616008
14-Oct-16,66.71699797,3377.317964,2963.120996,8594,8604.45,8549.8,8583.4,8672.63,8672.758552
17-Oct-16,66.78900186,3344.422507,2967.279806,8612.95,8615.4,8506.15,8520.4,8665.545,8645.056997
18-Oct-16,66.73299927,3352.238906,2977.067648,8556.05,8685.1,8555.9,8677.9,8672.22,8651.028452
19-Oct-16,66.64499816,3433.800514,2988.848606,8697.5,8698.75,8636.7,8659.1,8664.32,8652.496006
20-Oct-16,66.82999918,3422.794632,2996.102071,8693.35,8727,8678.3,8699.4,8657.345,8661.024005
21-Oct-16,66.92600046,3399.621756,2990.260721,8708.6,8709.1,8652.05,8693.05,8652.255,8666.846913
24-Oct-16,66.84500021,3377.879307,2981.194624,8709.85,8736.95,8684.15,8708.95,8652.195,8674.50202
25-Oct-16,66.80600172,3378.055576,2986.304806,8721.7,8722.65,8663.45,8691.3,8651.565,8677.556198
26-Oct-16,66.86299872,3314.625711,2991.27147,8657.3,8657.3,8596.6,8615.25,8642.21,8666.227798
27-Oct-16,66.88099797,3323.157023,2990.117661,8607.1,8624.85,8550.25,8615.25,8646.4,8656.959108
28-Oct-16,66.77799895,3307.779583,2992.273949,8625,8653.75,8581.75,8638,8651.86,8653.511997
1-Nov-16,66.69599957,3138.772057,3017.811121,8653.15,8669.6,8614.5,8626.25,8662.445,8648.555271
2-Nov-16,66.76199835,3057.371576,3049.412683,8542.8,8549.5,8504.85,8514,8646.055,8624.090676
3-Nov-16,66.66800003,3030.880892,3040.631965,8499.85,8537.65,8476.15,8484.95,8628.64,8598.792371
4-Nov-16,66.79600154,2967.204595,3052.02792,8503.6,8504,8400.25,8433.75,8602.075,8568.784667
7-Nov-16,66.7449986,2984.868446,3018.813244,8535.75,8535.85,8481.45,8497.05,8582.475,8555.742001
8-Nov-16,66.24600015,2997.595826,3004.22093,8540,8559.4,8480.1,8543.55,8565.935,8553.525273
9-Nov-16,66.51499917,2984.679158,3060.340738,8067.5,8476.2,8002.25,8432,8540.005,8531.429769
10-Nov-16,66.86500163,3012.911534,2999.814012,8555.6,8598.45,8510.7,8525.75,8531.055,8530.397084
11-Nov-16,67.56500192,2972.235684,2966.364394,8456.65,8460.6,8284.95,8296.3,8499.16,8487.833978
15-Nov-16,67.78599879,3038.215894,2931.382205,8284.85,8288.55,8093.2,8108.45,8446.205,8418.855073
16-Nov-16,67.99899824,3112.204784,2937.38379,8205.65,8210.05,8089.4,8111.6,8394.74,8362.990514
17-Nov-16,68.02299994,3123.493994,2928.935244,8105.1,8151.25,8060.3,8079.95,8351.335,8311.528602
18-Nov-16,68.19099917,3098.757264,2890.925385,8097.55,8128.95,8048.3,8074.1,8310.25,8268.359766
21-Nov-16,68.22800079,3252.377958,2907.838952,8102.1,8102.45,7916.4,7929.1,8259.785,8206.676172
22-Nov-16,68.39600026,3308.369747,2916.242596,7989.15,8019.05,7938.15,8002.3,8210.31,8169.516868
23-Nov-16,68.78399864,3305.979969,2895.41193,8051.2,8055.2,7973.1,8033.3,8159.285,8144.750165
24-Nov-16,68.76099832,3311.345176,2870.741972,8011.8,8024.85,7952.55,7965.5,8112.635,8112.159226
25-Nov-16,68.51900018,3241.501429,2853.579959,8007.95,8122.25,7976.75,8114.3,8071.49,8112.548457
28-Nov-16,68.57900126,3205.378476,2874.92633,8080.65,8146.5,8066.5,8126.9,8054.55,8115.157829
29-Nov-16,68.6149987,3162.252365,2863.778641,8131.55,8197.35,8128.7,8142.15,8057.92,8120.065496
30-Nov-16,68.59800226,3293.194843,2846.610399,8172.15,8234.25,8139.25,8224.5,8069.21,8139.053588
1-Dec-16,68.23599912,3452.339338,2806.001476,8244,8250.8,8185.05,8192.9,8080.505,8148.843845
2-Dec-16,68.03100118,3481.008549,2808.704738,8153.55,8159.3,8070.05,8086.8,8081.775,8137.563146
5-Dec-16,68.02499892,3543.361374,2796.764703,8088.75,8141.9,8056.85,8128.75,8101.74,8135.960755
6-Dec-16,67.74199864,3466.691809,2793.163453,8153.15,8178.7,8130.85,8143.15,8115.825,8137.267891
7-Dec-16,67.43800003,3425.900251,2791.097515,8168.4,8190.45,8077.5,8102.05,8122.7,8130.864638
8-Dec-16,67.54599849,3391.928896,2783.236013,8152.1,8256.25,8151.75,8246.85,8150.835,8151.952886
9-Dec-16,67.47000048,3470.12741,2767.760024,8271.7,8274.95,8241.95,8261.75,8165.58,8171.915997
12-Dec-16,67.43100156,3611.36541,2754.441537,8230.65,8230.65,8154.45,8170.8,8169.97,8171.713089
13-Dec-16,67.41100096,3576.45522,2755.428194,8196.15,8228.85,8155.8,8221.8,8177.935,8180.8198
14-Dec-16,67.47499916,3533.808768,2761.302009,8229.35,8229.4,8165.1,8182.45,8173.73,8181.1162
15-Dec-16,67.8570006,3452.062885,2709.5131,8128.4,8225.9,8121.95,8153.6,8169.8,8176.113254
16-Dec-16,67.85500227,3483.55398,2711.57027,8178.2,8178.7,8127.45,8139.45,8175.065,8169.447208
19-Dec-16,67.84399978,3549.602948,2722.23659,8126,8132.5,8094.85,8104.35,8172.625,8157.611352
20-Dec-16,67.91700054,3639.995605,2710.071166,8110.6,8124.1,8062.75,8082.4,8166.55,8143.936561
21-Dec-16,67.83699963,3627.931708,2709.212134,8105.85,8112.55,8053.25,8061.3,8162.475,8128.911732
22-Dec-16,67.84799985,3589.518741,2695.781103,8043.85,8046.45,7964.95,7979.1,8135.7,8101.673235
23-Dec-16,67.83699963,3584.682837,2696.050017,7972.5,8022.6,7942.05,7985.75,8108.1,8080.596283
26-Dec-16,67.76000139,3612.205362,2696.988004,7965.1,7970.05,7893.8,7908.25,8081.845,8049.260595
27-Dec-16,67.97799851,3647.746035,2721.673503,7915.05,8044.65,7903.7,8032.85,8062.95,8046.276851
28-Dec-16,68.23300069,3693.73265,2727.709161,8047.55,8100.55,8028.4,8034.85,8048.19,8044.199241
29-Dec-16,67.93499952,3673.854214,2744.387727,8030.6,8111.1,8020.8,8103.6,8043.19,8054.999379
30-Dec-16,67.9549983,3659.877163,2754.198776,8119.65,8197,8114.75,8185.8,8047.825,8078.78131
2-Jan-17,68.14499975,3677.449128,2752.333979,8210.1,8212,8133.8,8179.5,8055.34,8097.093799
3-Jan-17,68.2600007,3697.97925,2760.829353,8196.05,8219.1,8148.6,8192.25,8066.325,8114.394927
4-Jan-17,67.88599877,3594.170583,2772.271738,8202.65,8218.5,8180.9,8190.5,8079.245,8128.232213
5-Jan-17,67.74299905,3631.346528,2788.210331,8226.65,8282.65,8223.7,8273.8,8108.715,8154.699083
6-Jan-17,68.11500046,3673.900144,2788.591315,8281.85,8306.85,8233.25,8243.8,8134.52,8170.89925
9-Jan-17,68.09999913,3618.817166,2794.271743,8259.35,8263,8227.75,8236.05,8167.3,8182.744841
10-Jan-17,68.32699908,3546.354702,2811.681976,8262.7,8293.8,8261,8288.6,8192.875,8201.991233
11-Jan-17,68.31200223,3533.773109,2821.423634,8327.8,8389,8322.25,8380.65,8227.455,8234.474646
12-Jan-17,68.14100172,3601.894497,2842.637285,8391.05,8417.2,8382.3,8407.2,8257.815,8265.879255
13-Jan-17,68.17999902,3598.182095,2834.169886,8457.65,8461.05,8373.15,8400.35,8279.27,8290.328482
16-Jan-17,68.10299979,3573.186495,2853.922002,8390.95,8426.7,8374.4,8412.8,8302.6,8312.59603
17-Jan-17,67.86200153,3600.722178,2870.049881,8415.05,8440.9,8378.3,8398,8323.175,8328.124025
18-Jan-17,68.21999968,3540.336989,2875.290045,8403.85,8460.3,8397.4,8417,8345.825,8344.283293
19-Jan-17,68.09999913,3529.386509,2856.35124,8418.4,8445.15,8404.05,8435.1,8361.955,8360.795422
20-Jan-17,68.07500231,3620.082078,2861.467761,8404.35,8423.65,8340.95,8349.35,8372.51,8358.714436
23-Jan-17,68.05100096,3606.641817,2878.874245,8329.6,8404.15,8327.2,8391.5,8388.055,8364.675448
24-Jan-17,68.13799771,3633.169759,2874.504867,8407.05,8480.95,8398.15,8475.8,8406.775,8384.879912
25-Jan-17,67.98799985,3618.146796,2849.790398,8499.45,8612.6,8493.95,8602.75,8428.985,8424.492655
27-Jan-17,68.10499884,3644.434813,2819.625723,8610.5,8672.7,8606.9,8641.25,8452.39,8463.903081
1-Feb-17,67.41500013,3594.08462,2880.441514,8570.35,8722.4,8537.5,8716.4,8483.995,8509.811612
2-Feb-17,67.21000128,3630.983776,2893.845081,8724.75,8757.6,8685.8,8734.25,8516.14,8550.618592
3-Feb-17,67.18400139,3621.118743,2884.745753,8735.15,8748.25,8707.75,8740.95,8550.435,8585.224302
6-Feb-17,67.19499854,3610.686234,2907.238734,8785.45,8814.1,8770.2,8801.05,8588.84,8624.465338
7-Feb-17,67.34999976,3542.224869,2927.871876,8805.7,8809.3,8741.05,8768.3,8622.16,8650.617095
8-Feb-17,67.05000046,3493.961457,2933.635302,8774.55,8791.25,8715,8769.05,8664.13,8672.15035
9-Feb-17,66.76499816,3538.382291,2923.77998,8795.55,8821.4,8724.1,8778.4,8702.82,8691.468468
10-Feb-17,66.85400049,3588.652853,2903.465577,8812.35,8822.1,8771.2,8793.55,8734.595,8710.028747
13-Feb-17,66.97500171,3576.281771,2907.162667,8819.8,8826.9,8754.2,8805.05,8754.825,8727.305338
14-Feb-17,66.83500176,3567.753693,2907.517678,8819.9,8820.45,8772.5,8792.3,8769.93,8739.12255
15-Feb-17,66.87500013,3552.064725,2901.755272,8778.95,8807.9,8712.85,8724.7,8770.76,8736.500268
16-Feb-17,67.08000021,3568.91201,2931.193171,8739,8783.95,8719.6,8778,8775.135,8744.045674
17-Feb-17,67.08000021,3576.572525,2938.005153,8883.7,8896.45,8804.25,8821.7,8783.21,8758.164642
20-Feb-17,66.90500012,3627.30339,2925.148378,8818.55,8886.25,8809.8,8879.2,8791.025,8780.171071
21-Feb-17,66.98500172,3662.97902,2919.111422,8890.75,8920.8,8860.95,8907.85,8804.98,8803.385422
22-Feb-17,66.94999906,3621.877096,2925.38798,8931.6,8960.75,8905.25,8926.9,8820.765,8825.842618
23-Feb-17,66.68999927,3641.367688,2935.236932,8956.4,8982.15,8927.55,8939.5,8836.875,8846.507596
27-Feb-17,66.69999888,3634.601844,2964.060763,8943.7,8951.8,8888.65,8896.7,8847.19,8855.633488
28-Feb-17,66.72500211,3592.484982,2956.541792,8898.95,8914.75,8867.6,8879.6,8854.645,8859.991036
1-Mar-17,66.86500163,3622.865835,2937.789372,8904.4,8960.8,8898.6,8945.8,8869.995,8875.592665
2-Mar-17,66.78500078,3560.20501,2929.304173,8982.85,8992.5,8879.8,8899.75,8887.5,8879.984908
3-Mar-17,66.78000123,3541.733497,2906.520488,8883.5,8907.1,8860.1,8897.55,8899.455,8883.178561
6-Mar-17,66.67500104,3551.590376,2906.841542,8915.1,8967.8,8914,8963.45,8913.63,8897.773368
7-Mar-17,66.62499939,3563.942161,2884.795684,8977.75,8977.85,8932.8,8946.9,8920.4,8906.705483
8-Mar-17,66.76499816,3496.306269,2867.342404,8950.7,8957.05,8891.95,8924.3,8922.045,8909.904486
9-Mar-17,66.68999927,3318.698555,2850.107164,8914.5,8945.8,8899.5,8927,8922.055,8913.012761
10-Mar-17,66.55500069,3291.315258,2833.61575,8953.7,8975.7,8903.95,8934.55,8921.56,8916.928623
14-Mar-17,65.77499886,3160.424245,2815.949538,9091.65,9122.75,9060.5,9087,8940.59,8947.850692
15-Mar-17,65.63000142,3190.264235,2797.327992,9086.85,9106.55,9075.5,9084.8,8961.11,8972.750566
16-Mar-17,65.38499864,3209.905278,2843.809453,9129.65,9158.45,9128.55,9153.7,8981.9,9005.650463
17-Mar-17,65.47499984,3204.661692,2849.18143,9207.8,9218.4,9147.6,9160.05,9007.93,9033.723106
20-Mar-17,65.34499872,3176.089657,2854.101201,9166.95,9167.6,9116.3,9126.85,9030.86,9050.655269
21-Mar-17,65.34499872,3205.268295,2858.147292,9133.95,9147.75,9087.2,9121.5,9046.665,9063.536129
22-Mar-17,65.45499864,3140.510812,2886.744359,9047.2,9072.9,9019.3,9030.45,9055.02,9057.520469
23-Mar-17,65.45499864,3157.863772,2885.536537,9048.75,9099.05,9048.6,9086.3,9071.22,9062.753111
24-Mar-17,65.42500048,3144.123867,2877.888321,9104,9133.55,9089.4,9108,9089.32,9070.979818
27-Mar-17,64.99499961,3106.327662,2888.053279,9093.45,9094.85,9024.65,9045.2,9100.385,9066.292578
28-Mar-17,65.04499943,3154.27885,2883.789068,9081.5,9110.4,9079.8,9100.8,9101.765,9072.566655
29-Mar-17,64.87500079,3184.30553,2869.671021,9128.7,9153.15,9109.1,9143.8,9107.665,9085.518172
30-Mar-17,64.86000001,3246.229996,2867.103996,9142.6,9183.15,9136.35,9173.75,9109.67,9101.560323
31-Mar-17,64.86000001,3267.954846,2858.220815,9158.9,9191.7,9152.1,9173.75,9111.04,9114.685719
3-Apr-17,64.98500211,3288.420182,2877.813782,9220.6,9245.35,9192.4,9237.85,9122.14,9137.079224
5-Apr-17,64.87500079,3346.54703,2887.261115,9264.4,9273.9,9215.4,9265.15,9136.505,9160.36482
6-Apr-17,64.60599806,3333.358912,2881.537127,9245.8,9267.95,9218.85,9261.95,9159.655,9178.834853
7-Apr-17,64.26999981,3363.390684,2885.902941,9223.7,9250.5,9188.1,9198.3,9170.855,9182.37397
10-Apr-17,64.6050005,3407.398225,2871.022199,9225.6,9225.65,9174.85,9181.45,9178.2,9182.205976
11-Apr-17,64.55499947,3428.392682,2897.450533,9184.55,9242.7,9172.85,9237,9197.38,9192.168526
12-Apr-17,64.68999906,3458.863806,2923.762883,9242.5,9246.4,9161.8,9203.45,9207.645,9194.219703
13-Apr-17,64.44499839,3424.426063,2935.323091,9202.5,9202.65,9144.95,9150.8,9208.345,9186.325211
17-Apr-17,64.47999943,3409.573558,2943.028848,9144.75,9160,9120.25,9139.3,9204.9,9177.775173
18-Apr-17,64.6050005,3393.026819,2937.694439,9163,9217.9,9095.45,9105.15,9198.04,9164.570596
19-Apr-17,64.66500038,3373.272182,2931.511106,9112.2,9120.5,9075.15,9103.5,9184.605,9153.466851
20-Apr-17,64.62000047,3309.283767,2926.012839,9108.1,9143.9,9102.65,9136.4,9171.73,9150.363787
21-Apr-17,64.65000041,3255.774644,2932.912558,9179.1,9183.65,9088.75,9119.4,9157.475,9144.734008
24-Apr-17,64.49000018,3211.87033,2907.619125,9135.35,9225.4,9130.55,9217.95,9159.44,9158.046006
25-Apr-17,64.32999952,3176.887791,2891.360038,9273.05,9309.2,9250.35,9306.6,9171.955,9185.055823
26-Apr-17,64.13000023,3189.518425,2872.721214,9336.2,9367,9301.35,9351.85,9183.44,9215.382037
27-Apr-17,64.11500077,3142.274224,2877.275565,9359.15,9367.15,9322.65,9342.15,9197.31,9238.430758
28-Apr-17,64.2899983,3181.486954,2885.045367,9340.95,9342.65,9282.25,9304.05,9212.635,9250.361529
2-May-17,64.16500158,3133.194084,2860.084659,9339.85,9352.55,9269.9,9313.8,9230.085,9261.895797
3-May-17,64.16500158,3074.74288,2852.220739,9344.7,9346.3,9298.4,9311.95,9250.765,9270.996561
4-May-17,64.21499798,3004.703634,2815.901962,9360.95,9365.65,9323.25,9359.9,9276.405,9287.160823
5-May-17,64.3150015,2937.087142,2816.322277,9374.55,9377.1,9272,9285.3,9291.295,9286.822491
8-May-17,64.35999998,2982.448749,2812.820837,9311.45,9338.7,9297.95,9314.05,9310.76,9291.772947
9-May-17,64.67999894,2993.860934,2807.584972,9337.35,9338.95,9307.7,9316.85,9320.65,9296.332411
10-May-17,64.61499832,3033.345759,2806.859966,9339.65,9414.75,9336,9407.3,9330.72,9316.508337
11-May-17,64.40499924,3091.192602,2800.01456,9448.6,9450.65,9411.3,9422.4,9337.775,9335.761366
12-May-17,64.24300095,3072.344123,2804.96254,9436.65,9437.75,9372.55,9400.9,9343.65,9347.604754
15-May-17,64.06499984,3152.06737,2806.844209,9433.55,9449.25,9423.1,9445.4,9357.785,9365.385708
16-May-17,64.0450016,3142.739087,2809.572776,9461,9517.2,9456.35,9512.25,9377.63,9392.088307
17-May-17,64.13000023,3141.467067,2841.231958,9517.6,9532.6,9486.1,9525.75,9399.01,9416.390433
18-May-17,64.88000119,3170.682817,2881.371072,9453.2,9489.1,9418.1,9429.45,9405.965,9418.764899
19-May-17,64.56499849,3255.832851,2865.970045,9469.9,9505.75,9390.75,9427.9,9420.225,9420.425827
22-May-17,64.5099985,3310.672668,2870.35469,9480.25,9498.65,9427.9,9438.25,9432.645,9423.666586
23-May-17,64.89499859,3318.062666,2886.97771,9445.05,9448.05,9370,9386.15,9439.575,9416.845388
24-May-17,64.76999817,3345.014349,2870.297018,9410.9,9431.9,9341.65,9360.55,9434.9,9406.609863
25-May-17,64.55499947,3267.33221,2871.079899,9384.05,9523.3,9379.2,9509.75,9443.635,9425.362615
26-May-17,64.5099985,3171.03595,2883.157172,9507.75,9604.9,9495.4,9595.1,9463.055,9456.223958
29-May-17,64.5400005,3230.090129,2889.714063,9560.05,9637.75,9547.7,9604.9,9479.005,9483.255966
30-May-17,64.63499905,3203.989265,2888.403637,9590.65,9635.3,9581.2,9624.55,9490.235,9508.94579
31-May-17,64.5099985,3139.232413,2883.922134,9636.55,9649.6,9609.25,9621.25,9499.785,9529.364737
1-Jun-17,64.47799966,3145.859222,2891.870086,9603.55,9634.65,9589.9,9616.1,9518.45,9545.134785
2-Jun-17,64.41500164,3062.817494,2896.678379,9657.15,9673.5,9637.45,9653.5,9541.01,9564.837551
5-Jun-17,64.3499981,3065.66235,2923.027906,9656.3,9687.2,9640.7,9675.1,9564.695,9584.885269
6-Jun-17,64.43000067,3061.711628,2946.870865,9704.25,9709.3,9630.2,9637.15,9589.795,9594.387948
7-Jun-17,64.43499913,3030.468227,2947.722148,9663.95,9678.55,9630.55,9663.9,9620.13,9607.026503
8-Jun-17,64.25000138,2948.068676,2922.780148,9682.4,9688.7,9641.5,9647.25,9633.88,9614.339866
9-Jun-17,64.24499856,2947.335139,2901.064981,9638.55,9676.25,9608.15,9668.25,9641.195,9624.141708
12-Jun-17,64.47999943,2986.295484,2898.87002,9646.7,9647.05,9598.5,9616.4,9642.345,9622.734125
13-Jun-17,64.34500039,2974.289412,2890.064824,9615.55,9654.15,9595.4,9606.9,9640.58,9619.855193
14-Jun-17,64.23499938,2925.658928,2898.626341,9621.55,9627.4,9580.45,9618.15,9640.27,9619.545158
15-Jun-17,64.56499849,2878.991507,2879.26383,9617.9,9621.4,9560.8,9578.05,9636.465,9612.000584
16-Jun-17,64.46500205,2886.266919,2873.860514,9595.45,9615.85,9565.5,9588.05,9629.92,9607.645932
19-Jun-17,64.49499964,2887.674797,2859.430401,9626.4,9673.3,9614.9,9657.55,9628.165,9616.719399
20-Jun-17,64.5400005,2831.443107,2853.734683,9670.5,9676.5,9643.75,9653.5,9629.8,9623.406781
21-Jun-17,64.5300009,2808.207121,2856.79188,9648.1,9650.45,9608.6,9633.6,9626.77,9625.260094
22-Jun-17,64.6050005,2775.535006,2868.543268,9642.65,9698.85,9617.75,9630,9625.045,9626.121895
23-Jun-17,64.50500088,2778.660865,2874.521392,9643.25,9647.65,9565.3,9574.95,9615.715,9616.817914
27-Jun-17,64.47499814,2844.526288,2857.379611,9594.05,9615.4,9473.45,9511.4,9605.215,9597.65102
28-Jun-17,64.52500018,2872.217217,2864.22978,9520.2,9522.5,9474.35,9491.25,9593.65,9578.30538
29-Jun-17,64.65999962,2923.783943,2853.930147,9522.95,9575.8,9493.8,9504.1,9582.245,9564.813493
30-Jun-17,64.62000047,2944.113363,2848.337425,9478.5,9535.8,9448.75,9520.9,9576.53,9556.829222
3-Jul-17,64.84500196,3017.284629,2825.936445,9587.95,9624,9543.55,9615,9579.225,9567.405727
4-Jul-17,64.78999845,3055.606887,2813.913112,9645.9,9650.65,9595.5,9613.3,9574.8,9575.75014
5-Jul-17,64.79999902,2997.862049,2810.575634,9619.75,9643.65,9607.35,9637.6,9573.21,9586.995569
6-Jul-17,64.72499869,2977.477065,2813.453937,9653.6,9700.7,9639.95,9674.55,9577.305,9602.914557
7-Jul-17,64.62499922,2876.34003,2793.218067,9670.35,9684.25,9642.65,9665.8,9580.885,9614.348274
10-Jul-17,64.47499814,2858.254766,2770.604989,9719.3,9782.15,9646.45,9771.05,9600.495,9642.839497
11-Jul-17,64.56499849,2877.274932,2775.64978,9797.45,9830.05,9778.85,9786.05,9627.96,9668.87777
12-Jul-17,64.47499814,2955.91295,2789.781588,9807.3,9824.95,9787.7,9816.1,9660.445,9695.645448
13-Jul-17,64.45999893,2941.695527,2788.272526,9855.8,9897.25,9853.45,9891.7,9699.205,9731.29173
14-Jul-17,64.42399856,2983.932444,2792.180777,9913.3,9913.3,9845.45,9886.35,9735.75,9759.484143
17-Jul-17,64.34500039,2994.242485,2808.468093,9908.15,9928.2,9894.7,9915.95,9765.845,9787.932481
18-Jul-17,64.31599839,2983.188789,2821.447515,9832.7,9885.35,9792.05,9827.15,9787.23,9795.062939
19-Jul-17,64.26999981,3012.614831,2822.299553,9855.95,9905.05,9851.65,9899.6,9813.43,9814.069677
20-Jul-17,64.37499827,3056.741491,2824.571513,9920.2,9922.55,9863.45,9873.3,9833.305,9824.838827
21-Jul-17,64.38499963,3000.454616,2842.459523,9899.6,9924.7,9838,9915.25,9858.25,9841.277222
24-Jul-17,64.39499996,2975.170046,2855.975987,9936.8,9982.05,9919.6,9966.4,9877.785,9864.026818
25-Jul-17,64.38499963,3050.099838,2849.60362,10010.55,10011.3,9949.1,9964.55,9895.635,9882.30376
26-Jul-17,64.35500072,3125.655532,2836.710437,9983.65,10025.95,9965.95,10020.65,9916.09,9907.457622
27-Jul-17,64.12499963,3136.781217,2854.907872,10063.25,10114.85,10005.5,10020.55,9928.975,9928.019872
28-Jul-17,64.11500077,3173.387956,2860.043759,9996.55,10026.05,9944.5,10014.5,9941.79,9943.743532
1-Aug-17,64.09500007,3178.980223,2870.989228,10101.05,10128.6,10065.75,10114.65,9961.66,9974.817435
2-Aug-17,63.63500185,3132.143755,2858.841826,10136.3,10137.85,10054.2,10081.5,9987.095,9994.214265
3-Aug-17,63.70499998,3161.161286,2847.737188,10081.15,10081.15,9998.25,10013.65,9998.5,9997.748035
4-Aug-17,63.67499873,3126.537954,2849.481822,10008.6,10075.25,9988.35,10066.4,10017.81,10010.23021
7-Aug-17,63.84000163,3134.395701,2841.159307,10074.8,10088.1,10046.35,10057.4,10032.025,10018.80654
8-Aug-17,63.69199976,3147.433048,2843.000958,10068.35,10083.8,9947,9978.55,10033.24,10011.48717
9-Aug-17,63.85999845,3153.933694,2871.434396,9961.15,9969.8,9893.05,9908.05,10027.59,9992.680408
10-Aug-17,64.09500007,3176.760897,2906.385329,9872.85,9892.65,9776.2,9820.25,10007.55,9961.329425
11-Aug-17,64.13999966,3105.004286,2920.611927,9712.15,9771.65,9685.55,9710.8,9976.575,9915.77862
14-Aug-17,64.09000082,3112.745012,2908.743975,9755.75,9818.3,9752.1,9794.15,9954.54,9893.664326
16-Aug-17,64.17000019,3054.59965,2888.862568,9825.85,9903.95,9773.85,9897.3,9932.805,9894.325358
17-Aug-17,64.17000019,3004.958626,2915.562397,9945.55,9947.8,9883.75,9904.15,9915.07,9896.111656
18-Aug-17,64.09500007,3051.866899,2927.53759,9865.95,9865.95,9783.65,9837.4,9897.445,9885.43681
21-Aug-17,64.1099984,3090.009343,2918.480989,9864.25,9884.35,9740.1,9754.35,9866.24,9861.602844
22-Aug-17,64.07199847,3073.78527,2912.955076,9815.75,9828.45,9752.6,9765.55,9837.055,9844.138691
23-Aug-17,64.0450016,3082.31977,2914.483233,9803.05,9857.9,9786.75,9852.5,9824.45,9845.658929
24-Aug-17,64.0450016,3072.559715,2910.852239,9881.2,9881.5,9848.85,9857.05,9819.35,9847.730033
28-Aug-17,63.90499934,3008.790228,2932.577119,9907.15,9925.75,9882,9912.8,9828.605,9859.560936
29-Aug-17,64.01499897,2976.861974,2979.293907,9886.4,9887.35,9783.75,9796.05,9837.13,9848.013493
30-Aug-17,63.98999913,2966.626566,2955.231203,9859.5,9909.45,9850.8,9884.4,9846.155,9854.629221
31-Aug-17,63.93500112,2997.636519,2957.442404,9905.7,9925.1,9856.95,9917.9,9848.215,9866.132999
1-Sep-17,64.02499946,3010.646327,2977.98081,9937.65,9983.45,9909.85,9974.4,9855.24,9885.817909
4-Sep-17,64.04000195,3043.163318,3013.85469,9984.15,9988.4,9861,9912.85,9862.785,9890.732834
5-Sep-17,64.10500091,3101.196371,3012.883088,9933.25,9963.1,9901.05,9952.2,9882.57,9901.908683
6-Sep-17,64.06000116,3149.898741,3019.816033,9899.25,9931.55,9882.55,9916.2,9897.635,9904.507104
7-Sep-17,64.01499897,3140.71821,3020.18997,9945.85,9964.85,9917.2,9929.9,9905.375,9909.123994
8-Sep-17,63.78500066,3107.871588,3035.850357,9958.65,9963.6,9913.3,9934.8,9913.15,9913.792359
11-Sep-17,63.93500112,3052.53014,3001.894195,9971.75,10028.65,9968.8,10006.05,9922.475,9930.566475
12-Sep-17,64.03100125,3085.85059,2988.857539,10056.85,10097.55,10028.05,10093.05,9952.175,9960.108934
13-Sep-17,64.0099999,3127.8896,2994.971443,10099.25,10131.95,10063.15,10079.3,9971.665,9981.780037
14-Sep-17,64.12300125,3202.036291,2988.759276,10107.4,10126.5,10070.35,10086.6,9988.535,10000.83821
15-Sep-17,64.1099984,3195.448184,2992.954585,10062.35,10115.15,10043.65,10085.4,9999.635,10016.21308
18-Sep-17,64.15799908,3196.673612,2966.619596,10133.1,10171.7,10131.3,10153.1,10023.66,10041.10161
19-Sep-17,64.29999807,3218.554609,2962.032665,10175.6,10178.95,10129.95,10147.55,10043.195,10060.45587
20-Sep-17,64.29299914,3262.715153,2975.384643,10160.95,10171.05,10134.2,10141.15,10065.69,10075.12753
21-Sep-17,64.80999847,3285.465355,2953.755996,10139.6,10158.9,10058.6,10121.9,10084.89,10083.63161
22-Sep-17,64.79499834,3290.153403,2964.614363,10094.35,10095.05,9952.8,9964.4,10087.85,10061.95314
25-Sep-17,65.12699928,3346.532661,2978.353328,9960.1,9960.5,9816.05,9872.6,10074.505,10027.52529
26-Sep-17,65.45999887,3408.406663,3001.515765,9875.25,9891.35,9813,9871.5,10052.35,9999.157059
27-Sep-17,65.71499957,3425.000003,2980.039694,9920.6,9921.05,9714.4,9735.75,10017.995,9951.264866
28-Sep-17,65.47000161,3423.657964,2964.016836,9736.4,9789.2,9687.55,9768.95,9986.23,9918.116709
29-Sep-17,65.30999946,3374.346815,2966.425991,9814.3,9854,9775.35,9788.6,9956.55,9894.568216
3-Oct-17,65.4849986,3314.63103,2949.626282,9893.3,9895.4,9831.05,9859.5,9927.19,9888.192177
4-Oct-17,65.03000029,3281.374403,2947.600506,9884.35,9938.3,9850.65,9914.9,9903.925,9893.048145
5-Oct-17,65.14500105,3293.951442,2943.323365,9927,9945.95,9881.85,9888.7,9878.68,9892.257573
6-Oct-17,65.39999948,3268.104916,2942.959558,9908.15,9989.35,9906.6,9979.7,9864.46,9908.156196
9-Oct-17,65.35500052,3241.946271,2971.379671,9988.2,10015.75,9959.45,9988.75,9866.895,9922.809615
10-Oct-17,65.25000212,3290.851793,2981.203512,10013.7,10034,10002.3,10016.95,9881.33,9939.926049
11-Oct-17,65.15999809,3334.17988,2977.413342,10042.6,10067.25,9955.8,9984.8,9892.66,9948.084949
12-Oct-17,65.06000126,3296.369303,2983.186759,10011.2,10104.45,9977.1,10096.4,9928.725,9975.051322
13-Oct-17,64.69999808,3328.711978,2981.043544,10123.7,10191.9,10120.1,10167.45,9968.575,10010.0329
16-Oct-17,64.69999808,3368.243119,2990.824152,10207.4,10242.95,10175.1,10230.85,10012.8,10050.18146
17-Oct-17,65.03000029,3367.085727,2968.327941,10227.65,10251.85,10212.6,10234.45,10050.295,10083.68483
18-Oct-17,65.05499847,3392.395574,2959.105167,10209.4,10236.45,10175.75,10210.85,10079.89,10106.80577
19-Oct-17,64.99499961,3355.851531,2966.346796,10210.35,10211.95,10123.35,10146.55,10105.675,10114.032
23-Oct-17,65.02299798,3390.724004,2946.92297,10176.65,10224.15,10124.5,10184.85,10126.19,10126.908
24-Oct-17,65.09000027,3403.974578,2952.238683,10218.55,10237.75,10182.4,10207.7,10148.085,10141.59745
25-Oct-17,64.92500156,3398.851227,2939.697975,10321.15,10340.55,10240.9,10295.35,10175.925,10169.55246
26-Oct-17,64.83999855,3398.312529,2935.969442,10291.8,10355.65,10271.85,10343.8,10211.825,10201.23383
27-Oct-17,65.03999895,3461.882828,2926.560881,10362.3,10366.15,10311.3,10323.05,10234.49,10223.38223
30-Oct-17,64.86000001,3512.631062,2930.076651,10353.85,10384.5,10344.3,10363.65,10254.11,10248.88546
31-Oct-17,64.75000186,3511.330222,2925.079928,10364.9,10367.7,10323.95,10335.3,10264.555,10264.59719
1-Nov-17,64.56499849,3533.100581,2922.122513,10390.35,10451.65,10383.05,10440.5,10285.16,10296.57952
2-Nov-17,64.5750006,3511.942044,2926.817847,10440.5,10453,10412.55,10423.8,10306.455,10319.71052
3-Nov-17,64.56000068,3547.427608,2918.51506,10461.55,10461.7,10403.6,10452.5,10337.05,10343.85406
6-Nov-17,64.62499922,3641.366438,2922.968099,10431.75,10490.45,10413.75,10451.8,10363.745,10363.48059
7-Nov-17,65.06000126,3727.188037,2940.804545,10477.15,10485.75,10340.8,10350.15,10377.99,10361.05685
8-Nov-17,64.91999844,3706.970646,2950.270245,10361.95,10384.25,10285.5,10303.15,10378.77,10350.52833
9-Nov-17,64.97499924,3715.985551,2957.048865,10358.65,10368.45,10266.95,10308.95,10375.285,10342.96863
10-Nov-17,65.19000017,3726.967333,2959.367879,10304.35,10344.95,10254.1,10321.75,10375.155,10339.1107
13-Nov-17,65.43999826,3719.133522,2957.45115,10322,10334.15,10216.25,10224.95,10361.285,10318.35421
14-Nov-17,65.41000101,3669.050097,2954.340665,10223.4,10248,10175.55,10186.6,10346.415,10294.3989
15-Nov-17,65.27000176,3609.15216,2962.699612,10171.95,10175.45,10094,10118.05,10314.17,10262.33546
16-Nov-17,65.29500151,3606.699499,2949.904718,10152.9,10232.25,10139.2,10214.75,10293.265,10253.68356
17-Nov-17,65.01499961,3639.73186,2951.785535,10324.55,10343.6,10268.05,10283.6,10276.375,10259.12291
20-Nov-17,65.10000044,3672.320039,2958.807482,10287.2,10309.85,10261.5,10298.75,10261.07,10266.32784
21-Nov-17,64.88000119,3686.78801,2937.703069,10329.25,10358.7,10315.05,10326.9,10258.745,10277.34096
22-Nov-17,64.88000119,3748.978703,2943.366682,10350.8,10368.7,10309.55,10342.3,10262.66,10289.15169
23-Nov-17,64.57000124,3766.479905,2947.374626,10358.45,10374.3,10307.3,10348.75,10266.64,10299.98775
24-Nov-17,64.67999894,3797.017759,2944.666767,10366.8,10404.5,10362.25,10389.7,10273.435,10316.29907
27-Nov-17,64.47700189,3759.349694,2949.91342,10361.05,10407.15,10340.2,10399.55,10290.895,10331.4356
28-Nov-17,64.40999798,3726.253766,2944.198604,10387.9,10409.55,10355.2,10370.25,10309.26,10338.49276
29-Nov-17,64.35999998,3713.719368,2937.599511,10376.65,10392.95,10345.9,10361.3,10333.585,10342.63953
30-Nov-17,64.49000018,3710.878396,2923.805625,10332.7,10332.7,10211.25,10226.55,10334.765,10321.53235
1-Dec-17,64.52000023,3760.902126,2928.883773,10263.7,10272.7,10108.55,10121.8,10318.585,10285.21737
4-Dec-17,64.38000064,3723.229751,2914.763569,10175.05,10179.2,10095.7,10127.75,10301.485,10256.58694
5-Dec-17,64.35999998,3703.556774,2905.000668,10118.25,10147.95,10069.1,10118.25,10280.62,10231.43477
6-Dec-17,64.5300009,3669.756831,2898.3491,10088.8,10104.2,10033.35,10044.1,10250.8,10197.3739
7-Dec-17,64.57000124,3634.378425,2877.764092,10063.45,10182.65,10061.9,10166.7,10232.595,10191.79683
8-Dec-17,64.47999943,3690.855158,2854.500405,10198.45,10270.85,10195.25,10265.65,10220.19,10205.22468
11-Dec-17,64.35500072,3698.185006,2844.343312,10310.5,10329.2,10282.05,10322.25,10212.46,10226.50201
12-Dec-17,64.40999798,3739.102037,2819.538272,10324.9,10326.1,10230.2,10240.15,10199.45,10228.98346
13-Dec-17,64.45999893,3686.399226,2816.528516,10236.6,10296.55,10169.85,10192.95,10182.615,10222.43192
14-Dec-17,64.33999932,3635.552233,2833.961056,10229.3,10276.1,10141.55,10252.1,10185.17,10227.82612
15-Dec-17,64.08000055,3669.15408,2829.887003,10345.65,10373.1,10319.65,10333.25,10206.315,10246.9941
18-Dec-17,64.2100006,3687.167898,2839.166875,10263.1,10443.55,10074.8,10388.75,10232.415,10272.7679
19-Dec-17,64.06000116,3689.283382,2844.343312,10414.8,10472.2,10406,10463.2,10266.91,10307.39192
20-Dec-17,64.11500077,3705.746218,2847.518245,10494.4,10494.45,10437.15,10444.2,10306.92,10332.26611
21-Dec-17,64.01999882,3719.11586,2849.286966,10473.95,10473.95,10426.9,10440.3,10334.28,10351.90864
22-Dec-17,64.01999882,3725.114232,2857.183674,10457.3,10501.1,10448.25,10493,10357.015,10377.56161
26-Dec-17,64.05000204,3786.858374,2876.489302,10512.3,10545.45,10477.95,10531.5,10377.94,10405.55041
27-Dec-17,64.11999981,3824.903907,2890.01471,10531.05,10552.4,10469.25,10490.75,10403,10421.04125
28-Dec-17,64.08000055,3822.854538,2902.403771,10498.2,10534.55,10460.45,10477.9,10431.495,10431.3792
29-Dec-17,63.84000163,3845.180845,2904.91628,10492.35,10538.7,10488.65,10530.7,10459.355,10449.43753
1-Jan-18,63.67999833,3824.551322,2913.846306,10531.7,10537.85,10423.1,10435.55,10469.585,10446.91252
2-Jan-18,63.45999907,3836.70322,2917.467755,10477.55,10495.2,10404.65,10442.2,10474.93,10446.0557
3-Jan-18,63.50499835,3871.198635,2922.122513,10482.65,10503.6,10429.55,10443.2,10472.93,10445.53648
4-Jan-18,63.39999864,3923.56972,2914.899509,10469.4,10513,10441.45,10504.8,10478.99,10456.31167
5-Jan-18,63.33999923,3893.756509,2922.199364,10534.25,10566.1,10520.1,10558.85,10490.845,10474.955
8-Jan-18,63.4749998,3908.16958,2923.070627,10591.7,10631.2,10588.55,10623.6,10503.905,10501.98136
9-Jan-18,63.66999992,3962.762441,2920.654577,10645.1,10659.15,10603.6,10637,10514.455,10526.53021
10-Jan-18,63.63000121,4039.257682,2929.329916,10652.05,10655.5,10592.7,10632.2,10528.6,10545.7429
11-Jan-18,63.68999988,4081.322926,2934.246471,10637.05,10664.6,10612.35,10651.2,10545.93,10564.91692
12-Jan-18,63.60999845,4039.904202,2949.652383,10682.55,10690.4,10597.1,10681.25,10560.985,10586.06839
15-Jan-18,63.51500148,4092.156095,2972.042001,10718.5,10782.65,10713.8,10741.55,10591.585,10614.33777
16-Jan-18,64.01999882,4099.012604,2979.986411,10761.5,10762.35,10687.85,10700.45,10617.41,10629.99454
17-Jan-18,63.88499882,4069.573382,2976.332206,10702.45,10803,10666.75,10788.55,10651.945,10658.8228
18-Jan-18,63.86999951,4081.321146,2961.681761,10873.4,10887.5,10782.4,10817,10683.165,10687.58229
19-Jan-18,63.83000181,4037.687761,2971.326697,10829.2,10906.85,10793.9,10894.7,10716.75,10725.24006
22-Jan-18,63.8899988,4058.669883,2980.092979,10883.2,10975.1,10881.4,10966.2,10751.01,10769.05096
23-Jan-18,63.76000123,4098.224693,2987.419974,10997.4,11092.9,10994.55,11083.7,10795.68,10826.25987
24-Jan-18,63.66000059,4123.891306,3010.008278,11069.35,11110.1,11046.15,11086,10841.06,10873.48535
25-Jan-18,63.51500148,4202.835264,3033.336367,11095.6,11095.6,11009.2,11069.65,10882.905,10909.15165
29-Jan-18,63.60000178,4182.06353,3006.831521,11079.35,11171.55,11075.95,11130.4,10927.82,10949.37862
30-Jan-18,63.68999988,4122.604351,3005.530176,11120.85,11121.1,11033.9,11049.65,10958.63,10967.60978
31-Jan-18,63.55000092,4089.633999,3007.129905,11018.8,11058.5,10979.3,11027.7,10991.355,10978.53528
1-Feb-18,63.98000139,4172.085463,3026.671025,11044.55,11117.35,10878.8,11016.9,11014.19,10985.51068
2-Feb-18,64.13000023,4198.583019,3044.788844,10938.2,10954.95,10736.1,10760.6,11008.55,10944.61783
5-Feb-18,64.13999966,4156.045122,3029.320796,10604.3,10702.75,10586.8,10666.55,10985.735,10894.06004
6-Feb-18,64.22999889,4096.334813,3043.278463,10295.15,10594.15,10276.3,10498.25,10938.94,10822.09458
7-Feb-18,64.28000163,4039.519487,3013.282549,10607.2,10614,10446.4,10476.7,10878.24,10759.29557
8-Feb-18,64.29999807,3948.958886,2993.097916,10518.5,10637.8,10479.55,10576.85,10827.325,10726.12364
9-Feb-18,64.37499827,3866.322097,3000.903272,10416.5,10480.2,10398.2,10454.95,10765.855,10676.81935
12-Feb-18,64.28000163,3864.127716,3011.476738,10518.2,10555.5,10485.4,10539.75,10706.79,10651.89765
14-Feb-18,64.1000001,3786.81039,3035.776628,10585.75,10590.55,10456.65,10500.9,10651.915,10624.44353
15-Feb-18,63.9000011,3879.562199,3060.18153,10537.9,10618.1,10511.05,10545.5,10603.695,10610.09016
16-Feb-18,64.21499798,3938.009669,3076.979883,10596.2,10612.9,10434.05,10452.3,10547.235,10581.40104
19-Feb-18,64.25000138,4023.210203,3075.560367,10488.9,10489.35,10302.75,10378.4,10509.015,10544.49176
20-Feb-18,64.86000001,4025.904127,3062.674572,10391,10429.35,10347.65,10360.4,10478.4,10511.02053
21-Feb-18,64.80500046,3987.312088,3046.653404,10426,10426.1,10349.6,10397.45,10468.32,10490.37134
22-Feb-18,64.97499924,4035.453571,3047.433299,10354.35,10397.55,10340.65,10382.7,10458.92,10470.79474
23-Feb-18,64.71000019,4090.365045,3047.442586,10408.1,10499.1,10396.65,10491.05,10450.34,10474.47751
26-Feb-18,64.76999817,4131.787672,3059.245345,10526.55,10592.95,10520.2,10582.6,10463.105,10494.13615
27-Feb-18,64.91999844,4130.656329,3047.498309,10615.2,10631.65,10537.25,10554.3,10464.56,10505.07503
28-Feb-18,65.21000131,4088.055902,3037.131976,10488.95,10535.5,10461.55,10492.85,10463.755,10502.8523
1-Mar-18,65.23000197,3991.86988,3020.983753,10479.95,10525.5,10447.15,10458.35,10455.04,10494.76097
5-Mar-18,65.02500211,4033.243954,3046.087301,10428.3,10428.7,10323.9,10358.85,10445.695,10470.04988
6-Mar-18,64.90499791,4072.743611,3052.074495,10420.5,10441.35,10215.9,10249.25,10432.78,10429.90445
7-Mar-18,64.88000119,4020.40825,3053.658894,10232.95,10243.35,10141.55,10154.2,10412.16,10379.77637
8-Mar-18,65.10500167,3960.805645,3046.690532,10216.25,10270.35,10146.4,10242.65,10396.68,10354.8443
9-Mar-18,65.12500158,3974.408714,3037.067408,10271.3,10296.7,10211.9,10226.85,10381.095,10331.57261
12-Mar-18,64.98500211,3993.014817,3033.612426,10301.6,10433.65,10295.45,10421.4,10374.13,10347.90486
13-Mar-18,64.85499849,3958.696021,3033.078757,10389.5,10478.6,10377.85,10426.85,10358.555,10362.25852
14-Mar-18,64.83999855,3945.229387,3044.964998,10393.05,10420.35,10336.3,10410.9,10344.215,10371.10243
15-Mar-18,64.98999836,3974.362715,3035.822708,10405.45,10420,10346.2,10360.15,10330.945,10369.11108
16-Mar-18,64.98999836,4012.940799,3025.141955,10345.15,10346.3,10180.25,10195.15,10304.625,10337.48179
19-Mar-18,65.2200001,4041.115176,3028.522626,10215.35,10224.55,10075.3,10094.25,10278.165,10293.25783
20-Mar-18,65.21000131,4132.641502,3028.229152,10051.55,10155.65,10049.1,10124.35,10265.675,10262.54731
21-Mar-18,65.18000207,4210.490911,3039.134941,10181.95,10227.3,10132.95,10155.25,10265.78,10243.03871
22-Mar-18,65.10500167,4223.984828,3057.262527,10167.5,10207.85,10105.4,10114.75,10252.99,10219.71349
23-Mar-18,64.98999836,4236.984599,3083.07975,9968.8,10027.7,9951.9,9998.05,10230.11,10179.41104
26-Mar-18,64.82500134,4253.768357,3088.81263,9989.15,10143.5,9958.55,10130.65,10201.035,10170.5454
27-Mar-18,64.94500068,4259.465984,3081.778063,10188,10207.9,10139.65,10184.15,10176.765,10173.01896
28-Mar-18,65.15999809,4197.914311,3071.668162,10143.6,10158.35,10096.9,10113.7,10147.045,10162.23369
2-Apr-18,65.12999817,4175.099833,3077.349171,10151.65,10220.1,10127.75,10211.8,10132.21,10171.24575
3-Apr-18,65.00000163,4121.656357,3080.297187,10186.85,10255.35,10171.05,10245,10137.195,10184.65561
4-Apr-18,65.04499943,4087.714091,3093.89667,10274.6,10279.85,10111.3,10128.4,10140.61,10174.42732
5-Apr-18,64.89000009,4127.420193,3061.418171,10228.45,10331.8,10227.45,10325.15,10160.69,10201.83144
6-Apr-18,64.93000124,4081.632024,3063.800583,10322.75,10350.45,10290.85,10331.6,10178.325,10225.42573
9-Apr-18,64.95499853,4084.535737,3070.442082,10333.7,10397.7,10328.5,10379.35,10204.785,10253.41196
10-Apr-18,64.94999922,4202.675839,3082.044012,10412.9,10424.85,10381.5,10402.25,10245.205,10280.47342
11-Apr-18,65.26000041,4319.024097,3123.350481,10428.15,10428.15,10355.6,10417.15,10273.855,10305.32371
12-Apr-18,65.29000088,4352.549411,3115.255093,10410.65,10469.9,10395.25,10458.65,10301.305,10333.20122
13-Apr-18,65.25500088,4386.707466,3105.069336,10495.3,10519.9,10451.45,10480.6,10337.995,10360.00099
16-Apr-18,65.47000161,4354.902042,3125.673973,10398.3,10540.15,10396.35,10528.35,10369.65,10390.6099
17-Apr-18,65.67999982,4343.915293,3130.635143,10557.3,10560.45,10495.65,10548.7,10400.02,10419.35356
18-Apr-18,65.72000073,4442.404062,3144.446436,10578.9,10594.2,10509.7,10526.2,10439.8,10438.78018
19-Apr-18,65.86999976,4541.772266,3153.987113,10563.65,10572.2,10546.2,10565.3,10463.815,10461.78379
20-Apr-18,66.20999865,4515.321155,3145.326674,10560.35,10582.35,10527.45,10564.05,10487.06,10480.37764
23-Apr-18,66.53000074,4521.090751,3130.321547,10592.8,10638.35,10514.95,10584.7,10507.595,10499.34534
24-Apr-18,66.41000087,4576.49983,3128.411924,10578.1,10636.8,10569,10614.35,10528.805,10520.25528
25-Apr-18,66.91999901,4539.247804,3138.032642,10612.4,10612.6,10536.45,10570.55,10544.145,10529.39978
26-Apr-18,66.80500201,4566.414641,3129.253829,10586.5,10628.4,10559.65,10617.8,10560.06,10545.47254
27-Apr-18,66.62000158,4541.450133,3119.92038,10651.65,10719.8,10647.55,10692.3,10581.23,10572.16845
30-Apr-18,66.45999823,4528.864442,3102.997806,10705.75,10759,10704.6,10739.35,10602.33,10602.56509
2-May-18,66.68999927,4503.231814,3095.898554,10783.85,10784.65,10689.8,10718.05,10619.265,10623.56235
3-May-18,66.67000017,4529.171504,3100.929038,10720.15,10720.6,10647.45,10679.65,10634.61,10633.7601
4-May-18,66.82000075,4611.234745,3105.551484,10700.45,10700.45,10601.6,10618.25,10639.905,10630.94008
7-May-18,67.13999918,4738.737974,3125.820528,10653.15,10725.65,10635.65,10715.5,10655.05,10646.31461
8-May-18,67.12999791,4650.393716,3117.265286,10757.9,10758.55,10689.4,10717.8,10668.36,10659.31196
9-May-18,67.34999976,4779.760107,3127.159695,10693.35,10766.25,10689.85,10741.7,10681.095,10674.2916
10-May-18,67.24500057,4790.181627,3137.569889,10779.65,10785.55,10705,10716.55,10695.695,10681.97495
11-May-18,67.35999864,4794.906296,3151.075147,10741.95,10812.05,10724.45,10806.5,10714.565,10704.61587
14-May-18,67.55999902,4779.539398,3150.638319,10815.15,10834.85,10774.75,10806.6,10725.995,10723.15844
15-May-18,68.07999836,4839.083955,3135.444951,10812.6,10929.2,10781.4,10801.85,10732.245,10737.46599
16-May-18,67.77500028,4820.047166,3104.635531,10751.95,10790.45,10699.7,10741.1,10734.55,10738.12672
17-May-18,67.76500182,4865.563585,3094.882921,10775.6,10777.25,10664.5,10682.7,10734.855,10728.04914
18-May-18,67.99000139,4859.310837,3105.069336,10671.85,10674.95,10589.1,10596.4,10732.67,10704.11293
21-May-18,68.11500046,4892.235999,3102.131475,10616.7,10621.7,10505.8,10516.7,10712.79,10670.03785
22-May-18,68.02000169,4947.159087,3112.055793,10518.45,10558.6,10490.55,10536.7,10694.68,10645.79461
23-May-18,68.37000039,4916.136531,3126.406883,10521.1,10533.55,10417.8,10430.35,10663.545,10606.62286
24-May-18,68.33999888,4871.429552,3141.374414,10464.85,10535.15,10419.8,10513.85,10643.275,10589.75507
25-May-18,67.73000058,4702.358097,3132.478793,10533.05,10628.05,10524,10605.15,10623.14,10592.55415
28-May-18,67.40000115,4500.98942,3099.756359,10648.35,10709.8,10640.55,10688.65,10611.345,10610.02612
29-May-18,67.84000017,4537.233024,3123.087109,10689.4,10717.25,10616.1,10633.3,10594.49,10614.25773
30-May-18,67.44000116,4558.49894,3108.737417,10579,10648.7,10558.45,10614.35,10581.815,10614.27451
31-May-18,67.43000125,4556.81599,3115.070712,10670.1,10763.8,10620.4,10736.15,10587.16,10636.43369
1-Jun-18,66.99500023,4472.308674,3098.085383,10738.45,10764.75,10681.5,10696.2,10597.14,10647.30029
4-Jun-18,67.06999881,4389.289116,3092.557143,10765.95,10770.3,10618.35,10628.5,10608.32,10643.88206
5-Jun-18,67.09999846,4358.317417,3095.074498,10630.7,10633.15,10550.9,10593.15,10613.965,10634.65805
6-Jun-18,66.84000061,4361.173777,3094.566869,10603.45,10698.35,10587.5,10684.65,10639.395,10643.74749
7-Jun-18,67.41999977,4403.441269,3108.119029,10722.6,10818,10722.6,10768.35,10664.845,10666.40249
8-Jun-18,67.53000172,4443.925293,3122.999329,10736.4,10779.45,10709.05,10767.65,10681.095,10684.81113
11-Jun-18,67.47000048,4426.206611,3116.58522,10781.85,10850.55,10777.05,10786.95,10690.925,10703.38183
12-Jun-18,67.47999859,4475.704117,3114.915461,10816.15,10856.55,10789.4,10842.85,10711.88,10728.73968
13-Jun-18,67.64499824,4483.332117,3115.196865,10887.5,10893.25,10842.65,10856.7,10736.115,10752.0052
14-Jun-18,67.68999957,4513.774369,3134.688146,10832.9,10833.7,10773.55,10808.05,10743.305,10762.19516
15-Jun-18,68.06000006,4485.293734,3121.576021,10808.65,10834,10755.4,10817.7,10755.455,10772.28695
18-Jun-18,68.03999963,4417.930987,3097.778273,10830.2,10830.2,10787.35,10799.85,10772.59,10777.29841
19-Jun-18,68.31000034,4429.62581,3099.343249,10789.45,10789.45,10701.2,10710.45,10784.32,10765.14416
20-Jun-18,68.06000006,4474.90783,3083.935472,10734.65,10781.8,10724.05,10772.05,10793.06,10766.39976
21-Jun-18,67.94500205,4447.067652,3061.755611,10808.45,10809.6,10725.9,10741.1,10790.335,10761.79981
22-Jun-18,67.8700018,4575.875485,3061.165141,10742.7,10837,10710.45,10821.85,10795.755,10772.71802
25-Jun-18,68.11500046,4680.53874,3067.936383,10822.9,10831.05,10753.05,10762.45,10793.305,10770.85111
26-Jun-18,68.37000039,4715.66389,3055.898495,10742.7,10805.25,10732.55,10769.15,10785.935,10770.54182
27-Jun-18,68.63999797,4946.561105,3063.950781,10785.5,10785.5,10652.4,10671.4,10767.405,10752.51603
28-Jun-18,68.84000056,5041.627269,3061.31508,10660.8,10674.2,10557.7,10589.1,10745.51,10722.80403
29-Jun-18,68.45999916,5057.349305,3043.296986,10612.85,10723.05,10612.35,10714.3,10735.17,10721.25784
2-Jul-18,68.720002,5075.96386,3041.427281,10732.35,10736.15,10604.65,10657.3,10720.915,10709.62914
3-Jul-18,68.55000023,5086.236676,3040.567248,10668.6,10713.3,10630.25,10699.9,10719.86,10707.86021
4-Jul-18,68.68999929,5082.493699,3059.797625,10715,10777.15,10677.75,10769.9,10719.645,10719.14017
5-Jul-18,68.88000153,5080.788101,3062.496363,10786.05,10786.05,10726.25,10749.75,10720.51,10724.70559
6-Jul-18,68.80500229,5025.525275,3062.093124,10744.15,10816.35,10735.05,10772.65,10715.59,10733.42276
9-Jul-18,68.65999919,5054.931891,3069.03801,10838.3,10860.35,10807.15,10852.9,10724.635,10755.14589
10-Jul-18,68.75499892,5094.482336,3055.66505,10902.75,10956.9,10876.65,10947.25,10742.445,10790.07391
11-Jul-18,68.73000086,5005.236567,3042.047176,10956.4,10976.65,10923,10948.3,10770.135,10818.84229
12-Jul-18,68.5200002,4811.028093,3022.316787,11006.95,11078.3,10999.65,11023.2,10813.545,10855.99824
13-Jul-18,68.50000069,4833.30807,3012.837701,11056.9,11071.35,10999.75,11018.9,10844.005,10885.61674
16-Jul-18,68.55000023,4757.403881,3017.747372,11018.95,11019.5,10926.25,10936.85,10871.96,10894.93188
17-Jul-18,68.42999823,4632.631968,2994.245061,10939.65,11018.5,10925.6,11008.05,10902.775,10915.49881
18-Jul-18,68.62499999,4639.737935,2972.165669,11060.2,11076.2,10956.3,10980.45,10923.83,10927.30812
19-Jul-18,69.0200002,4731.104862,2979.222899,10999.5,11006.5,10935.45,10957.1,10944.565,10932.72482
20-Jul-18,68.7399979,4707.017076,2985.359796,10963.5,11030.25,10946.2,11010.2,10968.32,10946.81122
23-Jul-18,68.84500051,4729.258173,2991.316209,11019.85,11093.4,11010.95,11084.75,10991.505,10971.891
24-Jul-18,68.94700141,4720.235067,2988.196623,11109,11143.4,11092.5,11134.3,11010.21,11001.41991
25-Jul-18,68.73000086,4746.148082,2992.963543,11148.4,11157.15,11113.25,11132,11028.58,11025.16174
26-Jul-18,68.65999919,4778.357595,2988.37522,11132.95,11185.85,11125.7,11167.3,11042.99,11051.00506
27-Jul-18,68.60500033,4755.954845,2977.84779,11232.75,11283.4,11210.25,11278.35,11068.935,11092.34051
30-Jul-18,68.60500033,4799.171022,2979.76442,11296.65,11328.1,11261.45,11319.55,11107.205,11133.65132
31-Jul-18,68.45999916,4750.076687,2978.238015,11311.05,11366,11267.75,11356.5,11142.05,11174.16926
1-Aug-18,68.34999957,4649.90639,2975.402349,11359.8,11390.55,11313.55,11346.2,11178.625,11205.44758
2-Aug-18,68.62499999,4671.365072,2970.126468,11328.9,11328.9,11234.95,11244.7,11207.385,11212.58438
3-Aug-18,68.54500075,4714.858516,2962.796169,11297.8,11368,11294.55,11360.8,11242.445,11239.53268
6-Aug-18,68.8299981,4767.111176,2965.537489,11401.5,11427.65,11370.6,11387.1,11272.68,11266.3631
7-Aug-18,68.63000173,4766.567071,2966.681203,11423.15,11428.95,11359.7,11389.45,11298.195,11288.74254
8-Aug-18,68.65999919,4654.378844,2962.778612,11412.5,11459.95,11379.3,11450,11329.995,11318.06207
9-Aug-18,68.76000071,4601.975185,2966.857238,11493.25,11495.2,11454.1,11470.7,11360.335,11345.81442
10-Aug-18,68.88999955,4629.32376,2971.3885,11474.95,11478.75,11419.65,11429.5,11375.45,11361.02998
13-Aug-18,70.01999911,4681.872414,2982.21704,11369.6,11406.3,11340.3,11355.75,11379.07,11360.06999
14-Aug-18,69.96000107,4731.312533,2972.704626,11381.7,11452.45,11370.8,11435.1,11386.93,11373.71181
16-Aug-18,70.08999766,4572.640712,2941.51388,11397.15,11449.85,11366.25,11385.05,11390.815,11375.7733
17-Aug-18,70.10000116,4612.349365,2936.892063,11437.15,11486.45,11431.8,11470.75,11413.42,11393.04179
20-Aug-18,69.81999846,4597.733792,2946.367276,11502.1,11565.3,11499.65,11551.75,11432.515,11421.89783
21-Aug-18,69.85999986,4615.908866,2957.591101,11576.2,11581.75,11539.6,11570.9,11450.895,11448.98913
23-Aug-18,70.10499906,4762.644966,2962.199374,11620.7,11620.7,11546.7,11582.75,11470.225,11473.30929
24-Aug-18,69.97000176,4822.196974,2974.579246,11566.6,11604.6,11532,11557.1,11480.935,11488.54396
27-Aug-18,70.16500001,4819.032064,2998.806475,11605.85,11700.95,11595.6,11691.95,11503.06,11525.52688
28-Aug-18,70.10000116,4833.493363,3012.465583,11731.95,11760.2,11710.5,11738.5,11533.96,11564.24927
29-Aug-18,70.5349988,4883.35461,3013.527726,11744.95,11753.2,11678.85,11691.9,11567.575,11587.45849
30-Aug-18,70.74499789,4964.237706,3020.728237,11694.75,11698.8,11639.7,11676.8,11591.745,11603.7024
31-Aug-18,71.00500124,4970.219852,3024.803388,11675.85,11727.65,11640.1,11680.5,11621.29,11617.6656
3-Sep-18,71.21499765,4976.02549,3021.056766,11751.8,11751.8,11567.4,11582.35,11632.45,11611.24458
4-Sep-18,71.58499999,5042.926266,3022.298518,11598.75,11602.55,11496.85,11520.3,11629.305,11594.7092
5-Sep-18,71.7550003,4956.7887,3035.601535,11514.85,11542.65,11393.85,11476.95,11619.91,11573.29844
6-Sep-18,71.9499982,4912.822561,3057.729941,11514.15,11562.25,11436.05,11536.9,11615.325,11566.68054
7-Sep-18,71.78999817,4858.588242,3048.213594,11558.25,11603,11484.4,11589.1,11618.525,11570.75681
10-Sep-18,72.45500001,4936.076464,3063.828744,11570.25,11573,11427.3,11438.1,11593.14,11546.63739
11-Sep-18,72.63999907,4967.786426,3065.735501,11476.85,11479.4,11274,11287.5,11548.04,11499.5215
12-Sep-18,72.16000066,5075.638626,3058.786824,11340.1,11380.75,11250.2,11369.9,11515.84,11475.95395
14-Sep-18,71.87999836,4947.511634,3052.782611,11443.5,11523.25,11430.55,11515.2,11499.68,11483.0896
17-Sep-18,72.53999819,5011.726981,3071.639856,11464.95,11464.95,11366.9,11377.75,11469.405,11463.93694
18-Sep-18,72.71000212,5055.590122,3080.344629,11381.55,11411.45,11268.95,11278.9,11439.06,11430.29386
19-Sep-18,72.35999968,5100.73901,3080.041026,11326.65,11332.05,11210.9,11234.35,11410.465,11394.66771
21-Sep-18,72.24000209,5126.599308,3072.470358,11271.3,11346.8,10866.45,11143.1,11377.08,11348.92812
24-Sep-18,72.6699982,5253.943001,3081.92053,11164.4,11170.15,10943.6,10967.4,11320.13,11279.55937
25-Sep-18,72.68499913,5275.761727,3086.057808,10969.95,11080.6,10882.85,11067.45,11267.965,11240.99403
26-Sep-18,72.59999833,5236.881372,3075.815783,11145.55,11145.55,10993.05,11053.8,11229.535,11206.95875
27-Sep-18,72.56999903,5248.948779,3055.795775,11079.8,11089.45,10953.35,10977.55,11198.54,11165.24807
28-Sep-18,72.51000112,5284.061294,3048.510955,11008.1,11034.1,10850.3,10930.45,11154.595,11122.55751
1-Oct-18,72.92499759,5404.678659,3079.177983,10930.9,11035.65,10821.55,11008.3,11103.905,11101.78342
3-Oct-18,73.34499763,5538.107349,3131.841115,10982.7,10989.05,10843.75,10858.25,11051.955,11057.50462
4-Oct-18,73.62999792,5574.232905,3140.812026,10754.7,10754.7,10547.25,10599.25,10983.99,10974.1856
5-Oct-18,73.7699996,5528.748592,3151.690882,10514.1,10540.65,10261.9,10316.45,10892.2,10854.59731
8-Oct-18,74.06499974,5471.257839,3134.000458,10310.15,10398.35,10198.4,10348.05,10812.695,10762.4978
9-Oct-18,74.34000203,5546.859145,3132.518043,10390.3,10397.6,10279.35,10301.05,10746.06,10678.5982
10-Oct-18,74.25000258,5501.89748,3133.970992,10331.85,10482.35,10318.25,10460.1,10685.325,10638.87125
11-Oct-18,74.0499996,5320.975078,3171.260766,10169.8,10335.95,10138.6,10234.65,10603.41,10565.37648
12-Oct-18,73.60999848,5264.377461,3183.770412,10331.55,10492.45,10322.15,10472.5,10552.905,10548.48985
15-Oct-18,73.7699996,5285.012623,3214.586508,10524.2,10526.3,10410.15,10512.5,10511.11,10541.94624
16-Oct-18,73.46500025,5261.121896,3203.085212,10550.15,10604.9,10525.3,10584.75,10468.755,10549.72874
17-Oct-18,73.59999741,5210.150754,3191.553872,10688.7,10710.15,10436.45,10453.05,10428.235,10532.15079
19-Oct-18,73.37500055,5087.877876,3193.541382,10339.7,10380.1,10249.6,10303.55,10398.665,10490.58701
22-Oct-18,73.55999866,5101.285155,3186.1644,10405.85,10408.55,10224,10245.25,10391.545,10445.98028
23-Oct-18,73.55000036,4984.507574,3213.956284,10152.6,10222.1,10102.35,10146.8,10371.42,10391.58386
24-Oct-18,73.22999799,4916.916187,3191.553872,10278.15,10290.65,10126.7,10224.75,10363.79,10361.25043
25-Oct-18,73.22999799,4920.387196,3196.890065,10135.05,10166.6,10079.3,10124.9,10330.27,10318.27763
26-Oct-18,73.45999747,4918.810407,3205.354224,10122.35,10128.85,10004.55,10030,10309.805,10265.86351
29-Oct-18,73.40000109,4945.303581,3193.286435,10078.1,10275.3,10020.35,10250.85,10287.64,10263.13378
30-Oct-18,73.68000068,4887.703214,3184.906093,10239.4,10285.1,10175.35,10198.4,10256.23,10251.36401
31-Oct-18,73.96000036,4916.813243,3180.519951,10209.55,10396,10105.1,10386.6,10236.415,10275.95237
1-Nov-18,73.45500077,4735.029323,3184.652523,10441.7,10441.9,10341.9,10380.45,10229.155,10294.95194
2-Nov-18,72.4399994,4613.555962,3170.737894,10462.3,10606.95,10457.7,10553,10254.1,10341.86977
5-Nov-18,73.08000199,4626.931039,3177.801152,10558.75,10558.8,10477,10524,10281.975,10374.98435
6-Nov-18,72.95499844,4565.749907,3176.902647,10552,10600.25,10491.45,10530,10320.295,10403.16902
7-Nov-18,72.45000262,4563.353931,3161.385572,10614.45,10616.45,10582.3,10598.4,10357.66,10438.66556
9-Nov-18,72.48000259,4357.452472,3117.051519,10614.7,10619.55,10544.85,10585.2,10403.69,10465.30819
12-Nov-18,72.8599998,4440.533353,3111.106963,10607.8,10645.5,10464.05,10482.2,10448.91,10468.37942
13-Nov-18,72.61500201,4223.709674,3084.496703,10451.9,10596.25,10440.55,10582.5,10482.075,10489.12862
14-Nov-18,72.30999933,4065.002922,3068.755466,10634.9,10651.6,10532.7,10576.3,10519.865,10504.97796
15-Nov-18,71.91499935,4069.951548,3085.610257,10580.6,10646.5,10557.5,10616.7,10542.875,10525.29106
16-Nov-18,71.97999993,4118.273855,3098.863027,10644,10695.15,10631.15,10682.2,10573.05,10553.81996
19-Nov-18,71.61000048,4059.552635,3090.84615,10731.25,10774.7,10688.8,10763.4,10594.09,10591.92542
20-Nov-18,71.43000003,3990.961916,3088.831711,10740.1,10740.85,10640.85,10656.2,10607.31,10603.61171
21-Nov-18,71.30499986,3904.163849,3081.531151,10670.95,10671.3,10562.35,10600.05,10614.315,10602.96412
22-Nov-18,70.69000228,3850.875607,3076.430848,10612.65,10646.25,10512,10526.75,10607.15,10589.10701
26-Nov-18,70.81999999,3650.834901,3061.615002,10568.3,10637.8,10489.75,10628.6,10611.49,10596.28755
27-Nov-18,70.78499927,3658.798992,3055.87048,10621.45,10695.15,10596.35,10685.6,10631.83,10612.52618
28-Nov-18,70.64000195,3650.907167,3038.386981,10708.75,10757.8,10699.85,10728.85,10646.465,10633.67597
29-Nov-18,69.77999901,3562.519543,3033.842513,10808.7,10883.05,10782.35,10858.7,10674.705,10674.58943
30-Nov-18,69.649999,3555.671633,3025.032141,10892.1,10922.45,10835.1,10876.75,10700.71,10711.34589
3-Dec-18,70.44000136,3741.880368,3072.121115,10930.7,10941.2,10845.35,10883.75,10720.865,10742.6921
4-Dec-18,70.52999909,3789.307117,3102.150721,10877.1,10890.95,10833.35,10869.5,10731.475,10765.74808
5-Dec-18,70.55999801,3772.258351,3097.855045,10820.45,10821.05,10747.95,10782.9,10744.145,10768.86661
6-Dec-18,70.85000021,3652.981402,3119.638122,10718.15,10722.65,10588.25,10601.15,10744.255,10738.37268
7-Dec-18,70.8600009,3725.720494,3132.243313,10644.8,10704.55,10599.35,10693.7,10760.95,10730.25037
10-Dec-18,72.51999739,3747.352185,3185.362622,10508.7,10558.85,10474.95,10488.45,10746.935,10686.28667
11-Dec-18,72.29099787,3729.761253,3188.429826,10350.05,10567.15,10333.85,10549.15,10733.29,10661.35273
12-Dec-18,71.8399991,3772.486779,3178.316255,10591,10752.2,10560.8,10737.6,10734.165,10675.21587
13-Dec-18,71.53000097,3678.822699,3159.777299,10810.75,10838.6,10749.5,10791.55,10727.45,10696.36753
14-Dec-18,71.92000079,3749.445968,3156.336503,10784.5,10815.75,10752.1,10805.45,10720.32,10716.20071
17-Dec-18,71.61000048,3656.258402,3149.298809,10853.2,10900.35,10844.85,10888.35,10720.78,10747.50058
18-Dec-18,70.61999768,3453.050539,3133.597809,10850.9,10915.4,10819.1,10908.7,10724.7,10776.80956
19-Dec-18,70.27899778,3339.023859,3117.751228,10930.55,10985.15,10928,10967.3,10743.14,10811.44419
20-Dec-18,69.98000042,3280.122373,3113.945493,10885.2,10962.55,10880.05,10951.7,10778.195,10836.94525
21-Dec-18,70.13999944,3235.87275,3126.455756,10944.25,10963.65,10738.65,10754,10784.225,10821.86429
24-Dec-18,70.10499906,3169.17252,3138.377333,10780.9,10782.3,10649.25,10663.5,10801.73,10793.07078
26-Dec-18,70.06999923,3093.101605,3160.086839,10635.45,10747.5,10534.55,10729.85,10819.8,10781.5761
27-Dec-18,70.36099907,3208.158704,3166.440794,10817.9,10834.2,10764.45,10779.8,10824.02,10781.25317
28-Dec-18,69.93299929,3185.077233,3165.969626,10820.95,10893.6,10817.15,10859.9,10830.855,10795.55259
31-Dec-18,69.56999897,3202.915851,3145.771925,10913.2,10923.55,10853.2,10862.55,10836.565,10807.73394
1-Jan-19,69.45300067,3182.176019,3141.463231,10881.7,10923.6,10807.1,10910.1,10838.74,10826.34595
2-Jan-19,70.0000014,3213.679411,3159.67746,10868.85,10895.35,10735.05,10792.5,10827.12,10820.19214
3-Jan-19,70.10999768,3269.449173,3182.392459,10796.8,10814.05,10661.25,10672.25,10797.615,10793.29357
4-Jan-19,69.55000106,3364.208928,3166.130008,10699.7,10741.05,10628.65,10727.35,10775.18,10781.30383
7-Jan-19,69.80299918,3428.063357,3163.025497,10804.85,10835.95,10750.15,10771.8,10776.96,10779.57586
8-Jan-19,70.13999944,3457.488337,3165.829305,10786.25,10818.45,10733.25,10802.15,10790.825,10783.68025
9-Jan-19,70.55999801,3611.347117,3183.932603,10862.4,10870.4,10749.4,10855.15,10803.355,10796.67475
10-Jan-19,70.42000108,3667.735426,3202.962099,10859.35,10859.35,10801.8,10821.6,10807.535,10801.20661
11-Jan-19,70.39900112,3690.989685,3200.112644,10834.75,10850.15,10739.4,10794.95,10801.04,10800.06905
14-Jan-19,70.76000062,3621.38524,3213.346958,10807,10808,10692.35,10737.6,10788.545,10788.71104
15-Jan-19,71.09999802,3657.854589,3219.834179,10777.55,10896.95,10777.55,10886.8,10786.215,10806.5454
16-Jan-19,70.97999812,3696.694223,3225.619158,10899.65,10928.15,10876.9,10890.3,10795.995,10821.77351
17-Jan-19,71.05000179,3678.54717,3231.132609,10920.85,10930.65,10844.65,10905.2,10819.29,10836.94196
18-Jan-19,71.2100025,3779.121791,3218.486989,10914.85,10928.2,10852.2,10906.95,10837.25,10849.67069
21-Jan-19,71.18800175,3872.687956,3208.398303,10919.35,10987.45,10885.75,10961.85,10856.255,10870.06693
22-Jan-19,71.26000081,3791.856335,3213.140459,10949.8,10949.8,10864.15,10922.75,10868.315,10879.64567
23-Jan-19,71.18999849,3786.036398,3215.69258,10931.05,10944.8,10811.95,10831.5,10865.95,10870.89191
24-Jan-19,71.00000021,3756.938528,3206.433388,10844.05,10866.6,10798.65,10849.8,10868.77,10867.05702
25-Jan-19,70.90000179,3808.155317,3220.601544,10859.75,10931.7,10756.45,10780.55,10867.33,10851.32847
28-Jan-19,71.06999791,3733.080922,3253.037524,10792.45,10804.45,10630.95,10661.55,10859.725,10816.82329
29-Jan-19,71.39000043,3770.193736,3275.016211,10653.7,10690.35,10583.65,10652.2,10836.265,10786.89179
30-Jan-19,71.23500049,3855.102631,3292.907407,10702.25,10710.2,10612.85,10651.8,10812.415,10762.32964
31-Jan-19,70.96000226,3892.635183,3308.114474,10690.55,10838.05,10678.55,10830.95,10804.99,10774.80607
1-Feb-19,71.43500058,3873.105802,3325.098174,10851.35,10983.45,10813.45,10893.65,10803.66,10796.41406
4-Feb-19,71.71000246,3930.918569,3341.922073,10876.75,10927.9,10814.15,10912.25,10798.7,10817.47514
5-Feb-19,71.53000097,3905.0737,3341.497726,10908.65,10956.7,10886.7,10934.35,10799.86,10838.72511
6-Feb-19,71.550002,3843.830343,3337.070853,10965.1,11072.6,10962.7,11062.45,10822.955,10879.40237
7-Feb-19,71.30000225,3805.215439,3314.627784,11070.45,11118.1,11043.6,11069.4,10844.915,10913.94739
8-Feb-19,71.17500032,3750.194366,3315.012365,11023.5,11041.2,10925.45,10943.6,10861.22,10919.33877
11-Feb-19,71.14000217,3707.498911,3305.45731,10930.9,10930.9,10857.1,10888.8,10883.945,10913.78627
12-Feb-19,70.5349988,3775.6076,3294.556404,10879.7,10910.9,10823.8,10831.4,10901.865,10898.80695
13-Feb-19,70.87500222,3820.408528,3297.065612,10870.55,10891.65,10772.1,10793.65,10916.05,10879.6875
14-Feb-19,71.01999845,3845.527757,3300.417173,10786.1,10792.7,10718.75,10746.05,10907.56,10855.38977
15-Feb-19,71.32999847,3925.931614,3330.857396,10780.25,10785.75,10620.4,10724.4,10890.635,10831.57345
18-Feb-19,71.3869987,4004.222559,3356.72974,10738.65,10759.9,10628.4,10640.95,10863.505,10796.91464
19-Feb-19,71.30000225,4000.325285,3374.092369,10636.7,10722.85,10585.65,10604.35,10830.505,10761.90289
20-Feb-19,71.00999792,4041.038244,3391.129483,10655.45,10752.7,10646.4,10735.45,10797.805,10757.09327
21-Feb-19,71.16500168,4075.883153,3364.782837,10744.1,10808.85,10721.5,10789.85,10769.85,10763.04904
22-Feb-19,71.035002,4091.334598,3344.459234,10782.7,10801.55,10758.4,10791.65,10754.655,10768.24922
25-Feb-19,70.83400094,4005.404564,3343.262824,10813.25,10887.1,10788.05,10880.1,10753.785,10788.58572
26-Feb-19,70.96000226,3960.173044,3344.772455,10775.3,10888.75,10729.3,10835.3,10754.175,10797.07923
27-Feb-19,71.19999909,4043.238315,3347.941518,10881.2,10939.7,10751.2,10806.65,10755.475,10798.81937
28-Feb-19,70.84000233,4049.725836,3321.420505,10865.7,10865.7,10784.85,10792.5,10760.12,10797.67039
1-Mar-19,71.00000021,4049.641972,3286.759945,10842.65,10877.9,10823.1,10863.5,10774.03,10809.63941
5-Mar-19,70.49000209,4004.611977,3220.238555,10864.85,10994.9,10817,10987.45,10808.68,10841.96861
6-Mar-19,70.08000193,3940.16028,3209.13963,11024.85,11062.3,10998.85,11053,10853.545,10880.33795
7-Mar-19,70.11599991,3967.849109,3188.511157,11077.95,11089.05,11027.1,11058.2,10885.82,10912.67651
8-Mar-19,70.01199866,3888.739972,3210.489311,11038.85,11049,11008.95,11035.4,10910.375,10934.98987
11-Mar-19,69.85000131,3960.398556,3206.320299,11068.75,11180.9,11059.85,11168.05,10948.015,10977.36444
12-Mar-19,69.62500044,3984.618616,3198.434047,11231.35,11320.4,11227,11301.2,10990.125,11036.24363
13-Mar-19,69.52899943,4016.61174,3222.531943,11326.2,11352.3,11276.6,11341.7,11040.765,11091.78115
14-Mar-19,69.36500225,4060.148952,3197.063817,11382.5,11383.45,11313.75,11343.25,11094.425,11137.50276
15-Mar-19,68.96300128,4038.119101,3186.854861,11376.85,11487,11370.8,11426.85,11157.86,11190.11135
18-Mar-19,68.62499999,4027.42174,3168.618007,11473.85,11530.15,11412.5,11462.2,11217.73,11239.58201
19-Mar-19,69.01499862,4070.820035,3186.946268,11500.3,11543.85,11451.25,11532.4,11272.225,11292.82165
20-Mar-19,68.78999837,4101.766174,3181.177608,11553.35,11556.1,11503.1,11521.05,11319.03,11334.31771
22-Mar-19,69.16999807,4099.994086,3202.32617,11549.2,11572.8,11434.55,11456.9,11358.9,11356.6054
25-Mar-19,68.88999955,4067.506167,3220.103752,11395.65,11395.65,11311.6,11354.25,11390.785,11356.17715
26-Mar-19,68.9959992,4137.360891,3214.617509,11375.2,11496.75,11352.45,11483.25,11422.305,11379.2813
27-Mar-19,69.10000014,4133.354586,3211.840127,11531.45,11546.2,11413,11445.05,11436.69,11391.23925
28-Mar-19,69.18999823,4090.120912,3192.267052,11463.65,11588.5,11452.45,11570,11459.52,11423.7412
29-Mar-19,69.18500069,4169.537283,3177.478036,11625.45,11630.35,11570.15,11623.9,11487.585,11460.13371
1-Apr-19,69.20499995,4231.930005,3187.281472,11665.2,11738.1,11644.75,11669.15,11511.815,11498.13667
2-Apr-19,68.92000152,4296.496671,3175.449961,11711.55,11729.35,11655.85,11713.2,11536.915,11537.2391
3-Apr-19,68.44999906,4303.590107,3165.638889,11735.3,11761,11629.15,11643.95,11548.07,11556.64108
4-Apr-19,68.97999828,4317.183033,3172.810285,11660.2,11662.55,11559.2,11598,11555.765,11564.16088
5-Apr-19,69.16999807,4323.314425,3182.007656,11638.4,11689.65,11609.5,11665.95,11576.67,11582.66799
8-Apr-19,69.55499825,4442.962963,3217.586038,11704.35,11710.3,11549.1,11604.5,11601.695,11586.63745
9-Apr-19,69.28000067,4463.058322,3220.70527,11612.05,11683.9,11569.7,11671.95,11620.565,11602.14882
10-Apr-19,69.1499999,4460.319743,3218.590579,11646.85,11680.05,11571.75,11584.3,11634.49,11598.90358
11-Apr-19,69.0200002,4415.269806,3199.088899,11592.55,11606.7,11550.55,11596.7,11637.16,11598.50293
12-Apr-19,69.18999823,4447.945273,3189.690919,11612.85,11657.35,11578.8,11643.45,11639.115,11606.67513
15-Apr-19,69.39500051,4400.557549,3177.871843,11667,11704.6,11648.25,11690.35,11641.235,11621.88874
16-Apr-19,69.53000014,4416.177241,3169.280795,11736.2,11810.95,11731.55,11787.15,11648.63,11651.93624
18-Apr-19,69.39500051,4432.11145,3149.120293,11856.15,11856.15,11738.5,11752.8,11659.515,11670.27511
22-Apr-19,69.70000144,4591.300288,3167.79493,11727.05,11727.05,11583.95,11594.45,11659.16,11656.48872
23-Apr-19,69.76999901,4626.103191,3155.450093,11612.95,11645.95,11564.8,11575.95,11650.16,11641.84532
24-Apr-19,69.96000107,4632.489695,3165.077798,11601.5,11740.85,11578.85,11726.15,11662.325,11657.17344
25-Apr-19,70.17000227,4642.723711,3187.250996,11735.7,11796.75,11624.3,11641.8,11659.31,11654.37827
26-Apr-19,69.85000131,4469.877911,3191.625176,11683.75,11762.9,11661.75,11754.65,11676.345,11672.60949
30-Apr-19,69.64700114,4468.768525,3180.610995,11748.75,11756.25,11655.9,11748.15,11691.49,11686.34413
2-May-19,69.40999973,4326.334032,3140.950137,11725.55,11789.3,11699.55,11724.75,11699.62,11693.32702
3-May-19,69.09500127,4293.856575,3135.268003,11722.6,11770.9,11699.35,11712.25,11701.81,11696.76756
6-May-19,69.37999814,4267.304785,3158.310304,11605.8,11632.55,11571.35,11598.25,11682.92,11678.85528
7-May-19,69.64499786,4287.999672,3163.635903,11651.5,11657.05,11484.45,11497.9,11657.43,11645.95432
8-May-19,69.71999821,4304.805939,3180.074923,11478.7,11479.1,11346.95,11359.45,11633.93,11593.86262
9-May-19,70.20000121,4321.181702,3189.446759,11322.4,11357.6,11255.05,11301.8,11606.515,11540.76033
10-May-19,70.01499861,4334.213623,3190.342196,11314.15,11345.8,11251.05,11278.9,11561.79,11493.14936
13-May-19,70.57000167,4384.605105,3222.781196,11258.7,11300.2,11125.6,11148.2,11512.43,11430.43129
14-May-19,70.3320001,4334.051164,3236.225008,11151.65,11294.75,11108.3,11222.05,11459.17,11392.54379
15-May-19,70.24900039,4330.380463,3229.181467,11271.7,11286.8,11136.95,11157,11400.055,11349.71764
16-May-19,70.12999928,4406.300194,3211.850443,11180.35,11281.55,11143.35,11257.1,11353.29,11332.87807
17-May-19,70.28000044,4434.438096,3192.297624,11261.9,11426.15,11259.85,11407.15,11322.78,11346.38206
20-May-19,69.60900206,4394.033542,3147.851434,11651.9,11845.2,11591.7,11828.25,11345.78,11433.99441
21-May-19,69.64499786,4427.45598,3146.049034,11863.65,11883.55,11682.8,11709.1,11366.9,11484.01361
22-May-19,69.649999,4335.727742,3146.049034,11727.95,11784.8,11682.4,11737.9,11404.745,11530.17477
23-May-19,69.66500191,4145.262501,3155.858378,11901.3,12041.15,11614.5,11657.05,11440.27,11553.24299
24-May-19,69.37999814,4065.948116,3159.238244,11748,11859,11658.1,11844.1,11496.79,11606.12609
27-May-19,69.50400069,4084.442555,3166.119983,11855.5,11957.15,11812.4,11924.75,11574.445,11664.05771
28-May-19,69.61000023,4122.851092,3162.045337,11958.35,11958.55,11864.9,11928.75,11645.115,11712.18358
29-May-19,69.84500067,4052.237458,3176.085348,11905.8,11931.9,11836.8,11861.1,11715.525,11739.25929
30-May-19,69.82500039,4091.586668,3172.186271,11865.3,11968.55,11859.4,11945.9,11784.405,11776.83033
31-May-19,69.57999981,3860.339935,3209.211721,11999.8,12039.25,11829.45,11922.8,11835.97,11803.37027
3-Jun-19,69.17099804,3723.332466,3236.298322,11953.75,12103.05,11920.1,12088.55,11862,11855.22113
4-Jun-19,69.29099857,3687.472002,3252.878798,12052.65,12095.2,12005.85,12021.65,11893.255,11885.48092
6-Jun-19,69.16499864,3591.41613,3277.162764,12039.8,12039.8,11830.25,11843.75,11903.84,11877.89348
7-Jun-19,69.35500058,3709.347332,3288.781309,11865.2,11897.5,11769.5,11870.65,11925.2,11876.57649
10-Jun-19,69.53499929,3766.808208,3269.619351,11934.9,11975.05,11871.75,11922.7,11933.06,11884.96258
11-Jun-19,69.38499981,3726.843363,3258.985022,11959.85,12000.35,11904.35,11965.6,11937.145,11899.62393
12-Jun-19,69.37500199,3611.080618,3277.420539,11962.45,11962.45,11866.35,11906.2,11934.89,11900.81958
13-Jun-19,69.53000014,3648.373084,3286.036317,11873.9,11931.35,11817.05,11914.05,11940.185,11903.22511
14-Jun-19,69.83300206,3654.259228,3320.405886,11910.1,11911.85,11797.7,11823.3,11927.925,11888.69327
17-Jun-19,69.85000131,3653.123004,3301.583109,11844,11844.05,11657.75,11672.15,11902.86,11849.32177
18-Jun-19,69.61000023,3677.397497,3309.84447,11677.05,11727.2,11641.15,11691.5,11863.155,11820.6269
19-Jun-19,69.649999,3758.403852,3307.447048,11744.45,11802.5,11625.1,11691.45,11830.135,11797.14019
20-Jun-19,69.51999917,3917.8029,3385.320573,11653.65,11843.5,11635.05,11831.75,11828.935,11803.43288
21-Jun-19,69.6150012,4006.478022,3418.896927,11827.6,11827.95,11705.1,11724.1,11814.28,11789.00872
24-Jun-19,69.27299858,4011.31809,3435.942015,11725.8,11754,11670.2,11699.65,11791.975,11772.76168
25-Jun-19,69.33400116,4025.065704,3471.402586,11681,11814.4,11651,11796.45,11775.06,11777.06865
26-Jun-19,69.24499961,4119.023501,3430.461123,11768.15,11871.85,11757.55,11847.55,11769.195,11789.88344
27-Jun-19,69.08799835,4100.12689,3416.560753,11860.85,11911.15,11821.05,11841.55,11761.945,11799.27736
28-Jun-19,68.95000111,4100.628152,3429.27296,11861.15,11871.7,11775.5,11788.85,11758.5,11797.38148
1-Jul-19,68.8849978,4113.095895,3375.92627,11839.9,11884.65,11830.8,11865.6,11777.845,11809.78484
2-Jul-19,68.88999955,4015.947494,3384.736194,11890.3,11917.45,11814.7,11910.3,11799.725,11828.06033
3-Jul-19,68.79999868,3904.124733,3434.82084,11932.15,11945.2,11887.05,11916.75,11822.255,11844.18572
4-Jul-19,68.52700115,3910.28906,3421.821641,11928.8,11969.25,11923.65,11946.75,11833.755,11862.83377
5-Jul-19,68.44999906,3910.442656,3470.896533,11964.75,11981.75,11797.9,11811.15,11842.46,11853.43672
8-Jul-19,68.56599971,3966.956294,3468.00763,11770.4,11771.9,11523.3,11558.6,11828.355,11799.83005
9-Jul-19,68.56499835,3965.254645,3450.953326,11531.6,11582.55,11461,11555.9,11804.3,11755.47913
10-Jul-19,68.41900042,4065.308929,3463.683281,11536.15,11593.7,11475.65,11498.9,11769.435,11708.82838
11-Jul-19,68.40999974,4146.412999,3497.738712,11561.45,11599,11519.5,11582.9,11743.57,11685.93231
12-Jul-19,68.56000138,4142.870467,3483.59228,11601.15,11639.55,11538.6,11552.5,11719.935,11661.67189
15-Jul-19,68.54500075,4123.53524,3491.242219,11614.75,11618.4,11532.3,11588.35,11692.21,11648.34064
16-Jul-19,68.65000183,4068.250247,3491.559156,11596.65,11670.05,11573.95,11662.6,11667.44,11650.93325
17-Jul-19,68.84600058,3964.660169,3496.9559,11670.75,11706.65,11651.15,11687.5,11644.515,11657.58175
18-Jul-19,68.85499785,3871.947396,3513.814562,11675.6,11677.15,11582.4,11596.9,11609.53,11646.5487
19-Jul-19,68.85999998,3834.489791,3538.207332,11627.95,11640.35,11399.3,11419.25,11570.34,11605.22167
22-Jul-19,68.93000165,3895.741435,3520.506953,11392.85,11398.15,11301.25,11346.2,11549.1,11558.12682
23-Jul-19,69.03299819,3887.13212,3511.778505,11372.25,11398.15,11302.8,11331.05,11526.615,11516.84012
24-Jul-19,68.97999828,3938.403192,3514.345559,11322.45,11359.75,11229.8,11271.3,11503.855,11472.19646
25-Jul-19,69.04100048,3901.650538,3512.123852,11290.4,11361.4,11239.35,11252.15,11470.78,11432.18802
26-Jul-19,68.88000153,3878.623696,3494.988187,11247.45,11307.6,11210.05,11284.3,11443.96,11405.29929
29-Jul-19,68.75499892,3881.310371,3492.656689,11307.5,11310.95,11152.4,11189.2,11404.045,11366.00851
30-Jul-19,68.86200103,3950.285738,3501.24119,11213.7,11267.45,11072.65,11085.4,11346.325,11314.98878
1-Aug-19,69.01699916,3933.431106,3516.792685,11060.2,11076.75,10881,10980,11275.575,11254.08173
2-Aug-19,69.70000144,3858.764842,3604.408913,10930.3,11080.15,10848.95,10997.35,11215.62,11207.40323
5-Aug-19,70.82099809,3895.693324,3706.737737,10895.8,10895.8,10782.6,10862.6,11159.955,11144.71174
6-Aug-19,71.03999786,3891.645955,3724.838714,10815.4,11018.55,10813.8,10948.25,11120.16,11108.99142
7-Aug-19,71.14499763,3710.789617,3802.816366,10958.1,10975.65,10835.9,10855.5,11072.605,11062.90207
8-Aug-19,70.42000108,3708.024557,3786.27249,10899.2,11058.05,10842.95,11032.45,11048.72,11057.36533
9-Aug-19,70.92399784,3808.601959,3798.237618,11087.9,11181.45,11062.8,11109.65,11034.47,11066.87163
13-Aug-19,71.41800156,3964.5878,3825.11571,11139.4,11145.9,10901.6,10925.85,10998.625,11041.23134
14-Aug-19,71.27499926,3944.741904,3809.901171,11003.25,11078.15,10935.6,11029.4,10982.645,11039.08018
16-Aug-19,71.15500078,3910.170866,3798.872495,11043.65,11068.65,10924.3,11047.8,10978.885,11040.66561
19-Aug-19,71.45100194,3965.529893,3780.403898,11094.8,11146.9,11037.85,11053.9,10986.275,11043.07186
20-Aug-19,71.54899861,4020.311974,3794.260043,11063.9,11076.3,10985.3,11017,10988.24,11038.33152
21-Aug-19,71.43900152,4047.38815,3794.418411,11018.15,11034.2,10906.65,10918.7,10993.85,11016.58034
22-Aug-19,71.9300006,4012.215899,3810.176983,10905.3,10908.25,10718.3,10741.35,10973.16,10966.53846
23-Aug-19,71.51299763,3906.340987,3835.532372,10699.6,10862.55,10637.15,10829.35,10970.545,10941.5951
26-Aug-19,72.02500017,3922.102839,3905.532969,11000.3,11070.3,10756.55,11057.85,10973.085,10962.73236
27-Aug-19,71.54299935,3884.537987,3889.733826,11106.55,11141.75,11049.5,11105.35,10972.655,10988.66284
28-Aug-19,71.82899757,4023.973912,3912.378374,11101.3,11129.65,10987.65,11046.1,10984.68,10999.10596
29-Aug-19,71.68999925,4040.50924,3914.660403,10996.05,11021.1,10922.4,10948.3,10976.57,10989.86851
30-Aug-19,71.45299815,3997.381627,3880.631767,10987.8,11042.6,10874.8,11023.25,10974.115,10995.93787
3-Sep-19,72.16999961,3895.026003,3944.430858,10960.95,10967.5,10772.7,10797.9,10948.515,10959.93099
4-Sep-19,71.98900066,3985.143075,3962.389004,10790.4,10858.75,10746.35,10844.65,10931.28,10938.97081
5-Sep-19,71.92799835,4077.654325,3923.09171,10860.95,10920.1,10816,10847.9,10924.2,10922.41248
6-Sep-19,71.64500074,4001.175486,3870.568199,10883.8,10957.05,10867.45,10946.2,10944.685,10926.73748
9-Sep-19,71.77800212,4111.694016,3853.030023,10936.7,11028.85,10889.8,11003.05,10962.055,10940.61249
11-Sep-19,71.57700168,4100.981224,3818.047145,11028.5,11054.8,11011.65,11035.7,10959.84,10957.90112
12-Sep-19,70.96700205,3916.655237,3804.074925,11058.3,11081.75,10964.95,10982.8,10947.585,10962.42819
13-Sep-19,70.98500137,3911.303283,3777.490688,10986.8,11084.45,10945.75,11075.9,10950.565,10983.05943
16-Sep-19,71.57999892,4333.181532,3810.235053,10994.85,11052.7,10968.2,11003.5,10956.085,10986.7759
17-Sep-19,71.49000177,4353.610897,3810.990133,11000.1,11000.1,10796.5,10817.6,10935.52,10956.01664
18-Sep-19,71.14499763,4169.849277,3793.137456,10872.8,10885.15,10804.85,10840.65,10939.795,10935.04089
19-Sep-19,71.37499939,4184.694789,3777.890275,10845.2,10845.2,10670.25,10704.8,10925.81,10893.17891
24-Sep-19,70.97100111,4115.714784,3804.682804,11590.7,11655.05,11539.2,11588.2,10999.84,11019.54638
25-Sep-19,70.98799962,4008.996924,3804.784136,11564.85,11564.95,11416.1,11440.2,11049.24,11096.02886
26-Sep-19,70.96400053,3994.938828,3781.218687,11469.85,11610.85,11466.35,11571.2,11106.055,11182.42361
27-Sep-19,70.50899811,3954.10348,3778.361325,11556.35,11593.6,11499.75,11512.4,11153.725,11242.41932
30-Sep-19,70.64500229,3918.357622,3756.051939,11491.15,11508.25,11390.8,11474.45,11202.89,11284.60671
1-Oct-19,71.10999863,3864.098227,3754.416132,11515.4,11554.2,11247.9,11359.9,11231.29,11298.2964
3-Oct-19,71.03000179,3711.519629,3837.681426,11322.25,11370.4,11257.35,11314,11262.34,11301.1516
4-Oct-19,70.82500077,3750.963947,3836.680197,11388.45,11400.3,11158.35,11174.75,11298.055,11278.16949
7-Oct-19,70.97500062,3798.90099,3830.082232,11196.2,11233.85,11112.65,11126.4,11326.63,11250.57504
9-Oct-19,71.12000206,3780.153049,3844.202174,11152.95,11321.6,11090.15,11313.3,11387.48,11261.97958
10-Oct-19,70.99000028,3764.760607,3834.752831,11280.5,11293.35,11208.55,11234.55,11352.115,11256.99238
11-Oct-19,70.92399784,3860.651338,3797.732754,11257.7,11362.9,11189.4,11305.05,11338.6,11265.73013
14-Oct-19,71.23699987,3815.625698,3807.232218,11335.9,11420.45,11290.05,11341.15,11315.595,11279.44283
15-Oct-19,71.49999993,3806.682212,3820.818878,11360.85,11462.35,11342.1,11428.3,11307.185,11306.50777
16-Oct-19,71.3640023,3796.529588,3812.25411,11464.95,11481.05,11411.1,11464,11306.14,11335.14272
17-Oct-19,71.12999818,3779.593906,3812.893681,11466.3,11599.1,11439.65,11586.35,11328.785,11380.81677
18-Oct-19,71.09000022,3846.405176,3809.959233,11580.3,11684.7,11553.15,11661.85,11363.57,11431.91372
22-Oct-19,70.80899776,3840.254662,3789.227983,11657.15,11714.35,11573.65,11588.35,11404.93,11460.35668
23-Oct-19,70.72499914,3877.930143,3805.044728,11596.2,11651.6,11554.4,11604.1,11452.7,11486.49183
24-Oct-19,70.96499765,3980.032921,3817.347554,11661.65,11679.6,11534.65,11582.6,11479.63,11503.96604
25-Oct-19,70.81999999,3979.51638,3841.499721,11646.15,11646.9,11490.75,11583.9,11514.565,11518.49949
29-Oct-19,70.88999985,3921.444914,3791.152965,11643.95,11809.4,11627.35,11786.85,11562.745,11567.29049
30-Oct-19,70.95299882,3914.502828,3801.009548,11883.9,11883.95,11784.45,11844.1,11613.04,11617.61949
31-Oct-19,70.97999812,3875.189583,3836.547721,11890.45,11945,11855.1,11877.45,11657.955,11664.8614
4-Nov-19,70.78899789,4016.938516,3843.108921,11928.9,11989.15,11905.35,11941.3,11705.685,11715.12297
5-Nov-19,70.77499969,4028.816349,3817.8868,11974.6,11978.95,11861.9,11917.2,11738.77,11751.86425
6-Nov-19,71.00999792,4044.989971,3808.682272,11911.5,12002.9,11850.25,11966.05,11769.19,11790.80711
7-Nov-19,71.0469983,4055.695942,3790.822419,12021.1,12021.4,11946.85,12012.05,11811.56,11831.03309
8-Nov-19,71.35999957,4028.308606,3771.706169,11987.15,12034.15,11888.75,11908.15,11841.965,11845.05435
11-Nov-19,71.56999886,4056.800153,3771.250999,11879.2,11932.65,11853.95,11913.45,11875.05,11857.48992
13-Nov-19,72.14999927,4088.636335,3799.276618,11908.3,11946.8,11823.2,11840.45,11900.705,11854.39175
14-Nov-19,71.96599808,4130.1639,3816.677353,11858.75,11895.65,11802.65,11872.1,11909.23,11857.61143
15-Nov-19,71.65000064,4092.093532,3799.363227,11904.2,11973.65,11879.25,11895.45,11914.365,11864.49117
18-Nov-19,71.94499776,4118.216038,3799.420968,11915.15,11946.2,11867.6,11884.5,11915.07,11868.12914
19-Nov-19,71.82999851,4044.67724,3810.409276,11919.45,11958.85,11881.75,11940.1,11914.95,11881.21475
20-Nov-19,71.74600136,4030.746003,3817.230981,12004.75,12038.6,11966.05,11999.1,11923.14,11902.64843
21-Nov-19,71.75000118,4129.446339,3806.464137,12025.65,12028.2,11956.9,11968.4,11923.375,11914.60326
22-Nov-19,71.79199791,4181.473866,3801.341874,11967.3,11968.1,11883.5,11914.4,11913.61,11914.56631
25-Nov-19,71.68900221,4144.525639,3777.590577,11922.45,12084.5,11919.75,12073.75,11930.17,11943.5088
26-Nov-19,71.48000129,4163.598053,3767.23037,12110.2,12132.45,12006.35,12037.7,11942.595,11960.63447
27-Nov-19,71.26000081,4153.488712,3761.420613,12068.5,12114.9,12055.15,12100.7,11968.62,11986.10093
28-Nov-19,71.50500006,4148.637428,3768.522287,12132.1,12158.8,12099.95,12151.15,11996.525,12016.10985
29-Nov-19,71.74900247,4079.330007,3786.602244,12146.2,12147.4,12017.4,12056.05,12012.585,12023.3717
2-Dec-19,71.6340024,4029.232828,3787.14718,12137.05,12137.15,12023.7,12048.2,12028.955,12027.88593
12-Dec-19,70.57000167,4185.641261,3774.411003,11944.3,12005.5,11934,11971.8,12032.125,12017.68849
13-Dec-19,70.79799894,4225.284437,3764.479128,12026.4,12098.85,12023.6,12086.7,12040.885,12030.23604
16-Dec-19,70.91499993,4261.695619,3786.688276,12131.35,12134.65,12046.3,12053.95,12049.44,12034.54767
